ProteinID,C1_1,C1_2,C2_1,C2_2,C3_1,C3_2,C4_1,C4_2
Q8BGE4,23000,22000,42000,40000,40000,35000,32000,31000
Q04211,18000,19000,51000,49000,20000,22000,18000,18000
P15037,20000,19000,46000,43000,66000,55000,25000,28000
O89113,5100,5700,8600,9200,9100,7600,7200,7000
F6TQW2,34000,30000,50000,52000,55000,55000,45000,49000
P05627,48000,52000,79000,86000,93000,83000,71000,68000
P12813,25000,24000,140000,140000,81000,84000,49000,54000
Q06219,7200,6500,13000,17000,16000,14000,8600,11000
Q9DCV5,16000,17000,25000,32000,17000,18000,18000,15000
P06804,8900,11000,22000,22000,19000,18000,16000,16000
Q9JM55,17000,18000,44000,42000,35000,31000,39000,39000
P22893,23000,24000,84000,83000,61000,63000,43000,42000
E9PUF5,120000,110000,120000,120000,180000,170000,150000,160000
P12023,18000,19000,19000,18000,37000,36000,33000,33000
Q80ZU0,24000,21000,30000,26000,40000,36000,30000,30000
Q60765,18000,18000,41000,47000,170000,140000,98000,100000
F6Q8P7,73000,67000,89000,82000,110000,110000,92000,99000
Q3TYW3,23000,24000,22000,23000,37000,33000,31000,31000
P25322,12000,13000,15000,18000,69000,67000,46000,50000
P30280,15000,14000,20000,18000,100000,90000,80000,74000
P27548,49000,50000,150000,130000,320000,290000,170000,170000
Q04735,48000,44000,38000,40000,75000,65000,65000,67000
Q8K0D0,93000,88000,82000,95000,160000,140000,140000,150000
Q9QYI6,15000,15000,20000,18000,27000,24000,20000,21000
Q05922,13000,13000,30000,41000,59000,44000,39000,39000
Q1HL35,18000,19000,23000,27000,49000,45000,46000,47000
P08152,8300,10000,12000,22000,27000,27000,26000,27000
Q8R4Z4,32000,33000,41000,37000,57000,52000,42000,41000
P01101,24000,26000,50000,65000,75000,69000,50000,54000
P47930,25000,26000,53000,66000,150000,140000,94000,97000
Q920B0,7800,9000,8500,9000,18000,19000,15000,16000
Q8C0V9,9700,11000,12000,9700,22000,26000,20000,20000
P29391,39000,43000,46000,45000,75000,66000,68000,71000
Q05915,25000,25000,36000,37000,74000,63000,65000,65000
Q9JJA9,2000,2400,2400,3100,9900,7500,7000,6800
Q9QZR5,12000,12000,10000,8800,19000,20000,17000,18000
Q62293,150000,150000,170000,150000,240000,250000,230000,230000
P09450,54000,55000,100000,130000,150000,130000,120000,130000
Q5NCY0,39000,38000,43000,56000,190000,160000,130000,130000
O54791,18000,18000,25000,37000,54000,47000,52000,54000
Q61532,18000,19000,17000,22000,32000,31000,27000,27000
F6Q785,19000,17000,33000,30000,37000,35000,34000,31000
P01108,19000,16000,34000,38000,70000,65000,59000,62000
Q9D659,120000,120000,120000,120000,180000,170000,150000,160000
Q8R0W6,12000,11000,18000,17000,31000,28000,29000,27000
Q2TB02,17000,19000,34000,36000,52000,47000,43000,42000
Q9QZB6,28000,29000,38000,43000,79000,71000,66000,63000
O35973,41000,40000,46000,45000,69000,64000,64000,66000
P06803,28000,29000,44000,37000,74000,69000,54000,57000
Q8VHQ3,15000,15000,13000,19000,42000,39000,33000,34000
Q99MK9-2,50000,47000,48000,52000,80000,78000,67000,71000
Q3U2C5,17000,15000,20000,20000,36000,34000,26000,28000
A2A7Q9,20000,19000,20000,22000,34000,33000,29000,29000
O88667,29000,29000,36000,45000,59000,54000,41000,42000
Q60898,24000,26000,26000,26000,49000,45000,40000,39000
Q8BHK6,21000,22000,30000,31000,90000,77000,79000,73000
P13609,47000,47000,65000,60000,86000,85000,89000,86000
Q7TNL3,17000,19000,19000,18000,32000,27000,28000,27000
B2RWW0,22000,20000,60000,57000,110000,100000,61000,63000
P0CAX8,24000,22000,52000,45000,71000,71000,45000,47000
Q4JK59,47000,34000,60000,51000,76000,69000,67000,71000
P70284,16000,15000,19000,19000,30000,28000,23000,23000
Q8C0Y1,16000,16000,20000,20000,30000,27000,24000,23000
Q61333,10000,10000,9300,9000,14000,15000,14000,12000
P02340,13000,11000,10000,14000,20000,20000,20000,20000
Q8C0R0,18000,20000,20000,19000,33000,30000,31000,31000
P23950,22000,22000,58000,52000,180000,140000,65000,74000
G3UW58,25000,24000,24000,24000,54000,48000,86000,88000
Q6PGK3,20000,21000,22000,20000,26000,26000,35000,34000
D3YZ60,30000,29000,31000,28000,34000,32000,60000,61000
E9QJR0,24000,22000,15000,13000,29000,28000,56000,63000
Q8C5X1,19000,19000,19000,18000,27000,26000,33000,32000
H3BIW7,6200,6800,6700,6400,9800,9000,11000,13000
Q3UTB2,21000,21000,24000,20000,26000,22000,38000,38000
Q9D2R0,97000,96000,98000,93000,150000,140000,200000,200000
J3QN89,85000,77000,85000,81000,140000,130000,200000,210000
Q8BGQ7,130000,120000,120000,120000,150000,140000,220000,220000
Q9CQF6,36000,36000,34000,36000,46000,43000,61000,62000
P06795,31000,30000,31000,30000,36000,36000,55000,55000
Q9DC29,28000,24000,30000,26000,28000,30000,42000,40000
O35379,36000,36000,37000,35000,45000,43000,59000,59000
E9Q236,25000,26000,26000,25000,29000,29000,39000,38000
P61222,170000,160000,120000,160000,190000,180000,230000,230000
Q6P542,51000,49000,28000,51000,63000,65000,100000,96000
Q99LE6,110000,100000,70000,110000,150000,140000,240000,240000
Q9QXM0,23000,22000,25000,23000,43000,43000,47000,44000
Q9DBL9,6100,5800,5900,5600,6500,6400,9300,8300
Q9QYL7,29000,25000,22000,53000,39000,32000,96000,90000
Q5SWU9,71000,71000,75000,70000,96000,87000,150000,150000
Q9D061,22000,23000,24000,21000,41000,36000,66000,70000
Q91V92,150000,150000,140000,150000,180000,180000,220000,230000
Q3V117,150000,150000,140000,150000,180000,180000,220000,230000
Q91V12,78000,77000,80000,80000,94000,91000,150000,160000
Q9QUJ7,63000,61000,69000,71000,130000,120000,140000,140000
O35598,35000,35000,29000,33000,43000,42000,60000,58000
Q9Z0F8,37000,38000,38000,37000,46000,45000,58000,58000
E9PXU2,37000,38000,38000,37000,45000,45000,58000,57000
P46664,140000,140000,140000,140000,180000,170000,250000,270000
Q9Z248,7800,7700,8700,8700,22000,19000,34000,32000
Q9CZI9,21000,21000,20000,20000,45000,40000,68000,70000
Q9D1E8,40000,39000,34000,36000,53000,49000,65000,66000
Q8BK64,150000,150000,150000,140000,180000,170000,220000,230000
Q8N9S3,74000,75000,76000,77000,85000,86000,110000,110000
P31230,150000,150000,140000,150000,170000,170000,220000,230000
Q8R010,60000,60000,56000,61000,77000,73000,96000,99000
Q9WUR9,10000,10000,9000,9900,13000,13000,24000,22000
Q8VCP8,21000,21000,24000,20000,54000,50000,92000,96000
O08715,17000,17000,16000,18000,30000,27000,65000,67000
Q8K023,18000,17000,18000,17000,20000,22000,27000,28000
Q8VC19,26000,29000,28000,26000,37000,36000,46000,45000
Q61490,25000,25000,28000,26000,55000,47000,110000,110000
E9Q3Q6,44000,37000,43000,44000,79000,73000,140000,160000
Q9D8F1,38000,38000,35000,40000,41000,40000,56000,56000
Q8K2U2,11000,12000,11000,12000,15000,15000,18000,18000
Q9D6Z0,24000,26000,29000,26000,30000,29000,40000,43000
Q80Y20,5700,5900,5400,6700,6800,7000,8400,9300
P09242,8900,8000,9000,9000,16000,15000,37000,37000
O08583,100000,100000,76000,80000,140000,140000,200000,210000
Q9JJW6,98000,97000,79000,93000,120000,120000,170000,170000
A2AH22,26000,27000,25000,26000,34000,34000,44000,43000
D3Z6H8,17000,16000,17000,15000,74000,62000,130000,140000
Q80UL9,15000,16000,16000,16000,29000,28000,36000,36000
Q8JZZ6,23000,23000,20000,25000,25000,24000,35000,35000
Q8K2H6,16000,15000,14000,16000,19000,18000,24000,26000
E9PUR0,86000,87000,66000,83000,110000,100000,120000,120000
Q6P1H6,75000,70000,65000,76000,81000,78000,110000,110000
Q3UX43,21000,24000,20000,21000,31000,30000,39000,40000
Q99NH0,83000,82000,67000,81000,120000,110000,160000,160000
Q8VE42,9600,10000,11000,9400,14000,12000,17000,17000
Q8BTI7,28000,29000,29000,29000,44000,41000,68000,68000
Q68G58,15000,15000,13000,17000,18000,15000,29000,30000
Q06335,14000,14000,14000,14000,22000,22000,24000,26000
E9Q414,51000,46000,57000,55000,78000,80000,91000,98000
Q9CQW7,30000,29000,28000,30000,34000,32000,61000,66000
Q9DAX9,41000,39000,47000,43000,66000,60000,69000,70000
Q5SSM3,35000,31000,27000,32000,37000,39000,43000,48000
O88848,38000,39000,38000,39000,41000,38000,62000,60000
Q5EBP3,8500,7300,9300,9200,11000,9800,13000,14000
Q8BHS6,19000,20000,20000,21000,26000,24000,34000,33000
Q91ZU1,30000,30000,34000,28000,51000,49000,65000,71000
Q9DAP7,52000,52000,57000,51000,54000,51000,76000,80000
Q61024,15000,15000,16000,16000,17000,17000,35000,36000
P59598,21000,21000,16000,20000,26000,24000,29000,28000
Q9D5T0,81000,81000,80000,84000,110000,100000,130000,140000
Q925I1,120000,120000,110000,120000,150000,140000,180000,180000
O35451,10000,11000,11000,9800,22000,18000,23000,23000
Q6KAU8,15000,15000,14000,15000,21000,18000,25000,26000
Q80XK6,47000,47000,47000,46000,60000,59000,73000,72000
Q8BGE6,78000,79000,80000,74000,98000,92000,130000,120000
Q6PA06,35000,32000,37000,36000,51000,49000,57000,60000
Q9Z1W8,160000,150000,140000,150000,190000,190000,210000,220000
Q8VDN2,160000,160000,150000,150000,190000,190000,230000,240000
P97370,160000,150000,140000,150000,180000,180000,230000,230000
Q9CR84,13000,13000,18000,12000,23000,19000,27000,27000
Q9R1Q9,63000,64000,67000,67000,77000,75000,100000,100000
Q9CYN9,32000,33000,34000,34000,38000,36000,55000,52000
P98195,27000,29000,32000,29000,33000,30000,46000,46000
D3YV00,30000,32000,34000,33000,36000,34000,47000,47000
P28658,110000,110000,130000,120000,160000,150000,230000,230000
O70305,78000,72000,62000,74000,95000,91000,120000,140000
Q7TQH0,150000,150000,140000,140000,180000,170000,220000,220000
Q7TQH0-2,150000,150000,140000,140000,180000,170000,220000,220000
A2AWT3,29000,29000,21000,21000,33000,32000,38000,38000
Q9DCJ7,30000,30000,31000,26000,43000,40000,61000,63000
Q9D9K3,74000,74000,63000,74000,80000,77000,110000,110000
Q9Z222,22000,22000,23000,23000,40000,37000,52000,52000
Q9JMK0,5400,5000,5900,4500,16000,14000,21000,22000
P97303,88000,89000,92000,88000,100000,95000,140000,150000
Q91YN9,21000,22000,23000,23000,24000,21000,37000,41000
Q8BKX1,33000,34000,31000,32000,41000,40000,48000,49000
O35284,15000,16000,18000,16000,18000,18000,29000,27000
P24288,18000,16000,16000,16000,29000,26000,75000,74000
Q8CBC8,19000,18000,16000,18000,30000,28000,65000,64000
Q9CWI3,94000,95000,96000,88000,110000,110000,140000,140000
Q64373,18000,16000,19000,18000,22000,21000,35000,33000
A2AQH4,5100,5000,3200,4600,8100,8200,8500,8700
Q6PAL0,35000,36000,35000,34000,64000,57000,85000,81000
O35185,18000,20000,19000,18000,29000,27000,45000,46000
Q8R2X8,8600,9600,11000,9200,15000,15000,17000,18000
P25916,81000,82000,82000,76000,97000,92000,150000,160000
Q6PGF5,52000,55000,38000,63000,58000,57000,110000,110000
Q91VL0,47000,41000,41000,43000,54000,60000,76000,79000
P97452,83000,85000,90000,82000,100000,100000,130000,140000
Q9DCA5,73000,66000,55000,68000,78000,73000,190000,180000
P18572,29000,28000,32000,30000,78000,63000,170000,160000
Q8R2Q8,34000,35000,31000,31000,68000,66000,110000,110000
E9QAE3,93000,89000,98000,92000,120000,110000,140000,140000
P58544,20000,19000,22000,20000,28000,26000,30000,31000
Q80X66,48000,47000,46000,48000,59000,57000,71000,70000
Q8C726,34000,34000,36000,37000,60000,55000,60000,61000
Q64152,100000,110000,98000,100000,160000,160000,270000,260000
Q7TSA3,45000,46000,50000,48000,66000,61000,85000,86000
Q3ULA2,41000,40000,45000,39000,60000,55000,69000,71000
O54825,100000,99000,91000,100000,140000,130000,170000,170000
Q9CQC6,150000,140000,150000,150000,230000,220000,260000,270000
Q9D6N1,6900,7400,7200,6700,8200,8000,11000,10000
Q9CXW3,160000,160000,140000,150000,200000,190000,290000,300000
B2RQC6,120000,120000,120000,120000,150000,140000,230000,230000
Q8CGU1,40000,40000,47000,41000,46000,52000,60000,62000
Q60865,110000,110000,80000,100000,170000,160000,280000,290000
Q9WVG6,96000,90000,110000,90000,110000,110000,140000,150000
Q9ER72,80000,79000,64000,78000,110000,99000,170000,180000
O70374,22000,21000,26000,23000,32000,29000,36000,36000
Q3TTA7,74000,74000,68000,69000,140000,130000,160000,180000
B9EKI5,74000,73000,67000,68000,140000,130000,160000,180000
Q8VEH6,34000,35000,39000,34000,47000,45000,75000,76000
Q8VE99,48000,50000,50000,49000,66000,61000,89000,89000
Q8BS39,25000,24000,23000,24000,29000,31000,36000,36000
Q810U5,34000,30000,30000,30000,40000,37000,82000,84000
E9Q6B2,5900,5800,6600,6900,11000,9300,14000,16000
Q9JJ89,64000,67000,47000,61000,97000,95000,170000,180000
Q9DBT3,20000,22000,25000,21000,32000,29000,46000,47000
O35710,5900,5800,6800,6600,13000,11000,17000,18000
Q6RUT7,20000,21000,23000,20000,28000,26000,36000,33000
P80314,140000,140000,150000,140000,160000,160000,210000,220000
P80318,220000,230000,200000,220000,260000,250000,330000,340000
Q61390,140000,140000,130000,140000,160000,160000,210000,220000
P80313,170000,170000,170000,170000,210000,200000,260000,250000
P42932,160000,160000,170000,160000,190000,190000,250000,260000
O54901,24000,19000,25000,28000,39000,36000,72000,66000
P41272,42000,44000,44000,40000,52000,47000,73000,75000
Q9EP73,9400,10000,11000,12000,36000,33000,45000,42000
P31041,70000,69000,56000,63000,59000,62000,110000,110000
Q76KJ5,20000,18000,15000,17000,33000,33000,66000,73000
P15379-10,89000,92000,95000,92000,110000,110000,170000,160000
Q61003,84000,78000,87000,90000,110000,100000,140000,150000
P37217,43000,39000,76000,78000,210000,190000,220000,240000
P40237,67000,69000,56000,57000,90000,86000,97000,92000
Q8CII2,16000,17000,18000,17000,22000,21000,39000,37000
A2A6Q5,64000,61000,46000,64000,70000,69000,98000,98000
Q9CWM2,21000,22000,26000,25000,38000,36000,41000,42000
Q9D0M2,27000,23000,24000,24000,41000,39000,94000,82000
P30285,32000,34000,33000,31000,60000,53000,95000,100000
Q8BTW8,35000,35000,30000,35000,36000,34000,59000,63000
Q64261,45000,45000,48000,45000,61000,59000,130000,130000
Q91WE6,36000,36000,29000,37000,40000,37000,61000,58000
P97817,5100,5300,4800,4300,10000,8800,12000,11000
Q4VAA2,94000,90000,77000,86000,120000,120000,170000,180000
A0A087WRM0,92000,89000,76000,84000,120000,120000,170000,180000
P53569,65000,63000,58000,58000,83000,76000,130000,130000
Q8BMK0,32000,32000,35000,31000,47000,44000,54000,55000
Q924Z4,74000,74000,75000,83000,81000,79000,110000,110000
E9Q1K1,25000,26000,22000,23000,27000,24000,37000,36000
Q9QWF0,20000,22000,22000,20000,19000,20000,40000,37000
Q9D0N7,37000,37000,39000,37000,34000,33000,67000,67000
Q91VN4,11000,10000,11000,10000,12000,9400,18000,16000
P40201,73000,68000,69000,75000,100000,95000,110000,110000
O35280,26000,25000,24000,26000,27000,27000,65000,70000
O54804,14000,14000,15000,15000,21000,20000,23000,20000
Q6IQX7,12000,13000,13000,12000,23000,22000,26000,25000
Q9CY57,20000,18000,18000,21000,34000,34000,64000,59000
Q8WTY4,100000,98000,110000,97000,120000,120000,160000,160000
Q8R2N2,80000,76000,81000,80000,120000,110000,160000,160000
P61025,33000,34000,26000,33000,57000,50000,130000,120000
P56390,36000,38000,35000,34000,48000,47000,62000,58000
Q80TV8,59000,57000,60000,59000,67000,64000,95000,97000
E0CY63,7000,6900,5700,6500,9900,9300,15000,13000
O35491,38000,37000,42000,38000,46000,47000,69000,68000
Q61189,75000,76000,79000,73000,92000,87000,130000,120000
Q60649,36000,38000,39000,35000,42000,41000,59000,57000
Q8VBZ3,66000,65000,67000,67000,100000,98000,160000,160000
Q9JHS4,60000,60000,54000,58000,67000,64000,95000,97000
Q5SW19,62000,62000,66000,63000,130000,110000,210000,210000
Z4YLI8,62000,62000,66000,64000,130000,110000,210000,210000
Q8BWQ4,29000,30000,28000,29000,48000,45000,65000,64000
Q3UJ81,12000,11000,11000,11000,13000,14000,17000,16000
Q69ZF7,39000,39000,42000,37000,55000,52000,63000,70000
Q9D8X5,55000,54000,58000,51000,69000,63000,90000,91000
Q9QZS0,33000,34000,31000,29000,56000,38000,69000,70000
Q8K297,20000,21000,22000,19000,41000,36000,67000,67000
Q8CFY5,12000,12000,14000,12000,14000,14000,21000,20000
Q6P8I6,6600,6100,7900,5800,7000,6800,9900,10000
Q8BJ03,25000,25000,26000,24000,25000,25000,38000,38000
Q8K0C8,47000,44000,47000,46000,71000,66000,91000,94000
Q61387,40000,35000,32000,38000,42000,42000,70000,69000
P62965,26000,28000,28000,28000,43000,38000,180000,200000
P22935,28000,30000,30000,32000,56000,49000,270000,300000
Q9CYA0,44000,42000,49000,42000,52000,51000,68000,66000
Q80ZM8,8500,8500,7700,8600,11000,9400,14000,15000
P97784,17000,20000,19000,18000,35000,28000,40000,46000
Q9R194,25000,23000,25000,27000,39000,36000,40000,41000
Q91W50,130000,120000,130000,130000,220000,200000,330000,350000
Q9DC28,55000,53000,48000,53000,77000,73000,94000,95000
Q9JMK2,53000,52000,46000,52000,71000,69000,90000,90000
Q60737,130000,130000,110000,130000,160000,150000,190000,190000
Q6PEE2,24000,26000,22000,22000,27000,28000,33000,37000
P26231,32000,33000,30000,32000,49000,43000,66000,69000
Q61301,28000,28000,26000,29000,33000,33000,42000,43000
P70698,130000,110000,120000,120000,160000,150000,190000,200000
Q3U308,51000,52000,54000,53000,66000,62000,85000,86000
Q8BKE6,67000,63000,73000,64000,75000,72000,99000,99000
Q8K0C4,52000,51000,57000,57000,140000,110000,250000,260000
Q3U2A5,9700,12000,12000,11000,15000,14000,20000,20000
Q9CX66,36000,36000,43000,38000,54000,50000,63000,59000
Q9CPT4,82000,75000,88000,76000,100000,97000,130000,130000
Q3UHX9,35000,34000,31000,34000,44000,40000,63000,67000
Q8R1F0,28000,30000,23000,32000,49000,47000,90000,88000
Q6PAC3,31000,29000,23000,31000,36000,34000,67000,69000
Q99LF7,21000,21000,18000,20000,20000,19000,31000,31000
Q8K2D6,16000,17000,15000,14000,22000,23000,43000,42000
Q9QY93,30000,32000,34000,30000,36000,35000,52000,54000
Q9CXV9,75000,80000,72000,80000,110000,98000,140000,140000
Q80Y44,90000,79000,60000,80000,110000,100000,150000,150000
Q8K363,59000,60000,47000,64000,83000,79000,190000,200000
Q9JJY4,58000,59000,58000,55000,69000,65000,100000,100000
Q9JIK5,69000,68000,52000,76000,84000,83000,180000,180000
Q9ESV0,29000,29000,24000,35000,39000,36000,83000,82000
Q921N6,96000,92000,66000,85000,120000,110000,240000,240000
Q62167,130000,130000,110000,140000,200000,190000,250000,260000
Q4FZF3,91000,89000,60000,91000,120000,120000,210000,210000
Q8K301,22000,22000,15000,29000,24000,24000,51000,48000
Q8K4L0,20000,19000,16000,17000,25000,22000,63000,54000
Q9D0R4,77000,76000,55000,71000,97000,91000,160000,170000
Q9Z1L3,24000,25000,23000,24000,31000,29000,36000,39000
E9Q8V6,18000,17000,18000,18000,24000,23000,29000,31000
Q9CQJ6,61000,66000,43000,62000,72000,74000,93000,99000
Q9CQT7,37000,35000,42000,35000,45000,38000,69000,65000
Q9D291,9300,8800,12000,8200,21000,18000,32000,30000
Q9EQM6,73000,72000,56000,75000,81000,78000,110000,100000
E9PUQ8,21000,21000,16000,23000,32000,30000,38000,39000
Q8VCH6,30000,27000,30000,28000,43000,41000,73000,77000
Q99KU1,9300,9500,9100,9500,15000,15000,22000,21000
O35435,31000,34000,28000,32000,39000,39000,57000,55000
Q3TXU5,42000,39000,46000,46000,58000,54000,93000,91000
Q80VY9,49000,46000,42000,53000,69000,64000,100000,98000
Q6NZL1,73000,64000,60000,73000,83000,80000,110000,110000
Q8BTT6,120000,110000,130000,110000,160000,150000,200000,200000
Q9D0D4,96000,92000,86000,100000,110000,100000,150000,140000
Q3UH60,47000,48000,44000,46000,82000,79000,90000,89000
B2RQC7,48000,51000,46000,46000,81000,77000,83000,83000
P63037,97000,100000,100000,100000,120000,120000,150000,150000
O54946,92000,84000,83000,92000,120000,120000,140000,140000
O54946-2,89000,74000,86000,90000,120000,110000,140000,160000
Q78YY6,26000,26000,25000,27000,40000,37000,79000,77000
Q80TN4,33000,33000,37000,29000,40000,38000,50000,53000
P54103,50000,47000,34000,53000,63000,63000,100000,110000
E9Q8D0,2400,2800,1100,2600,7500,6800,14000,17000
A2ALW5,22000,21000,21000,22000,25000,23000,37000,36000
Q9QYI3,130000,120000,120000,130000,140000,140000,180000,200000
O88508,77000,72000,61000,81000,110000,100000,180000,190000
G3UZH2,13000,14000,11000,13000,19000,19000,31000,30000
O88509,24000,23000,20000,24000,40000,40000,63000,64000
O88509-3,25000,24000,21000,25000,39000,40000,61000,61000
Q80VJ3,31000,30000,30000,28000,31000,30000,54000,51000
Q8R2M2,98000,94000,71000,91000,110000,110000,150000,160000
Q99LN9,40000,39000,42000,41000,56000,52000,83000,88000
F7CVL0,74000,78000,79000,73000,110000,110000,130000,130000
Q6XZL8,27000,29000,28000,30000,49000,47000,51000,53000
Q9CR25,54000,55000,48000,53000,60000,61000,79000,75000
P32233,140000,140000,130000,130000,160000,150000,200000,210000
Q91ZU6,8200,7800,7600,8100,11000,11000,13000,14000
Q8C2P3,26000,26000,21000,26000,26000,27000,34000,37000
Q32M08,6900,7200,7500,7400,10000,8900,13000,13000
Q6NXK5,20000,20000,22000,23000,31000,27000,53000,51000
Q9D0T2,5000,4600,4500,4200,5000,5400,7800,7700
Q8VCG1,54000,50000,58000,55000,60000,57000,120000,130000
Q6PDL0,47000,49000,51000,47000,62000,64000,86000,92000
Q8R0K9,60000,60000,65000,58000,75000,72000,97000,99000
Q61502,68000,68000,74000,67000,85000,78000,120000,110000
Q9D4C5,21000,21000,23000,22000,34000,31000,38000,38000
Q5BU09,12000,12000,14000,13000,17000,16000,26000,26000
Q9D903,100000,100000,85000,87000,120000,110000,230000,240000
Q9CS74,20000,18000,22000,21000,32000,30000,49000,53000
Q4PZA2,34000,34000,34000,33000,43000,41000,69000,68000
Q6GQV7,43000,44000,42000,47000,63000,59000,79000,80000
Q8BL66,41000,42000,47000,43000,80000,71000,150000,150000
P10126,2400000,2300000,1500000,2400000,2900000,2800000,4300000,4100000
P62631,2300000,2200000,1600000,2500000,2900000,2800000,4100000,3900000
O70251,130000,130000,140000,130000,190000,180000,300000,310000
P57776,130000,120000,140000,120000,160000,150000,230000,240000
D3YUQ9,120000,110000,130000,110000,150000,140000,210000,230000
D3YY68,130000,120000,140000,120000,160000,150000,220000,240000
D3Z7N2,120000,110000,120000,110000,150000,140000,220000,230000
Q9D1M4,120000,110000,120000,110000,160000,140000,200000,210000
Q9D8N0,180000,180000,180000,180000,260000,250000,440000,460000
P58252,590000,580000,580000,590000,790000,760000,1100000,1100000
Q8BGQ6,11000,11000,12000,10000,18000,19000,19000,19000
Q9WVK4,95000,97000,98000,95000,130000,130000,180000,180000
Q60872,90000,82000,87000,86000,110000,100000,140000,150000
Q3THJ3,46000,47000,48000,44000,60000,58000,78000,81000
Q9CXU9,87000,91000,98000,95000,140000,130000,150000,150000
Q8BJW6,87000,87000,47000,86000,96000,90000,150000,150000
Q9Z2R9,17000,17000,16000,16000,20000,20000,25000,25000
Q99LC8,89000,88000,89000,83000,100000,93000,130000,120000
B1AUN2,100000,100000,100000,100000,140000,130000,180000,190000
Q61749,78000,72000,51000,83000,81000,81000,130000,130000
Q8CHW4,87000,88000,93000,86000,100000,99000,130000,130000
Q6ZWX6,140000,140000,130000,130000,170000,170000,220000,230000
Q99L45,150000,140000,120000,170000,180000,170000,250000,250000
Q9Z0N1,150000,160000,140000,160000,190000,180000,240000,240000
P23116,140000,140000,150000,140000,180000,170000,210000,220000
Q8JZQ9,130000,130000,140000,130000,170000,160000,230000,240000
Q8R1B4,130000,130000,140000,130000,160000,160000,210000,210000
O70194,140000,140000,100000,140000,170000,170000,240000,250000
P60229,140000,140000,150000,130000,170000,170000,230000,220000
Q9DCH4,140000,140000,150000,130000,170000,160000,220000,220000
Q9Z1D1,130000,120000,110000,140000,160000,160000,230000,250000
Q91WK2,160000,160000,160000,150000,190000,190000,240000,260000
Q9QZD9,130000,130000,140000,120000,160000,160000,230000,220000
Q66JS6,150000,150000,140000,140000,190000,180000,230000,230000
Q8QZY1,140000,140000,150000,140000,180000,170000,240000,240000
P60843,160000,160000,160000,160000,220000,210000,290000,280000
P10630,160000,160000,160000,150000,200000,190000,250000,250000
Q8BGD9,140000,120000,130000,130000,160000,160000,200000,220000
P63073,110000,110000,120000,110000,150000,150000,200000,200000
Q8BMB3,54000,49000,60000,56000,65000,64000,77000,80000
Q9EST3,45000,45000,46000,42000,57000,53000,98000,100000
Q6NZJ6,130000,130000,130000,120000,180000,170000,250000,250000
D3YWY7,82000,71000,87000,84000,130000,120000,170000,170000
Q80XI3,98000,95000,88000,95000,120000,110000,140000,140000
Q80XI3-2,98000,96000,87000,95000,120000,110000,140000,140000
A2AMI4,84000,57000,83000,77000,110000,110000,120000,120000
P63242,160000,170000,170000,160000,200000,190000,280000,290000
Q05D44,130000,130000,86000,110000,190000,180000,210000,220000
O55135,53000,55000,57000,49000,63000,62000,80000,81000
O08856,12000,11000,9500,13000,14000,13000,20000,19000
Q9JLJ5,25000,21000,25000,29000,30000,29000,56000,58000
Q91WG4,77000,75000,79000,72000,82000,81000,120000,120000
Q99L85,42000,44000,51000,41000,51000,52000,69000,67000
Q3TAS6,70000,64000,77000,71000,84000,81000,120000,110000
P16406,33000,31000,23000,36000,41000,40000,55000,55000
Q9DBT4,17000,17000,18000,17000,20000,20000,25000,28000
Q3U0P5,32000,33000,31000,32000,45000,43000,67000,67000
O54839,25000,26000,27000,28000,25000,23000,41000,41000
Q8CGC7,160000,160000,130000,150000,190000,180000,240000,260000
P70459,32000,31000,40000,35000,45000,45000,49000,48000
Q91X78,76000,73000,82000,72000,87000,83000,110000,110000
Q3V1V3,110000,110000,110000,100000,180000,160000,230000,240000
Q8BWY3,140000,140000,110000,140000,180000,170000,240000,240000
Q9D4V0,65000,66000,76000,66000,110000,110000,170000,170000
P97360,34000,34000,38000,34000,38000,40000,64000,60000
Q9D7G4,19000,20000,20000,20000,26000,26000,29000,29000
Q61188,34000,30000,30000,36000,38000,38000,62000,63000
A2ACJ2,20000,21000,17000,18000,26000,25000,27000,27000
Q05816,60000,60000,61000,57000,68000,67000,91000,90000
Q8VE91,53000,50000,66000,57000,100000,85000,120000,120000
E9QPM1,52000,50000,65000,57000,100000,85000,120000,120000
Q7TPD2,8800,8400,8000,7500,9300,8900,16000,14000
Q8CGI1,27000,29000,24000,23000,31000,32000,38000,40000
M0QWZ1,27000,28000,24000,23000,32000,32000,42000,41000
Q9CQB2,7000,6000,6900,6900,13000,12000,40000,42000
P58468,7100,7100,5800,8200,11000,9300,21000,22000
Q5DTT3,23000,23000,19000,23000,34000,32000,41000,40000
Q8BGY7,52000,51000,54000,52000,81000,74000,94000,100000
Q6P539,14000,15000,15000,14000,19000,18000,23000,22000
Q8BK03,22000,21000,18000,22000,26000,26000,36000,33000
Q3UZW7,26000,28000,29000,24000,35000,32000,54000,51000
Q922J9,41000,42000,44000,43000,72000,68000,110000,110000
Q91VS8,3800,2900,3000,2600,5600,5200,9100,8800
P19096,120000,120000,120000,120000,180000,170000,300000,300000
Q922E6,41000,41000,45000,41000,47000,45000,65000,61000
P35545,7600,8400,14000,12000,27000,25000,30000,29000
P62862,81000,88000,75000,81000,130000,120000,210000,230000
P35550,140000,140000,100000,140000,150000,150000,230000,230000
Q80WS3,110000,110000,86000,110000,120000,120000,170000,170000
Q9QXW0,11000,12000,12000,13000,16000,16000,23000,20000
Q7TPD1,35000,33000,29000,35000,47000,45000,51000,51000
Q8BJL1,6700,7300,7000,6900,9700,8400,13000,14000
Q5SRY7,46000,46000,47000,42000,61000,58000,71000,70000
P53798,8600,8500,12000,10000,13000,12000,19000,18000
Q920E5,92000,81000,100000,95000,110000,100000,150000,150000
Q9Z2G1,31000,28000,38000,31000,51000,44000,60000,57000
Q9Z2G0,51000,47000,46000,49000,68000,65000,79000,81000
Q8CEF1,36000,34000,35000,32000,43000,42000,60000,58000
P70377,30000,32000,30000,31000,47000,44000,47000,48000
P30416,150000,160000,170000,150000,190000,180000,250000,260000
B2RXV4,31000,36000,30000,47000,45000,52000,67000,73000
Q68FD7,23000,22000,25000,25000,32000,31000,35000,35000
P48755,4000,5600,4900,5000,19000,15000,49000,57000
Q3UCQ1,75000,73000,69000,71000,86000,84000,120000,120000
Q9DBY0,23000,24000,26000,22000,36000,34000,52000,52000
P48760,17000,18000,19000,18000,27000,27000,56000,57000
A2ARZ3,5600,5400,7400,6100,10000,8900,13000,13000
Q8CBC7,27000,26000,24000,25000,31000,28000,42000,40000
Q9DBE9,81000,81000,51000,74000,120000,110000,280000,300000
Q9D6K8,99000,93000,110000,97000,110000,110000,150000,140000
P11370,33000,36000,41000,36000,90000,82000,110000,110000
Q61584,69000,67000,58000,64000,85000,80000,110000,100000
Q61584-2,72000,71000,61000,67000,85000,81000,100000,97000
Q61584-5,99000,97000,83000,92000,120000,120000,150000,150000
Q9WVR4,46000,46000,42000,46000,60000,59000,77000,78000
Q6P5B5,60000,59000,55000,58000,78000,75000,100000,100000
Q91Z49,19000,20000,18000,25000,25000,25000,76000,68000
Q9R1K5,13000,12000,9200,13000,16000,14000,20000,21000
P97855,110000,110000,93000,110000,140000,140000,200000,210000
P97379,82000,82000,78000,82000,120000,120000,150000,160000
P97379-2,81000,81000,78000,82000,120000,120000,150000,160000
Q9DCD6,63000,60000,65000,69000,82000,77000,110000,98000
P60521,62000,63000,81000,75000,130000,120000,190000,200000
Q8CA72,23000,25000,24000,22000,33000,31000,40000,43000
Q9CY66,76000,71000,65000,84000,96000,94000,160000,150000
Q9CZD3,160000,150000,160000,140000,170000,170000,240000,250000
Q64737,130000,120000,130000,120000,160000,150000,230000,240000
Q9Z0E6,86000,82000,89000,86000,220000,250000,290000,290000
Q61107,57000,56000,56000,61000,80000,91000,90000,83000
Q8CFB4,58000,58000,59000,58000,130000,170000,190000,200000
E9PVA8,130000,130000,130000,130000,140000,130000,200000,200000
Q9JL56,27000,28000,32000,30000,34000,32000,48000,43000
Q6P6L6,63000,66000,68000,65000,86000,83000,120000,130000
Q8BX17,88000,84000,83000,85000,120000,110000,160000,170000
Q9CX53,27000,24000,27000,23000,27000,27000,41000,40000
P70338,12000,12000,9100,14000,30000,26000,40000,46000
Q8K0D5,92000,92000,88000,89000,110000,110000,170000,170000
Q3UHD2,25000,25000,24000,25000,55000,48000,67000,70000
Q9Z2Z9,51000,53000,53000,52000,63000,60000,83000,81000
Q6P5E6,47000,51000,52000,50000,87000,76000,120000,110000
Q5SV77,28000,26000,30000,29000,42000,42000,47000,46000
Q9CPY6,42000,43000,43000,41000,52000,49000,65000,68000
Q6Y7W8,79000,74000,63000,73000,100000,99000,120000,120000
G3UYH4,16000,16000,12000,14000,21000,19000,28000,26000
Q9CZ15,24000,22000,21000,23000,22000,20000,37000,35000
Q99LZ3,15000,17000,16000,16000,16000,15000,23000,23000
Q8BZM1,75000,72000,80000,72000,89000,84000,130000,140000
Q9CQM9,140000,140000,140000,130000,160000,160000,210000,210000
Q8BK35,29000,25000,25000,27000,44000,40000,110000,120000
E9QAZ2,110000,110000,68000,120000,140000,140000,280000,290000
D3YYL7,44000,28000,37000,59000,40000,38000,130000,120000
D3Z237,12000,12000,13000,13000,15000,15000,24000,24000
Q9CQX6,110000,100000,110000,100000,130000,120000,180000,180000
E9Q2Z4,62000,47000,45000,57000,87000,88000,90000,110000
E9Q368,29000,29000,30000,31000,50000,44000,79000,80000
F6QL70,69000,64000,59000,72000,120000,110000,320000,270000
E9Q035,120000,110000,110000,130000,140000,130000,180000,160000
F6TVX7,22000,24000,23000,25000,43000,39000,64000,66000
J3QN38,88000,92000,93000,91000,100000,100000,140000,140000
F7BCN0,27000,28000,22000,26000,28000,29000,37000,37000
J3KMQ2,160000,160000,160000,150000,180000,170000,240000,240000
J3QP80,10000,11000,12000,12000,22000,23000,29000,31000
E9Q3K0,18000,17000,15000,16000,26000,26000,35000,39000
F6SVV1,230000,210000,200000,230000,340000,320000,550000,580000
P68040,330000,340000,340000,320000,400000,390000,510000,530000
Q9DAS9,48000,48000,43000,50000,62000,58000,77000,79000
Q99LH1,34000,31000,26000,32000,48000,46000,110000,120000
Q8CI11,120000,110000,87000,97000,150000,140000,270000,280000
Q6PGG6,33000,33000,24000,35000,74000,67000,130000,140000
Q91X51,66000,58000,53000,53000,60000,61000,78000,83000
Q61858,23000,23000,19000,22000,24000,24000,33000,32000
Q3TFK5,51000,46000,41000,49000,71000,65000,160000,160000
Q6NXH3,17000,19000,14000,18000,22000,20000,26000,25000
Q8BUV3,74000,77000,81000,75000,100000,96000,150000,150000
A0JNY3,74000,77000,80000,75000,100000,96000,150000,150000
Q8VCE2,34000,31000,38000,32000,45000,42000,62000,61000
Q9D3W4,25000,25000,25000,22000,25000,25000,43000,40000
Q8BG55,49000,48000,62000,61000,71000,67000,80000,79000
Q8BFQ3,11000,14000,12000,11000,14000,13000,19000,23000
Q80TI0,32000,31000,33000,35000,100000,92000,150000,160000
Q80TI0-4,32000,32000,34000,38000,100000,93000,150000,160000
Q9CX99,80000,82000,81000,74000,100000,97000,120000,120000
Q99LP6,140000,130000,150000,130000,160000,150000,200000,200000
O88396,32000,31000,33000,29000,57000,51000,87000,86000
Q8C5Q4,26000,27000,29000,26000,37000,34000,57000,56000
Q810D6,86000,91000,83000,83000,110000,110000,150000,160000
Q8R050,160000,160000,170000,150000,190000,190000,250000,250000
Q5RL51,19000,19000,13000,17000,19000,19000,28000,26000
Q9D902,44000,42000,38000,64000,65000,61000,130000,140000
Q99ME9,39000,39000,33000,46000,58000,55000,130000,120000
Q3U6U5,5800,6600,7300,6800,8500,7900,9300,9400
P04187,21000,22000,17000,25000,28000,26000,45000,44000
P10922,28000,34000,30000,47000,51000,47000,93000,88000
Q9QZQ8,170000,180000,94000,150000,180000,200000,250000,260000
Q8CCK0,80000,82000,56000,71000,87000,89000,110000,110000
P06339,55000,54000,61000,59000,90000,94000,110000,110000
Q8BY71,61000,60000,61000,59000,91000,86000,140000,140000
O35387,33000,34000,36000,33000,43000,40000,59000,64000
P53702,64000,64000,75000,64000,86000,81000,94000,100000
Q8C2B3,64000,64000,61000,66000,69000,66000,110000,100000
Q8C2B3-2,64000,64000,60000,66000,70000,66000,110000,100000
Q8VDJ3,100000,100000,62000,100000,140000,130000,210000,210000
G3X9B1,120000,110000,150000,97000,200000,180000,240000,240000
Q8BQM4,61000,61000,65000,63000,95000,86000,150000,150000
Q69ZR2,85000,87000,90000,87000,110000,110000,150000,160000
F8WIE5,86000,88000,90000,88000,110000,110000,150000,150000
Q60848,32000,30000,25000,34000,32000,29000,74000,68000
Q921L7,14000,15000,15000,13000,16000,14000,26000,26000
Q8C3I8,55000,56000,58000,52000,79000,74000,110000,110000
Q8BLH7,44000,46000,47000,42000,60000,56000,120000,130000
P43275,97000,110000,86000,170000,180000,180000,410000,380000
P43276,190000,190000,180000,310000,340000,330000,690000,640000
P15864,570000,540000,520000,1000000,990000,980000,2200000,1900000
P43274,190000,190000,170000,330000,330000,330000,760000,670000
Q03172,20000,21000,15000,18000,27000,27000,35000,37000
A2A884,12000,12000,11000,11000,16000,14000,19000,22000
O08528,81000,79000,77000,80000,140000,130000,200000,220000
Q8R1M0,35000,34000,31000,35000,40000,38000,54000,53000
Q9Z104,18000,19000,19000,22000,20000,22000,27000,29000
P17095,75000,72000,64000,71000,99000,95000,110000,120000
P17095-1,70000,66000,58000,67000,94000,90000,110000,120000
Q01237,16000,16000,20000,19000,51000,42000,67000,63000
Q8JZK9,38000,40000,45000,42000,110000,95000,250000,300000
P49312,270000,250000,250000,260000,310000,310000,420000,430000
Q8BIL5,40000,39000,42000,40000,53000,51000,60000,62000
Q7TMK6,5900,5400,6500,5400,6900,6900,11000,11000
Q8K248,3800,3800,4400,4200,10000,8500,20000,21000
O70503,120000,110000,110000,120000,140000,130000,180000,180000
O88736,8200,8200,8400,8400,13000,12000,17000,16000
P07901,1100000,1100000,1200000,1100000,1500000,1400000,1900000,2000000
P11499,1000000,1000000,1100000,1000000,1500000,1400000,2100000,2100000
P08113,190000,180000,220000,200000,240000,230000,320000,320000
Q8BM72,32000,34000,38000,31000,39000,37000,57000,56000
P16627,1700000,1700000,1600000,1700000,2300000,2200000,2900000,2800000
P17156,1900000,1800000,1700000,1900000,2600000,2500000,3300000,3400000
P48722,75000,73000,85000,77000,110000,100000,120000,120000
P20029,410000,400000,410000,420000,590000,560000,730000,750000
P63017,2600000,2500000,2300000,2600000,3500000,3400000,4500000,4500000
P38647,160000,160000,170000,150000,190000,190000,260000,260000
Q99P31,58000,58000,64000,63000,91000,81000,150000,150000
P63038,440000,450000,470000,430000,540000,530000,760000,760000
Q64433,200000,180000,210000,200000,240000,230000,340000,320000
Q61699,120000,120000,120000,120000,190000,170000,260000,280000
Q9JKR6,130000,130000,120000,130000,160000,160000,200000,210000
P03975,58000,55000,66000,69000,120000,100000,180000,190000
Q8BU30,120000,120000,120000,120000,160000,150000,240000,250000
P13597,26000,26000,33000,26000,57000,61000,70000,67000
P20067,2900,2900,3100,2600,4700,4100,6200,5100
P41133,16000,17000,18000,18000,22000,19000,36000,35000
P58044,62000,66000,74000,62000,120000,110000,220000,240000
Q08890,39000,43000,35000,35000,41000,38000,54000,59000
Q9D8U0,35000,33000,34000,36000,43000,42000,52000,50000
Q61025,13000,14000,16000,13000,19000,20000,29000,32000
Q9D0P8,42000,43000,47000,41000,35000,37000,60000,63000
Q60751,24000,23000,24000,23000,50000,45000,94000,98000
Q9DCE9,120000,110000,120000,110000,150000,170000,200000,200000
Q9QZ85,63000,65000,66000,65000,140000,170000,210000,210000
Q7TT37,110000,110000,100000,110000,140000,140000,180000,180000
Q60837,29000,33000,31000,32000,42000,40000,84000,83000
P04351,11000,11000,20000,17000,46000,47000,61000,64000
P01590,6200,4200,11000,6900,55000,46000,94000,95000
P34902,55000,54000,84000,77000,130000,130000,170000,160000
Q921Y2,79000,80000,74000,80000,95000,90000,120000,120000
Q8VHZ7,53000,52000,46000,55000,63000,57000,81000,78000
O55091,20000,21000,21000,20000,28000,26000,39000,39000
Q80V26,74000,71000,63000,68000,73000,74000,99000,100000
P24547,140000,140000,140000,130000,170000,160000,270000,270000
Q9ESK4,22000,25000,19000,22000,25000,24000,38000,38000
Q8K2V6,51000,51000,55000,49000,61000,58000,75000,78000
Q8VI75,78000,76000,82000,78000,120000,110000,160000,160000
Q8BKC5,100000,97000,100000,96000,140000,130000,210000,210000
Q9EPL8,91000,89000,92000,90000,150000,130000,220000,220000
P15314,32000,28000,39000,48000,57000,66000,70000,70000
Q64287,39000,41000,51000,45000,230000,200000,320000,330000
P23611,24000,24000,26000,25000,96000,83000,130000,130000
Q60766,120000,110000,110000,110000,170000,170000,180000,180000
Q9Z1M2,75000,74000,76000,76000,110000,120000,140000,140000
Q3U1G5,27000,24000,22000,28000,33000,32000,55000,60000
Q9JHU9,97000,100000,100000,100000,100000,97000,160000,160000
P11688,16000,15000,15000,17000,22000,21000,30000,34000
P09055,65000,65000,65000,64000,88000,82000,120000,110000
Q61500,15000,16000,20000,20000,43000,38000,55000,56000
O89051,41000,39000,34000,35000,46000,51000,63000,59000
Q7TS72,14000,15000,16000,14000,19000,19000,24000,23000
Q920Q8,46000,46000,43000,40000,99000,90000,110000,120000
Q6IE82,25000,27000,25000,24000,34000,33000,55000,53000
Q62120,39000,39000,35000,35000,55000,52000,66000,63000
Q9ERI5,38000,38000,36000,37000,47000,46000,72000,76000
Q3TA59,20000,19000,21000,18000,23000,19000,35000,37000
Q9DBJ6,11000,10000,9700,11000,14000,13000,21000,19000
P15066,47000,49000,55000,58000,83000,74000,120000,120000
Q99MN1,170000,170000,150000,160000,210000,200000,290000,300000
Q9WV86,33000,32000,26000,36000,46000,46000,55000,53000
E9PZI6,33000,32000,27000,37000,46000,46000,54000,53000
Q8K0T4,25000,23000,19000,22000,30000,27000,36000,35000
Q3UQV5,20000,21000,21000,21000,30000,28000,38000,36000
P63141,19000,20000,20000,19000,62000,50000,69000,68000
P16390,15000,16000,16000,17000,53000,42000,57000,59000
O89109,24000,25000,22000,24000,28000,25000,43000,44000
Q8K201,23000,23000,23000,20000,63000,56000,100000,100000
Q8VC57,25000,26000,25000,25000,33000,32000,46000,43000
Q80UN1,27000,26000,26000,26000,34000,33000,46000,46000
Q9JHP7,18000,19000,18000,19000,23000,24000,54000,48000
Q6P1G2,21000,20000,16000,22000,26000,26000,34000,32000
D3YV31,5000,4300,3100,5700,12000,10000,15000,15000
Q8BW72,46000,46000,48000,46000,48000,48000,71000,71000
Q8VCD7,45000,46000,42000,46000,50000,49000,71000,69000
Q80Y84,47000,46000,37000,47000,64000,62000,64000,65000
P41230,43000,41000,42000,44000,55000,52000,72000,70000
Q62240,36000,36000,32000,38000,45000,44000,56000,57000
Q8BKS9,50000,47000,27000,50000,63000,57000,210000,200000
Q3U3D7,10000,11000,11000,13000,17000,15000,25000,24000
E9Q9B7,24000,24000,26000,22000,32000,31000,41000,39000
Q80WE4,15000,14000,11000,14000,14000,14000,22000,23000
Q6PAR0,14000,15000,13000,15000,17000,16000,29000,28000
Q4G5Y1,23000,23000,24000,23000,23000,24000,40000,42000
Q921I2,55000,52000,55000,56000,95000,86000,150000,150000
G3X961,57000,52000,56000,58000,93000,86000,140000,140000
Q8CE33,24000,25000,23000,25000,36000,33000,38000,39000
Q9CR40,25000,27000,29000,28000,44000,44000,53000,50000
Q6ZPT1,47000,49000,47000,48000,55000,53000,76000,74000
Q9Z2Q2,41000,41000,43000,42000,67000,60000,97000,95000
P52293,52000,54000,49000,57000,170000,140000,240000,240000
Q8BGA5,18000,18000,13000,17000,27000,25000,61000,60000
Q61097,46000,46000,41000,45000,50000,50000,68000,65000
Q9D1R2,93000,93000,92000,87000,110000,110000,140000,140000
Q61595,28000,28000,23000,27000,36000,31000,54000,54000
Q61595-11,70000,64000,48000,68000,90000,80000,150000,150000
F8VQC7,70000,64000,49000,68000,90000,80000,150000,150000
P57016,38000,36000,28000,41000,51000,45000,120000,120000
Q61790,8800,11000,11000,10000,12000,12000,44000,47000
Q61168,13000,14000,13000,14000,13000,12000,21000,21000
Q6ZQ58,120000,110000,81000,140000,180000,160000,280000,280000
Q8R3F0,12000,12000,9000,13000,21000,20000,28000,31000
Q8BWW4,41000,41000,35000,45000,96000,86000,160000,170000
Q6A0A2,65000,67000,53000,69000,89000,84000,120000,120000
Q05CL8,67000,63000,50000,61000,87000,79000,140000,130000
Q8BMJ2,130000,120000,84000,130000,150000,140000,220000,230000
A2BE28,95000,94000,100000,93000,120000,110000,140000,150000
Q8BYR2,31000,32000,27000,31000,41000,41000,52000,51000
Q7TSJ6,15000,16000,15000,16000,21000,21000,31000,27000
Q60787,130000,130000,130000,130000,210000,200000,210000,220000
P35951,14000,14000,15000,16000,29000,26000,36000,37000
Q99M04,43000,42000,33000,49000,47000,44000,87000,85000
Q8JZS0,27000,27000,26000,26000,39000,36000,48000,47000
Q9D945,59000,57000,57000,59000,68000,64000,93000,89000
Q9D0F3,87000,81000,90000,87000,95000,96000,130000,130000
Q7TQ95,66000,63000,71000,68000,78000,76000,100000,97000
Q9DBN5,35000,34000,33000,38000,48000,46000,66000,66000
Q7TQH7,6300,6500,8400,8000,12000,12000,18000,17000
P55302,64000,62000,72000,66000,87000,83000,92000,97000
Q8K1C9,37000,37000,36000,39000,50000,47000,69000,67000
Q8R2U7,26000,27000,32000,26000,38000,38000,46000,48000
Q8BUI3,29000,28000,22000,28000,28000,25000,40000,40000
H9KV12,28000,28000,22000,27000,27000,24000,37000,38000
Q3UM18,42000,42000,39000,40000,58000,55000,88000,88000
Q9D0R8,43000,45000,49000,45000,58000,56000,71000,72000
Q8CGC4,27000,24000,20000,26000,35000,34000,49000,50000
Q8BLN5,23000,24000,21000,23000,34000,31000,59000,58000
P09225,10000,10000,12000,14000,17000,17000,25000,22000
Q6NSQ7,51000,46000,39000,48000,78000,75000,130000,150000
Q08288,14000,14000,11000,15000,36000,32000,110000,110000
Q9DA03,50000,50000,42000,47000,50000,50000,69000,65000
Q9CQ33,42000,44000,42000,40000,47000,46000,72000,72000
P24668,76000,76000,75000,76000,100000,97000,110000,110000
Q9D752,16000,16000,16000,17000,37000,31000,52000,48000
O54790,26000,25000,25000,32000,51000,45000,68000,69000
Q61827,32000,31000,32000,44000,60000,56000,71000,72000
Q8BGS0,28000,28000,30000,29000,42000,39000,72000,75000
Q9CWV0,47000,45000,52000,46000,56000,54000,110000,100000
Q9CQV6,15000,16000,17000,18000,29000,28000,36000,38000
O09110,77000,73000,67000,75000,150000,130000,150000,150000
A2AJI0,15000,14000,7200,13000,20000,20000,26000,29000
O54992,11000,9800,10000,11000,15000,13000,20000,19000
Q6NS57,69000,65000,68000,61000,79000,71000,100000,94000
Q8R001,79000,77000,77000,77000,110000,100000,170000,180000
P26645,50000,51000,56000,53000,51000,53000,79000,74000
P28667,31000,30000,42000,38000,74000,68000,100000,120000
E9QB02,130000,130000,120000,130000,140000,140000,190000,190000
Q3THS6,130000,130000,130000,130000,200000,180000,250000,250000
Q9Z2D8,140000,130000,100000,140000,150000,150000,190000,190000
P97287,44000,46000,59000,56000,75000,72000,88000,91000
P97310,120000,110000,120000,120000,130000,130000,180000,190000
P25206,110000,110000,110000,120000,110000,110000,180000,180000
P49718,140000,130000,130000,130000,130000,130000,190000,200000
P97311,130000,130000,140000,130000,140000,140000,210000,210000
Q61881,140000,140000,140000,140000,140000,140000,210000,210000
Q7TT79,16000,16000,14000,15000,20000,19000,30000,26000
A2ANY6,97000,89000,110000,88000,130000,120000,180000,180000
Q64327,28000,27000,35000,27000,47000,38000,70000,68000
Q9Z2D6,67000,60000,36000,49000,73000,80000,83000,88000
Q925J9,83000,79000,44000,66000,85000,85000,100000,100000
Q8C1S0,43000,45000,43000,43000,53000,51000,68000,70000
Q8VCS6,26000,27000,32000,26000,29000,29000,41000,41000
Q91VH6,88000,89000,95000,85000,100000,95000,140000,130000
O08663,120000,120000,120000,110000,140000,130000,190000,190000
M0QW48,92000,89000,93000,86000,120000,110000,160000,160000
Q91YR5,44000,44000,39000,44000,54000,50000,70000,69000
A2AA28,58000,59000,57000,55000,73000,70000,84000,92000
Q8K1A0,9100,8900,7300,8500,9500,10000,17000,19000
Q8BVH9,48000,46000,46000,47000,57000,53000,68000,77000
Q9DA75,3600,3600,4800,3500,23000,16000,25000,26000
Q9CXC3,24000,24000,26000,23000,26000,24000,40000,41000
Q3U3N0,26000,27000,27000,26000,40000,40000,44000,47000
Q3UHF3,42000,37000,44000,37000,57000,58000,65000,62000
Q9Z2L6,35000,34000,31000,35000,44000,42000,62000,57000
O89050,75000,75000,84000,78000,110000,110000,190000,190000
Q99KX1,41000,44000,44000,41000,49000,46000,69000,69000
Q9ERL0,44000,46000,45000,43000,59000,53000,79000,78000
O54826,13000,13000,8200,13000,15000,14000,19000,21000
Q8K273,32000,30000,31000,32000,32000,31000,48000,46000
Q9JJ93,34000,42000,44000,44000,50000,58000,65000,78000
Q9Z223,19000,18000,17000,18000,20000,18000,26000,28000
A2BDX3,60000,62000,64000,59000,73000,70000,92000,95000
Q810V0,100000,100000,84000,93000,130000,120000,190000,190000
Q9JLB0,69000,69000,68000,67000,83000,80000,100000,100000
Q9JLB0-2,76000,76000,74000,74000,91000,88000,110000,110000
Q8BVD5,41000,44000,35000,40000,68000,66000,70000,73000
G5E8S8,41000,43000,34000,40000,68000,67000,71000,73000
Q99N96,74000,74000,55000,77000,82000,83000,110000,110000
Q9DB15,130000,130000,130000,120000,150000,150000,200000,200000
Q9CPR5,77000,83000,72000,78000,93000,92000,110000,120000
Q9CQL5,40000,42000,42000,43000,45000,44000,70000,61000
Q9D773,46000,40000,44000,59000,60000,57000,90000,87000
Q9CQL4,30000,31000,25000,32000,39000,37000,68000,66000
Q9D1N9,38000,37000,36000,35000,43000,42000,51000,57000
O35972,48000,48000,39000,53000,54000,52000,71000,75000
Q99N95,74000,72000,66000,83000,83000,84000,110000,110000
Q9D7N6,31000,30000,29000,41000,40000,40000,59000,60000
Q99N91,28000,29000,27000,44000,37000,34000,67000,62000
Q9Z2Q5,50000,49000,45000,52000,61000,62000,76000,83000
Q9CQN7,58000,56000,49000,67000,73000,72000,100000,110000
Q99N89,27000,29000,25000,31000,35000,36000,48000,56000
Q5RL20,34000,37000,32000,37000,41000,43000,52000,60000
Q8K2Y7,68000,69000,61000,75000,81000,73000,110000,110000
Q9D0Y8,5100,4400,3300,7200,6400,6800,14000,12000
Q9CPW3,85000,82000,69000,98000,92000,89000,160000,160000
Q9CQF8,55000,58000,53000,67000,59000,62000,93000,110000
O35680,35000,35000,33000,42000,51000,44000,76000,72000
Q99N84,43000,41000,33000,40000,43000,44000,57000,60000
Q9CQV5,33000,31000,29000,37000,35000,32000,48000,48000
Q9D125,68000,68000,56000,68000,72000,71000,97000,97000
Q9D2R8,51000,51000,45000,53000,70000,62000,110000,100000
Q9CQX8,60000,62000,51000,62000,66000,66000,85000,86000
Q99N87,48000,44000,41000,50000,59000,57000,73000,70000
P58064,52000,46000,54000,58000,77000,61000,100000,98000
Q9D6S7,31000,30000,22000,30000,37000,34000,47000,47000
Q9D0I8,120000,110000,110000,120000,160000,150000,230000,230000
Q9CRA4,81000,80000,76000,84000,96000,87000,150000,140000
Q2YDW2,48000,50000,51000,48000,56000,57000,82000,85000
Q80WJ7,44000,42000,26000,42000,64000,59000,97000,96000
Q8R3J4,20000,21000,20000,21000,27000,25000,40000,36000
Q02395,44000,36000,33000,40000,44000,43000,65000,62000
Q99MB2,19000,18000,18000,17000,29000,29000,43000,41000
Q922D8,150000,150000,150000,140000,170000,160000,230000,240000
P18155,94000,98000,110000,95000,150000,140000,200000,200000
Q8C1A3,13000,14000,12000,12000,15000,14000,22000,20000
Q8VCM5,25000,27000,25000,29000,36000,32000,44000,48000
Q7TPV4,120000,100000,76000,98000,180000,160000,310000,310000
Q9WTI7,35000,35000,35000,35000,39000,39000,55000,54000
Q9WTI7-3,35000,34000,35000,36000,39000,39000,54000,54000
Q6A037,25000,24000,27000,26000,30000,32000,40000,41000
E9Q0B3,15000,14000,20000,17000,16000,17000,24000,23000
Q8CIL4,15000,17000,13000,16000,23000,22000,50000,51000
Q91WD4,39000,42000,41000,37000,46000,44000,67000,70000
Q91WE4,82000,62000,91000,80000,90000,85000,120000,130000
Q9CXL3,43000,43000,39000,46000,61000,59000,120000,120000
Q9CZL2,5800,5500,6200,5600,8400,9400,10000,11000
Q9D1F3,11000,11000,8900,9700,9900,11000,19000,18000
Q9D2Q3,30000,31000,31000,30000,40000,39000,53000,57000
Q9D727,36000,37000,37000,34000,48000,49000,71000,72000
Q9QY36,140000,140000,140000,130000,160000,150000,210000,210000
Q3V4D5,130000,130000,140000,130000,160000,150000,220000,220000
Q80UM3,140000,140000,140000,130000,180000,170000,220000,220000
G3X8Y3,140000,140000,140000,130000,180000,170000,220000,220000
Q9DBB4,120000,120000,120000,120000,150000,140000,190000,190000
P61600,52000,53000,57000,50000,61000,60000,81000,79000
Q8BWZ3,94000,90000,91000,92000,130000,120000,180000,180000
Q6PGB6,120000,120000,120000,110000,180000,170000,240000,250000
Q61127,88000,85000,95000,89000,120000,120000,140000,140000
Q8BGW5,6200,6600,6300,6900,12000,12000,12000,12000
P70670,93000,94000,98000,94000,130000,120000,170000,180000
Q7TSZ8,30000,29000,32000,30000,38000,35000,51000,51000
P58058,41000,43000,40000,43000,60000,61000,82000,90000
Q3UMQ8,24000,23000,24000,25000,48000,43000,77000,80000
P28656,89000,93000,96000,90000,120000,120000,190000,200000
Q8BP47,130000,120000,120000,120000,150000,150000,200000,200000
Q8K224,110000,110000,64000,130000,140000,130000,220000,220000
P97432,3500,3400,3600,3100,6000,5700,7700,9700
Q9Z0E0,51000,49000,54000,53000,62000,58000,76000,76000
P09405,600000,570000,670000,620000,840000,790000,1200000,1200000
Q8VCM8,49000,50000,48000,49000,68000,63000,110000,110000
Q5U4H9,22000,23000,28000,25000,33000,33000,36000,34000
Q8BNY6,9100,8500,8200,11000,17000,15000,36000,33000
P19246,120000,120000,110000,110000,170000,160000,200000,200000
Q8CCP0,22000,25000,15000,24000,32000,30000,51000,46000
Q9CQ45,44000,45000,50000,45000,47000,47000,70000,69000
Q9WV30,21000,22000,18000,20000,25000,24000,32000,32000
O08750,21000,20000,20000,18000,25000,26000,35000,38000
P25799,83000,84000,90000,86000,170000,150000,180000,180000
Q9WTK5,74000,71000,62000,71000,110000,100000,170000,170000
Q9Z1E3,36000,37000,23000,28000,39000,41000,47000,47000
Q60778,41000,40000,46000,39000,71000,71000,87000,83000
B1AY10,9900,10000,7200,10000,13000,12000,16000,17000
Q9DB96,45000,47000,46000,45000,53000,53000,71000,75000
Q99KS2,20000,20000,19000,21000,28000,27000,35000,34000
Q91VE6,49000,45000,43000,43000,77000,69000,170000,170000
Q9CXK8,81000,82000,83000,84000,110000,110000,160000,160000
F7AN84,32000,33000,31000,30000,45000,44000,64000,63000
Q8BY02,36000,35000,18000,41000,37000,36000,75000,74000
Q8VEJ4,55000,56000,57000,54000,68000,68000,89000,86000
Q99L48,62000,60000,63000,63000,98000,89000,140000,140000
P15532,390000,400000,390000,380000,440000,440000,570000,580000
Q01768,390000,380000,370000,370000,430000,430000,620000,620000
Q810Q5,23000,25000,24000,25000,30000,28000,44000,38000
O70310,73000,76000,60000,79000,85000,84000,110000,110000
O70311,73000,73000,68000,74000,99000,91000,120000,130000
Q9JJG9,42000,43000,32000,44000,50000,45000,68000,68000
Q8BW10,51000,53000,37000,56000,74000,70000,130000,150000
Q9WV70,62000,59000,67000,58000,80000,72000,130000,120000
J3QK52,61000,59000,66000,60000,80000,74000,130000,120000
Q8VI84,57000,50000,43000,50000,90000,83000,150000,150000
Q8BHY2,55000,55000,60000,56000,73000,70000,100000,96000
Q5RJG1,70000,69000,41000,74000,81000,80000,150000,150000
Q8BJW5,110000,110000,110000,110000,140000,130000,190000,200000
Q8BG17,73000,67000,72000,66000,76000,74000,110000,110000
Q8R5K4,94000,92000,95000,87000,110000,110000,150000,150000
Q9D7Z3,63000,58000,59000,56000,72000,70000,130000,130000
Q3UHX0,44000,45000,44000,45000,61000,60000,68000,70000
Q3TZX8,18000,17000,16000,21000,24000,23000,46000,44000
E9Q5C9,120000,110000,140000,120000,210000,190000,300000,310000
Q3UFM5,58000,54000,41000,56000,70000,66000,97000,100000
Q6GQT9,68000,67000,72000,66000,100000,97000,150000,140000
Q8R3N1,64000,60000,54000,68000,82000,77000,130000,130000
Q9CPT5,48000,47000,44000,47000,79000,71000,130000,150000
Q922K7,32000,31000,27000,30000,49000,44000,120000,120000
E9QN31,32000,32000,27000,30000,49000,44000,120000,120000
Q01705,21000,22000,20000,20000,31000,31000,34000,33000
O35516,5500,5900,4900,5000,10000,9500,12000,12000
Q8BMA5,21000,21000,14000,21000,27000,25000,33000,36000
Q61937,1300000,1300000,1400000,1300000,1500000,1500000,2000000,2000000
P97300,43000,41000,46000,44000,58000,60000,69000,73000
P97333,4200,4300,3800,3100,4800,4900,5600,6000
Q8BMT4,14000,13000,12000,13000,14000,14000,19000,20000
Q9CR47,26000,26000,25000,26000,49000,43000,120000,130000
O88491,15000,16000,20000,18000,25000,24000,27000,27000
Q1HFZ0,140000,140000,110000,130000,170000,160000,230000,230000
Q8K4F6,53000,52000,42000,57000,68000,65000,98000,98000
Q3UHB1,32000,32000,33000,32000,54000,51000,65000,63000
Q8R2U4,45000,47000,46000,49000,69000,64000,95000,92000
Q9R060,22000,23000,24000,21000,27000,27000,39000,37000
O35685,130000,130000,130000,120000,160000,160000,240000,240000
Q8R1N4,72000,72000,75000,71000,96000,91000,140000,140000
B1AS63,46000,45000,46000,44000,58000,55000,86000,88000
P53368,22000,22000,21000,19000,25000,25000,50000,50000
P0C027,25000,29000,22000,25000,40000,40000,45000,45000
Q8R2U6,27000,26000,27000,26000,44000,40000,48000,52000
Q9JKX6,110000,110000,130000,120000,130000,130000,170000,170000
Q8BVU5,73000,74000,80000,75000,93000,89000,120000,110000
Q9QXX8,27000,27000,25000,29000,43000,40000,66000,83000
Q5F2E7,42000,40000,33000,47000,78000,73000,100000,110000
Q9DBY8,94000,92000,81000,92000,110000,100000,160000,160000
P00860,7400,8500,7900,8200,41000,31000,75000,78000
Q9D136,7900,8500,8000,8900,9800,9900,15000,15000
Q7TQZ3,15000,18000,8000,30000,29000,31000,62000,71000
Q8BWG9,5900,5800,7300,6400,10000,9600,12000,13000
Q9JK30,58000,56000,58000,53000,59000,61000,84000,86000
O88708,30000,30000,30000,31000,35000,35000,44000,47000
Q9WUJ8,12000,11000,8100,11000,15000,13000,38000,38000
Q9CQZ0,36000,35000,35000,37000,41000,40000,55000,54000
Q9CPZ6,29000,29000,30000,34000,35000,34000,46000,43000
Q8K2C7,27000,27000,30000,28000,33000,32000,40000,41000
B2RRE7,54000,56000,34000,52000,69000,65000,85000,85000
Q3U2S4,19000,20000,25000,22000,35000,33000,54000,55000
Q8K2H2,59000,59000,49000,58000,68000,61000,92000,83000
B2RUR8,39000,38000,32000,37000,43000,43000,61000,59000
Q60715,28000,29000,33000,31000,58000,61000,83000,84000
Q60715-2,31000,31000,35000,32000,65000,67000,89000,95000
P50580,210000,210000,170000,190000,260000,250000,360000,380000
P29341,150000,140000,98000,160000,220000,200000,310000,330000
Q6PHQ9,94000,89000,62000,99000,140000,130000,290000,300000
Q9DCL9,150000,150000,150000,150000,170000,160000,240000,240000
Q91W45,30000,26000,33000,29000,50000,49000,61000,67000
Q9CQV1,63000,61000,59000,63000,72000,70000,94000,95000
Q91YI6,46000,45000,43000,46000,56000,55000,70000,71000
Q68ED3,47000,46000,44000,46000,61000,59000,78000,80000
Q6PCL9,48000,52000,48000,52000,69000,64000,79000,78000
Q9JK83,30000,29000,28000,27000,34000,32000,43000,41000
P17918,120000,120000,150000,130000,200000,180000,310000,310000
Q3UHX2,130000,120000,120000,130000,140000,140000,200000,210000
Q02242,7500,8100,10000,9100,40000,33000,61000,63000
Q6NS46,72000,65000,51000,75000,96000,91000,190000,180000
P46718,41000,42000,39000,38000,50000,51000,73000,78000
Q8C5N5,17000,17000,19000,16000,23000,22000,30000,29000
S4R2K0,41000,41000,40000,40000,47000,45000,60000,61000
Q922R8,120000,110000,130000,120000,160000,150000,220000,230000
Q3TML0,120000,110000,130000,120000,160000,150000,220000,230000
Q99MZ7,28000,29000,31000,28000,30000,30000,46000,45000
Q80X73,58000,55000,61000,54000,66000,65000,92000,96000
Q9EQ61,68000,63000,64000,65000,110000,98000,160000,160000
Q9WU28,110000,110000,110000,97000,120000,120000,150000,160000
Q03958,120000,110000,120000,110000,140000,140000,180000,200000
B1AVN8,13000,13000,9500,13000,16000,15000,35000,38000
B1AVP0,9700,9500,6900,9100,12000,11000,28000,30000
Q9D4J7,48000,48000,37000,54000,69000,70000,99000,130000
E2JF22,14000,14000,14000,14000,19000,18000,23000,24000
Q9QUR7,80000,79000,74000,76000,96000,95000,140000,140000
Q9CZX5,12000,11000,11000,13000,20000,18000,49000,48000
P70182,39000,39000,39000,44000,63000,60000,72000,77000
Q8BSF4,21000,21000,23000,23000,44000,39000,64000,65000
P53811,80000,80000,81000,82000,110000,110000,150000,160000
P97819,6500,7000,5900,6500,8000,7800,13000,14000
Q925T4,19000,18000,9600,20000,37000,31000,65000,62000
Q4KWH5,28000,27000,30000,27000,31000,31000,42000,41000
Q9R0E1,11000,11000,11000,11000,14000,12000,31000,31000
Q9R1Q7,24000,23000,22000,22000,23000,23000,33000,35000
Q9JJ00,24000,24000,23000,25000,52000,44000,150000,150000
P70206,16000,16000,16000,15000,20000,18000,24000,24000
Q3UH93,12000,13000,10000,13000,16000,14000,20000,19000
Q9WVQ0,20000,22000,13000,17000,18000,18000,24000,26000
Q9D1G2,39000,37000,38000,41000,45000,42000,97000,85000
Q9CPS7,72000,78000,74000,92000,120000,110000,160000,160000
Q91VA6,74000,74000,70000,72000,81000,78000,110000,110000
Q9WVF7,12000,13000,13000,12000,15000,14000,27000,28000
Q9JKP7,48000,44000,48000,45000,55000,52000,70000,71000
Q9CQ36,23000,24000,25000,25000,50000,47000,64000,67000
O35134,100000,98000,110000,96000,140000,130000,190000,190000
P70700,62000,58000,66000,59000,100000,91000,150000,150000
P52432,50000,55000,58000,51000,73000,70000,95000,97000
P97304,9100,6700,9600,8500,12000,12000,14000,15000
Q8K202,59000,58000,60000,58000,79000,77000,99000,98000
P61219,20000,21000,16000,17000,22000,22000,33000,34000
P59470,98000,96000,94000,95000,130000,120000,150000,150000
Q91WD1,39000,40000,29000,38000,48000,46000,63000,62000
Q9D2C6,20000,20000,23000,18000,30000,27000,41000,41000
Q8BKF1,22000,23000,21000,24000,28000,26000,44000,42000
Q9CQT5,57000,53000,65000,60000,95000,86000,140000,140000
Q8K205,46000,38000,35000,46000,52000,51000,77000,71000
Q64693,16000,16000,19000,19000,32000,26000,43000,43000
Q00196,20000,20000,17000,19000,36000,32000,120000,120000
Q9D819,150000,150000,150000,140000,180000,170000,230000,240000
Q91YU8,24000,23000,23000,24000,36000,37000,87000,84000
Q8CIH9,110000,110000,100000,110000,140000,130000,190000,190000
Q8C8U0,4300,5200,4700,4500,5600,5600,7700,7800
Q9CR16,160000,160000,150000,150000,180000,180000,250000,270000
Q62084,10000,9900,9800,9800,11000,12000,15000,16000
Q7TNP2,170000,170000,180000,160000,230000,220000,270000,280000
Q6NZN1,23000,23000,25000,24000,50000,44000,60000,60000
Q8R107,28000,28000,27000,26000,51000,47000,67000,65000
P20664,70000,70000,74000,70000,71000,71000,130000,130000
Q62074,22000,23000,22000,22000,37000,34000,48000,52000
Q922H1,63000,64000,62000,62000,75000,71000,100000,100000
Q8CIG8,110000,110000,120000,110000,130000,130000,190000,190000
Q922X9,45000,44000,42000,43000,57000,53000,80000,78000
P04925,12000,12000,11000,12000,40000,35000,38000,39000
Q08761,11000,9900,9800,12000,15000,16000,58000,57000
Q5PRE5,36000,35000,37000,36000,46000,42000,55000,59000
Q922U1,48000,46000,30000,51000,53000,54000,87000,89000
Q7TSC1,70000,70000,39000,60000,88000,87000,120000,130000
Q7TPM1,30000,29000,20000,31000,40000,39000,50000,53000
Q3TLH4,73000,69000,34000,60000,97000,99000,140000,140000
Q3TLH4-5,72000,69000,34000,60000,97000,99000,140000,140000
Q99K85,120000,120000,120000,120000,170000,160000,270000,280000
O55234,33000,31000,35000,32000,95000,79000,240000,260000
Q60692,110000,100000,120000,100000,130000,120000,200000,220000
P70195,140000,150000,140000,130000,160000,150000,210000,210000
P46471,160000,160000,160000,150000,180000,180000,240000,240000
P62196,150000,160000,150000,150000,170000,170000,230000,230000
O35226-2,150000,140000,130000,140000,170000,170000,220000,230000
P61290,81000,83000,86000,82000,120000,110000,170000,170000
Q9JK23,87000,88000,96000,84000,97000,95000,140000,140000
Q9CZH3,18000,18000,17000,17000,23000,20000,37000,35000
P0C7N9,30000,31000,29000,29000,38000,37000,59000,55000
Q8C2E4,21000,21000,21000,21000,24000,22000,32000,34000
P29352,50000,49000,38000,54000,90000,73000,92000,87000
Q80U78,83000,77000,89000,85000,110000,110000,130000,140000
Q80U78-2,83000,77000,89000,85000,110000,110000,130000,140000
Q91VU7,86000,88000,84000,83000,140000,130000,190000,190000
Q8K094,34000,33000,42000,36000,48000,47000,52000,55000
Q99LL5,94000,89000,92000,84000,130000,120000,180000,180000
Q8BU03,120000,110000,130000,110000,170000,160000,230000,230000
Q3TMV7,41000,42000,48000,41000,49000,47000,70000,73000
Q8BML9,110000,110000,100000,110000,130000,130000,160000,170000
B8ZXI1,62000,65000,66000,65000,82000,83000,98000,100000
Q8CHD8,13000,15000,16000,14000,43000,34000,45000,49000
Q8BQP8,12000,12000,12000,11000,15000,15000,16000,18000
P35288,20000,20000,20000,18000,24000,21000,28000,28000
P61028,160000,150000,150000,150000,220000,200000,280000,280000
A6H6A9,55000,54000,61000,52000,54000,56000,88000,85000
Q9JHK4,60000,57000,64000,58000,70000,69000,90000,92000
P53612,38000,37000,44000,40000,53000,49000,62000,61000
O55230,14000,14000,13000,13000,18000,17000,27000,33000
P34022,160000,150000,180000,160000,180000,170000,240000,240000
Q8BIV3,67000,66000,72000,64000,96000,90000,140000,140000
P46061,170000,160000,170000,160000,220000,210000,250000,250000
P27671,22000,23000,21000,23000,34000,30000,47000,49000
Q8R3C6,54000,49000,36000,58000,61000,59000,99000,110000
Q8CGC6,32000,33000,37000,36000,43000,42000,73000,71000
Q8C5L7,16000,16000,15000,18000,21000,19000,35000,31000
P86049,29000,33000,19000,30000,41000,36000,66000,69000
P31266,56000,57000,36000,61000,72000,69000,99000,97000
Q9JJT0,81000,80000,80000,78000,86000,83000,120000,120000
Q9QYF1,74000,67000,79000,72000,91000,84000,120000,120000
Q99KK1,44000,40000,40000,47000,52000,47000,69000,69000
P15307,100000,98000,94000,110000,170000,160000,190000,190000
Q04863,42000,41000,39000,36000,60000,58000,83000,81000
Q6PAQ4,57000,58000,47000,53000,68000,67000,140000,150000
Q9R1A8,10000,10000,9900,8900,13000,11000,14000,16000
Q8CIK8,18000,18000,17000,17000,29000,29000,40000,41000
Q8BHT7,23000,23000,23000,21000,28000,28000,35000,34000
Q9JL25,14000,13000,14000,14000,26000,24000,37000,36000
Q99LE1,16000,17000,17000,16000,26000,25000,57000,60000
Q922Q2,53000,50000,43000,54000,66000,63000,74000,73000
Q9CQS5,46000,43000,37000,50000,69000,63000,100000,96000
Q9DBU3,59000,59000,68000,64000,74000,69000,100000,110000
Q9WTV7,20000,20000,20000,20000,33000,31000,39000,38000
Q3UIW5,4000,3700,3500,3000,4800,4000,6800,6700
Q9QYK7,13000,12000,13000,12000,22000,20000,31000,31000
Q9D0C1,8400,7900,8400,8700,14000,12000,14000,14000
Q91YL2,17000,16000,19000,16000,20000,19000,31000,30000
Q7TMV1,63000,64000,50000,67000,64000,66000,110000,110000
Q5SWK7,14000,14000,11000,11000,16000,16000,23000,22000
Q80XJ2,4100,3900,4300,4000,5800,6300,9100,11000
Q9CY62,28000,26000,32000,29000,36000,34000,41000,42000
Q8BFX1,8700,9900,9900,9400,20000,17000,24000,26000
Q8K2Y0,25000,28000,28000,28000,39000,37000,65000,67000
Q9QZR0,24000,22000,22000,24000,33000,32000,37000,41000
Q9DCN7,9300,9000,8100,8600,11000,9900,13000,12000
Q5ND52,12000,13000,8800,14000,19000,18000,25000,25000
Q9D706,87000,84000,79000,80000,92000,90000,140000,140000
Q9JJ80,8400,8300,7900,10000,13000,12000,40000,39000
P47968,86000,86000,96000,83000,110000,110000,140000,140000
P47963,110000,99000,89000,120000,190000,170000,390000,400000
Q9CR57,28000,34000,28000,35000,64000,56000,260000,190000
Q9CPR4,84000,80000,75000,110000,150000,140000,340000,340000
P35980,100000,110000,54000,110000,140000,130000,280000,270000
P84099,61000,62000,52000,66000,95000,85000,220000,210000
O09167,130000,120000,110000,170000,190000,170000,390000,410000
Q9CQM8,130000,120000,110000,170000,190000,170000,360000,390000
P67984,100000,90000,76000,130000,160000,140000,290000,300000
Q9D7S7,15000,14000,13000,20000,19000,18000,34000,34000
P62830,110000,110000,92000,180000,170000,150000,350000,340000
P62751,110000,100000,79000,92000,180000,160000,370000,380000
Q8BP67,69000,61000,60000,75000,120000,110000,230000,220000
P61255,71000,70000,70000,110000,130000,120000,300000,310000
P61358,100000,98000,94000,120000,170000,160000,350000,340000
P14115,62000,58000,59000,72000,110000,95000,220000,240000
P41105,82000,72000,75000,120000,140000,120000,320000,310000
P27659,130000,120000,110000,140000,200000,190000,400000,390000
P62889,110000,100000,92000,140000,160000,150000,260000,260000
P62900,85000,73000,82000,110000,150000,140000,290000,290000
P62911,90000,82000,84000,83000,130000,130000,230000,240000
Q9D1R9,91000,84000,79000,130000,150000,130000,390000,320000
Q6ZWV7,65000,66000,53000,62000,140000,110000,360000,320000
O55142,130000,110000,110000,220000,180000,170000,360000,360000
P47964,42000,45000,45000,50000,64000,56000,110000,100000
Q6ZWZ4,79000,81000,77000,90000,110000,100000,200000,190000
P83882,74000,72000,64000,76000,140000,130000,230000,270000
Q9D823,10000,6400,12000,12000,17000,19000,38000,43000
P61514,68000,61000,57000,80000,120000,110000,280000,330000
Q9JJI8,97000,92000,83000,130000,130000,130000,260000,300000
P62892,61000,58000,52000,62000,83000,77000,150000,160000
E9PWZ3,82000,78000,72000,91000,120000,110000,190000,170000
Q9D8E6,89000,84000,63000,71000,140000,130000,310000,300000
P47962,150000,140000,130000,140000,210000,190000,330000,350000
P47911,78000,69000,54000,67000,160000,150000,410000,350000
P14148,89000,100000,63000,110000,190000,170000,350000,330000
P12970,73000,77000,62000,83000,140000,130000,470000,370000
P62918,61000,61000,50000,65000,140000,120000,350000,320000
P14869,190000,190000,170000,190000,210000,210000,280000,280000
P99027,530000,530000,580000,520000,680000,670000,910000,930000
Q80UU2,25000,24000,16000,28000,35000,37000,61000,51000
P63325,150000,130000,130000,160000,180000,170000,230000,240000
P63323,94000,96000,95000,90000,120000,120000,170000,170000
Q6ZWZ6,97000,100000,97000,93000,120000,110000,160000,160000
P62264,72000,72000,63000,89000,100000,93000,190000,200000
P62843,90000,86000,81000,100000,130000,120000,220000,220000
P63276,110000,100000,92000,140000,150000,140000,230000,230000
P62270,130000,120000,110000,170000,170000,150000,270000,260000
Q9CZX8,140000,110000,110000,210000,200000,180000,330000,320000
Q8C6B9,49000,50000,45000,41000,60000,58000,100000,110000
P25444,120000,120000,100000,170000,170000,170000,310000,310000
P60867,68000,64000,53000,85000,78000,75000,130000,120000
P62267,58000,54000,55000,76000,100000,92000,260000,270000
P62849,81000,79000,75000,75000,110000,110000,210000,210000
P62852,97000,87000,77000,120000,180000,150000,350000,360000
P62855,86000,84000,81000,83000,120000,120000,220000,230000
Q6ZWU9,73000,70000,65000,76000,99000,92000,150000,150000
Q6ZWY3,36000,34000,31000,37000,46000,42000,67000,68000
P62858,110000,110000,110000,110000,140000,140000,180000,190000
P62274,67000,46000,53000,83000,71000,64000,200000,190000
P97351,110000,110000,96000,130000,170000,160000,330000,330000
P97461,210000,200000,200000,240000,270000,260000,350000,340000
Q91V55,210000,210000,200000,240000,270000,260000,350000,340000
P62754,61000,57000,61000,67000,150000,120000,300000,280000
Q8BLK9,19000,20000,19000,18000,24000,23000,30000,30000
P62082,220000,210000,180000,220000,330000,320000,590000,630000
P62242,100000,99000,90000,98000,180000,160000,400000,390000
P14206,170000,170000,180000,170000,200000,190000,260000,260000
Q99PL5,47000,42000,32000,37000,53000,53000,89000,77000
Q99PL5-10,28000,26000,23000,25000,34000,34000,49000,42000
P07742,91000,90000,95000,92000,100000,99000,160000,160000
P11157,18000,18000,21000,20000,17000,14000,35000,39000
B2RS91,33000,34000,38000,35000,91000,76000,92000,92000
P56183,69000,62000,81000,82000,120000,110000,170000,170000
Q6P5B0,98000,85000,68000,83000,130000,120000,240000,240000
Q91YK2,63000,59000,58000,59000,100000,92000,170000,170000
Q3UFY0,7800,7800,7800,10000,9400,7900,16000,16000
Q9D1C9,29000,27000,25000,31000,37000,35000,78000,84000
Q9DB85,78000,78000,68000,78000,83000,78000,120000,130000
Q91WM3,44000,47000,40000,51000,59000,59000,84000,86000
Q9CYH6,26000,23000,22000,26000,48000,44000,120000,130000
Q8BVY0,38000,35000,31000,37000,64000,61000,230000,190000
Q99L28,26000,24000,27000,26000,56000,46000,120000,120000
Q9ES97,71000,67000,86000,85000,99000,98000,120000,120000
Q9CQK7,70000,72000,67000,67000,76000,74000,120000,110000
Q9CPR1,39000,38000,38000,36000,54000,50000,72000,77000
P57725,30000,30000,29000,35000,50000,46000,57000,59000
O88574,51000,41000,42000,53000,67000,69000,75000,88000
Q9Z315,160000,150000,97000,130000,160000,160000,220000,230000
P59808,15000,14000,15000,17000,24000,23000,25000,31000
Q8K190,41000,40000,43000,48000,53000,50000,64000,60000
Q689Z5,99000,95000,100000,96000,140000,130000,160000,160000
B2RRI2,100000,96000,100000,98000,140000,130000,160000,160000
Q6GQT6,31000,29000,31000,27000,38000,36000,43000,45000
Q8VCL2,25000,24000,25000,25000,31000,29000,36000,38000
Q80UZ2,84000,80000,65000,79000,130000,120000,180000,180000
O08992,25000,25000,31000,26000,53000,49000,62000,65000
Q61112,44000,44000,42000,39000,67000,68000,100000,97000
Q8C6I2,36000,34000,36000,38000,41000,40000,57000,55000
A2A9B9,31000,33000,31000,30000,40000,39000,50000,49000
Q62179,80000,80000,62000,54000,65000,60000,110000,120000
Q9QUR8,43000,43000,43000,44000,140000,120000,130000,130000
Q6P7W0,43000,42000,33000,42000,50000,49000,57000,59000
Q8C650,80000,75000,75000,72000,92000,87000,130000,140000
Q9CY58,87000,86000,54000,89000,130000,130000,240000,260000
Q9CY58-2,87000,86000,53000,89000,130000,130000,240000,260000
P84102,54000,45000,51000,59000,71000,66000,95000,110000
Q2YDW7,24000,21000,17000,22000,27000,26000,32000,33000
Q8BP27,50000,51000,62000,51000,66000,61000,110000,110000
Q9QXK9,59000,58000,59000,59000,86000,81000,100000,110000
Q06649,23000,22000,23000,23000,41000,39000,46000,48000
E9QJU7,23000,22000,23000,23000,41000,39000,49000,49000
Q69ZI1,13000,13000,15000,15000,18000,17000,23000,25000
Q8C120,12000,11000,11000,9800,17000,16000,26000,27000
P50431,100000,98000,100000,96000,180000,160000,260000,270000
Q9CZN7,120000,120000,110000,120000,160000,150000,270000,270000
Q7TMX5,30000,31000,31000,29000,60000,51000,100000,110000
Q8CFH6,48000,47000,50000,48000,68000,60000,78000,80000
Q6P4S6,58000,58000,60000,56000,93000,86000,110000,120000
E9PU87,58000,57000,59000,56000,93000,86000,110000,120000
Q9EPK6,20000,19000,20000,20000,29000,27000,36000,35000
E9Q6E9,3800,3400,4100,3900,5800,5700,6900,6500
Q9QUM4,31000,34000,41000,41000,140000,120000,180000,190000
P97440,13000,14000,13000,17000,28000,24000,40000,41000
P55012,28000,29000,29000,27000,47000,44000,78000,80000
P53986,67000,65000,63000,66000,130000,120000,190000,210000
Q3U9N9,23000,22000,20000,22000,27000,24000,47000,46000
P41438,6600,6900,6700,6100,12000,11000,23000,22000
P51912,29000,29000,31000,29000,82000,70000,140000,130000
Q9ESU7,31000,33000,33000,33000,84000,74000,140000,140000
Q9EPR4,14000,13000,12000,11000,20000,21000,31000,28000
Q8R0Z5,3600,4000,5200,4800,4600,4300,7000,6000
Q8BMG8,36000,37000,39000,37000,50000,45000,60000,60000
Q3TZX3,9300,8000,8100,8100,13000,12000,18000,19000
Q920G8,13000,14000,14000,14000,20000,19000,27000,26000
Q9JIM1,33000,34000,36000,40000,68000,61000,100000,99000
Q9JIM1-2,33000,34000,32000,37000,68000,61000,110000,100000
E9Q503,25000,25000,26000,31000,47000,41000,73000,71000
Q61672,7500,8300,8400,7400,19000,14000,43000,41000
P17809,36000,37000,34000,38000,46000,45000,58000,64000
Q8K211,9300,11000,9600,11000,13000,14000,19000,19000
A0A087WQH8,73000,74000,88000,94000,92000,90000,110000,110000
Q91ZN5,30000,32000,28000,26000,35000,34000,52000,52000
Q7TML3,11000,11000,9800,9900,18000,16000,25000,26000
Q8K2P7,39000,40000,44000,43000,78000,67000,87000,95000
Q5I012,28000,28000,28000,28000,36000,35000,44000,44000
Q8CFE6,45000,41000,45000,47000,76000,73000,83000,88000
Q6P5F6,36000,36000,35000,33000,49000,45000,62000,59000
Q8C145,29000,31000,23000,25000,51000,45000,58000,58000
P10852,89000,88000,100000,96000,190000,170000,240000,260000
Q8BTY2,22000,24000,22000,22000,39000,35000,51000,53000
Q5U4D8,12000,12000,11000,12000,28000,22000,38000,37000
O35316,16000,16000,17000,15000,33000,31000,75000,74000
Q09143,53000,51000,55000,55000,130000,110000,160000,170000
Q9Z127,52000,53000,57000,58000,110000,94000,140000,140000
Q7TPE5,44000,43000,51000,44000,79000,67000,100000,110000
Q9Z0I6,62000,62000,53000,49000,160000,140000,220000,220000
Q9CYY7,25000,27000,31000,26000,44000,41000,51000,49000
Q04692,56000,55000,58000,55000,75000,71000,97000,96000
Q3UMB5,18000,18000,19000,18000,25000,23000,27000,27000
Q8C1Q6,11000,12000,11000,14000,12000,12000,23000,23000
P97801,32000,31000,26000,27000,42000,39000,70000,74000
Q8R5A0,41000,43000,42000,42000,55000,52000,87000,92000
Q9CWR2,67000,69000,66000,65000,79000,77000,110000,110000
Q3TYX3,83000,77000,90000,77000,100000,94000,140000,150000
Q91XA5,24000,24000,20000,23000,30000,28000,38000,38000
Q8R2K7,4500,4600,6700,5600,5800,5100,7700,7400
Q78PY7,150000,150000,130000,150000,190000,180000,260000,260000
P62315,32000,34000,40000,32000,48000,49000,78000,61000
Q80W37,27000,26000,28000,26000,31000,30000,40000,40000
Q8C080,12000,13000,14000,11000,15000,14000,23000,23000
O70492,110000,120000,110000,110000,130000,140000,180000,190000
Q78ZM0,110000,120000,110000,110000,130000,140000,180000,190000
Q91VH2,27000,28000,31000,29000,32000,32000,56000,56000
Q3UMC0,98000,96000,72000,93000,130000,120000,190000,200000
Q62504,65000,65000,37000,59000,74000,73000,91000,93000
Q9CQC8,54000,55000,60000,57000,77000,74000,92000,93000
Q8K1L2,5500,6900,5600,6600,11000,9100,15000,15000
Q9QXV9,2500,2700,2800,2400,20000,17000,35000,34000
O35704,47000,43000,48000,45000,64000,61000,72000,78000
P52019,36000,36000,32000,32000,59000,58000,81000,79000
Q64337,8000,8200,9100,7800,11000,11000,15000,14000
Q64337-2,8300,8300,11000,8800,16000,15000,24000,24000
Q3U1N2,21000,20000,24000,26000,31000,31000,38000,37000
Q9CZ91,28000,26000,20000,40000,43000,38000,94000,94000
Q64674,100000,100000,110000,100000,140000,130000,220000,230000
P16254,84000,79000,77000,100000,120000,120000,190000,190000
Q9D104,28000,27000,22000,33000,33000,34000,47000,50000
Q9DBG7,100000,90000,78000,110000,120000,100000,170000,160000
F6T4M4,32000,32000,22000,26000,28000,29000,43000,42000
P32067,150000,130000,110000,180000,190000,180000,330000,330000
Q9JJ94,21000,21000,20000,20000,23000,25000,30000,36000
Q62186,75000,73000,80000,79000,94000,89000,110000,120000
P56873,5900,6000,6200,5500,9700,8600,15000,16000
Q9R2B6,21000,20000,20000,36000,51000,43000,81000,75000
Q99JV5,29000,29000,31000,26000,41000,38000,57000,56000
Q80SX0,30000,32000,34000,28000,42000,38000,56000,54000
Q8R1R3,15000,15000,16000,14000,16000,17000,23000,22000
Q9Z108,40000,40000,24000,40000,58000,53000,87000,86000
A2A5S3,42000,45000,28000,43000,62000,58000,89000,90000
Q9Z1Z2,120000,130000,140000,120000,160000,160000,230000,230000
Q91WM1,84000,84000,68000,84000,88000,88000,120000,120000
Q9WUD1,56000,57000,62000,59000,74000,71000,95000,98000
Q9D3G5,9200,9600,7900,10000,11000,9900,14000,14000
Q8C341,22000,21000,20000,22000,33000,33000,40000,37000
O35400,7600,8400,7900,7900,9100,9500,13000,14000
P09926,29000,27000,30000,31000,35000,32000,51000,55000
P70279,130000,110000,100000,110000,130000,130000,200000,200000
Q6A028,48000,45000,52000,51000,62000,60000,71000,73000
Q8K3D3,35000,37000,42000,32000,51000,49000,89000,80000
Q8K3D3-2,37000,38000,42000,37000,53000,52000,93000,87000
V9GXX7,37000,38000,42000,37000,53000,52000,93000,87000
Q7TMK9,180000,170000,100000,170000,200000,200000,270000,280000
Q6NXN1,46000,46000,47000,51000,58000,56000,76000,75000
Q9JJG0,16000,19000,17000,16000,21000,21000,36000,43000
Q9JJG0-3,17000,19000,18000,17000,21000,21000,35000,41000
P97357,29000,30000,30000,29000,38000,38000,45000,45000
Q9D4V4,16000,16000,19000,20000,23000,20000,32000,34000
Q9D4V4-3,10000,10000,12000,12000,14000,12000,18000,17000
Q9D0R2,140000,140000,110000,140000,160000,160000,190000,200000
Q3UKC1,67000,65000,77000,71000,92000,97000,130000,140000
Q9R099,24000,25000,23000,28000,32000,29000,37000,38000
Q8C4J7,74000,70000,81000,69000,110000,100000,150000,150000
Q64336,30000,32000,32000,35000,30000,29000,54000,52000
Q9JKD8,35000,36000,38000,35000,77000,70000,120000,130000
P83940,75000,83000,97000,84000,93000,97000,120000,130000
Q8CB77,17000,17000,14000,16000,18000,16000,27000,26000
Q61286,18000,17000,19000,17000,22000,22000,32000,29000
V9GXP0,11000,11000,12000,11000,14000,13000,17000,18000
Q8R3L2,53000,53000,50000,53000,67000,66000,91000,95000
P15806,24000,25000,26000,27000,22000,22000,42000,42000
P11983,200000,210000,200000,200000,240000,230000,310000,300000
P56581,15000,16000,9700,16000,27000,26000,53000,52000
Q9DC40,33000,33000,34000,33000,38000,38000,59000,60000
Q3TUU5,78000,67000,77000,80000,97000,92000,130000,120000
Q9JIZ5,37000,39000,42000,39000,47000,46000,73000,75000
Q3TL26,16000,17000,16000,15000,23000,21000,30000,31000
Q08639,40000,42000,39000,42000,50000,48000,78000,74000
Q62351,92000,86000,92000,92000,340000,290000,540000,540000
P04202,57000,58000,53000,59000,95000,87000,120000,120000
Q64729,33000,38000,34000,36000,63000,62000,75000,78000
Q923W1,39000,38000,44000,39000,62000,60000,84000,88000
A8C756,75000,76000,78000,75000,92000,84000,130000,130000
Q60610,3800,4500,4000,3800,5100,5000,6200,6300
Q9WV96,23000,24000,28000,23000,30000,32000,43000,44000
Q9Z0V8,13000,14000,15000,15000,43000,37000,71000,72000
Q9WTQ8,25000,26000,23000,27000,43000,40000,63000,64000
Q9D880,93000,92000,100000,94000,120000,110000,150000,150000
P62077,92000,89000,100000,87000,110000,110000,140000,140000
Q91WA1,29000,27000,37000,30000,36000,33000,54000,56000
Q9CR02,55000,52000,49000,61000,73000,70000,130000,120000
O70472,18000,15000,17000,19000,25000,25000,30000,32000
Q6PHN7,20000,20000,25000,25000,27000,24000,46000,49000
P52875,52000,48000,52000,51000,63000,62000,73000,78000
Q5SYH2,24000,25000,25000,26000,36000,34000,58000,60000
Q9D771,20000,20000,20000,21000,25000,23000,32000,31000
Q8BM55,85000,86000,75000,82000,98000,96000,130000,130000
Q8CIV2,11000,11000,15000,15000,15000,15000,20000,20000
Q9CR67,110000,110000,110000,120000,140000,130000,200000,210000
Q7TQE6,49000,42000,38000,41000,58000,55000,73000,78000
Q8BXJ9,13000,13000,13000,14000,11000,11000,19000,17000
Q8BXN9,56000,53000,55000,51000,66000,65000,86000,86000
Q8VD00,16000,15000,14000,18000,21000,20000,35000,36000
Q3V209,26000,27000,31000,28000,34000,33000,43000,42000
Q9QZM4,12000,12000,11000,12000,29000,25000,33000,33000
O35714,18000,18000,18000,16000,21000,19000,32000,26000
P47741,9200,8700,11000,12000,16000,16000,27000,32000
O35235,20000,21000,39000,31000,120000,91000,160000,160000
P32972,21000,20000,23000,20000,140000,110000,200000,230000
P41274,9700,9500,11000,12000,20000,18000,28000,24000
Q99JG7,4600,4000,5400,4700,7500,6400,9000,10000
Q3UHK8,17000,16000,15000,17000,20000,20000,25000,26000
Q9QYA2,130000,130000,110000,130000,140000,140000,190000,180000
Q9CZW5,160000,150000,140000,160000,180000,180000,250000,250000
Q04750,62000,65000,56000,86000,83000,86000,150000,140000
Q6ZQF0,43000,43000,41000,46000,46000,44000,78000,82000
Q9CYZ2,130000,130000,120000,120000,140000,130000,190000,190000
A2AI08,19000,19000,16000,19000,22000,21000,27000,27000
O70281,34000,35000,30000,34000,40000,39000,64000,67000
P63028,130000,130000,140000,130000,220000,200000,290000,300000
Q9CQN1,120000,120000,130000,120000,150000,140000,220000,220000
Q78XR0,23000,22000,25000,23000,24000,24000,36000,33000
Q91XB0,28000,29000,28000,27000,29000,29000,46000,44000
Q61510,79000,76000,64000,75000,82000,80000,110000,110000
Q62158,18000,18000,18000,17000,27000,25000,28000,28000
Q8CH72,49000,50000,55000,49000,63000,60000,81000,81000
Q9QXA7,12000,14000,15000,12000,27000,26000,32000,33000
Q8CJ53,23000,24000,24000,23000,26000,28000,37000,37000
D6RG86,29000,29000,27000,29000,36000,34000,50000,50000
Q8BYH3,14000,15000,15000,15000,16000,17000,25000,23000
Q8BNV1,52000,52000,49000,50000,57000,59000,75000,79000
Q3UYU2,51000,52000,49000,50000,57000,58000,77000,80000
Q8CE96,86000,86000,68000,83000,93000,94000,110000,120000
Q9JLV2,25000,26000,23000,24000,34000,36000,46000,46000
Q91WG3,15000,15000,15000,15000,21000,20000,26000,26000
Q5SWD9,84000,74000,56000,91000,98000,92000,160000,150000
Q5HZH2,35000,35000,35000,36000,49000,46000,83000,81000
Q3U269,14000,14000,15000,14000,27000,23000,49000,47000
Q91Z38,80000,74000,86000,74000,90000,89000,110000,120000
E9Q723,37000,39000,37000,37000,45000,46000,56000,56000
E9PVB5,18000,21000,22000,20000,30000,28000,35000,35000
Q8CD92,42000,42000,46000,43000,82000,68000,150000,160000
O88196,12000,13000,7400,13000,15000,15000,24000,23000
Q8BYY4,35000,36000,37000,38000,54000,50000,77000,78000
Q8R3H9,50000,52000,53000,50000,60000,57000,89000,91000
Q91V83,21000,21000,22000,19000,24000,23000,34000,33000
Q8BGV4,22000,23000,22000,22000,26000,26000,39000,39000
Q9D8T4,13000,14000,13000,13000,15000,15000,20000,19000
Q78WZ7,49000,48000,50000,54000,58000,58000,74000,73000
Q9EP52,6100,6700,8200,6900,12000,11000,14000,16000
Q6PAM1,94000,89000,90000,94000,150000,130000,220000,220000
Q8BHN1,69000,67000,71000,70000,96000,92000,110000,120000
Q6P6J9,23000,24000,26000,23000,20000,20000,34000,33000
Q9CQ79,65000,68000,76000,70000,130000,120000,200000,210000
Q9JMH6,77000,90000,49000,89000,160000,160000,190000,200000
Q99MD6,31000,31000,30000,33000,72000,64000,93000,100000
Q8BJM7,30000,31000,32000,31000,35000,35000,47000,47000
Q8BSA9,41000,39000,32000,41000,44000,44000,67000,68000
Q91VX2,33000,32000,22000,34000,73000,66000,120000,130000
Q80X50,110000,110000,77000,110000,160000,160000,230000,240000
Q80X50-2,110000,110000,77000,110000,160000,160000,230000,240000
Q8BGG7,92000,85000,73000,83000,110000,110000,120000,130000
Q9Z255,95000,96000,99000,94000,140000,130000,180000,180000
Q9JJZ4,83000,74000,94000,90000,98000,97000,130000,130000
Q6P073,26000,26000,28000,26000,40000,37000,46000,40000
Q6ZPJ3,58000,60000,61000,55000,79000,76000,120000,120000
Q921J4,9000,8800,9700,12000,21000,19000,23000,23000
Q9DC60,25000,27000,25000,24000,29000,28000,58000,58000
Q9EPV8,65000,62000,55000,60000,85000,84000,120000,120000
Q80WC1,11000,13000,11000,12000,13000,12000,17000,19000
Q925F4,6600,7400,7700,6200,11000,11000,13000,17000
Q99KJ0,28000,29000,31000,30000,46000,41000,59000,56000
Q8VCH8,93000,88000,82000,90000,120000,110000,160000,160000
Q9QZ49,25000,24000,25000,26000,27000,28000,46000,44000
Q99PM9,52000,52000,48000,56000,95000,83000,160000,150000
P70406,26000,25000,22000,20000,41000,39000,45000,41000
Q3U1V6,9500,9500,10000,9700,12000,13000,18000,20000
Q8VDF2,22000,21000,17000,24000,21000,21000,64000,76000
P13439,100000,100000,110000,100000,150000,140000,210000,220000
P97931,34000,33000,24000,32000,42000,37000,69000,65000
Q9EPU0,130000,130000,110000,130000,160000,150000,190000,190000
Q3ULL6,10000,11000,6300,9700,12000,11000,21000,21000
Q9CWU6,34000,33000,37000,35000,38000,35000,56000,53000
Q9CQY6,32000,32000,36000,35000,39000,35000,62000,62000
Q9CQ56,65000,55000,68000,69000,100000,95000,140000,140000
Q8BJQ2,30000,28000,26000,28000,51000,46000,78000,77000
P52479,82000,83000,88000,82000,120000,110000,160000,170000
Q3UJD6,85000,86000,74000,90000,110000,100000,130000,130000
Q8R5K2,23000,26000,25000,26000,35000,32000,46000,42000
B1AQJ2,56000,47000,46000,52000,81000,72000,130000,140000
Q8BWR4,53000,56000,49000,61000,64000,63000,91000,99000
B2RQC2,30000,32000,34000,31000,45000,43000,65000,65000
Q9CZJ1,13000,17000,15000,23000,18000,18000,65000,62000
Q640M1,43000,44000,32000,37000,63000,59000,150000,160000
Q8C7V3,110000,110000,94000,120000,140000,140000,190000,200000
Q5SSI6,100000,89000,64000,100000,110000,100000,180000,190000
Q5XG71,81000,71000,89000,62000,120000,100000,180000,170000
Q9JI13,34000,33000,28000,34000,50000,45000,100000,99000
Q8VCY6,110000,100000,110000,96000,150000,140000,200000,200000
G3UZX1,61000,64000,52000,61000,65000,65000,81000,89000
Q62465,29000,30000,31000,33000,36000,35000,45000,44000
Q8C436,34000,36000,40000,37000,48000,46000,80000,84000
P40338,22000,22000,25000,23000,35000,32000,51000,51000
Q9BCZ4,21000,23000,24000,25000,31000,29000,36000,38000
Q8CHS8,11000,11000,14000,10000,14000,14000,19000,21000
Q5SPW0,5300,5100,5900,6700,7100,6900,9200,7800
Q91YD9,68000,70000,57000,64000,84000,81000,90000,93000
Q61048,59000,59000,53000,55000,70000,67000,91000,87000
Q9DD24,14000,14000,19000,16000,16000,15000,22000,26000
P59328,47000,48000,43000,48000,46000,48000,85000,89000
Q9JJA4,120000,120000,140000,130000,150000,150000,190000,200000
Q8BHB4,74000,71000,70000,74000,100000,95000,150000,150000
Q3TAQ9,120000,110000,120000,110000,150000,140000,230000,230000
Q6ZQL4,120000,120000,120000,120000,160000,160000,220000,220000
Q9Z0H1,33000,32000,26000,27000,39000,39000,88000,86000
Q8VCG3,50000,49000,46000,50000,65000,60000,97000,99000
Q3U821,90000,80000,110000,77000,150000,140000,200000,200000
Q99J09,78000,82000,84000,76000,96000,94000,140000,130000
P47810,12000,12000,11000,12000,18000,15000,29000,28000
Q8BVE8,18000,17000,14000,17000,22000,22000,29000,36000
Q8CHP5,61000,63000,51000,59000,73000,73000,86000,93000
Q9DBH0,36000,37000,32000,35000,41000,41000,50000,51000
Q9CRT8,100000,99000,110000,100000,130000,120000,180000,180000
Q9Z0U0,13000,14000,13000,13000,18000,17000,22000,22000
Q8BYL4,63000,59000,68000,66000,82000,83000,120000,120000
P62960,79000,76000,65000,84000,140000,130000,250000,270000
Q9JKB3,48000,44000,40000,50000,110000,96000,270000,280000
Q9JKB3-2,49000,45000,41000,51000,110000,97000,280000,300000
Q14BV6,13000,14000,14000,12000,15000,15000,20000,20000
Q9CX30,32000,32000,32000,30000,36000,37000,54000,52000
O88967,110000,100000,100000,110000,130000,120000,180000,190000
Q8CB27,25000,24000,23000,27000,28000,28000,41000,41000
Q3U5F4,54000,56000,63000,61000,99000,91000,120000,120000
P59326,79000,78000,71000,75000,100000,96000,130000,130000
Q91YT7,110000,100000,100000,100000,160000,150000,230000,240000
Q8BYK6,120000,120000,110000,120000,160000,150000,190000,200000
Q8R205,24000,25000,26000,25000,32000,30000,39000,37000
Q8BIY3,32000,32000,20000,20000,30000,30000,67000,64000
E9QNR7,33000,32000,22000,22000,30000,31000,62000,59000
Q3TIV5,99000,94000,63000,84000,130000,130000,210000,220000
Q9JJ48,30000,26000,31000,29000,39000,36000,53000,58000
Q69ZB8,24000,24000,24000,23000,35000,36000,48000,50000
B1AX39,37000,27000,30000,35000,54000,53000,61000,65000
Q8R1J3,26000,27000,26000,27000,42000,36000,75000,74000
Q8VDZ4,57000,54000,50000,53000,70000,70000,87000,82000
O88878,5400,6200,6600,5000,10000,8300,12000,14000
R4GML0,29000,28000,21000,28000,39000,36000,52000,49000
E9Q6D6,12000,12000,13000,11000,21000,20000,26000,27000
P23949,30000,28000,31000,32000,28000,29000,43000,43000
Q8VCL4,3900,3900,4300,3600,7500,6500,8700,8500
Q9CQG3,14000,14000,12000,12000,43000,37000,58000,57000
Q9ERU3,54000,55000,42000,60000,57000,58000,100000,120000
Q99LI5,52000,55000,31000,58000,72000,68000,96000,100000
Q922H9,18000,19000,21000,18000,29000,27000,39000,38000
Q8C1M2,10000,11000,13000,13000,14000,15000,18000,18000
Q9DB42,89000,84000,81000,85000,120000,110000,190000,190000
Q80YR4,53000,56000,32000,55000,63000,57000,91000,89000
Q8BZ47,10000,10000,6800,11000,16000,16000,24000,25000
Q0VEE6,12000,10000,6600,10000,14000,14000,22000,24000
Q9QY66,25000,26000,27000,25000,31000,29000,42000,41000
Q9CQK1,9300,8400,7400,9100,12000,12000,23000,23000
Q3UFB2,47000,45000,45000,46000,91000,80000,140000,150000
Q791N7,7400,8100,9100,7700,10000,9900,16000,16000
Q62384,130000,120000,140000,120000,150000,150000,200000,200000
O54692,74000,74000,82000,74000,88000,85000,120000,120000
Q9CQU5,45000,44000,40000,48000,110000,99000,140000,150000
P41234,17000,16000,13000,14000,10000,11000,10000,10000
P17981,25000,26000,8400,11000,8900,12000,5900,6400
O35975,100000,90000,43000,52000,44000,51000,41000,39000
Q91VY6,78000,73000,31000,38000,28000,35000,33000,30000
P27577,190000,190000,160000,160000,94000,120000,100000,97000
P55086,23000,22000,11000,13000,6400,8600,5300,4800
Q80U16,170000,170000,130000,120000,92000,100000,73000,71000
O88842,73000,71000,62000,59000,46000,51000,44000,40000
Q8R316,35000,31000,28000,28000,19000,21000,19000,19000
Q60843,15000,15000,5100,7800,7400,7800,8800,9100
Q60948,60000,62000,46000,49000,29000,35000,41000,37000
O08692,49000,48000,33000,41000,30000,33000,25000,19000
P54369,5000,4500,3700,3700,3700,4100,2400,3100
F6V0H0,31000,30000,26000,22000,20000,22000,20000,19000
Q5DU28,55000,62000,36000,43000,27000,34000,20000,21000
Q61823,270000,270000,160000,180000,88000,120000,83000,80000
Q7TMJ8,26000,35000,14000,16000,9500,12000,8300,7400
Q8BZB2,6700,7200,5400,4100,3800,4700,2000,2300
O08530,29000,29000,20000,24000,13000,13000,12000,12000
P18337,77000,73000,41000,41000,35000,48000,40000,36000
O09126,150000,150000,130000,130000,100000,110000,99000,100000
Q8R4L0,26000,27000,19000,19000,17000,18000,19000,17000
Q8K1H7,56000,50000,43000,41000,26000,32000,26000,26000
Q8BH02,27000,28000,26000,21000,15000,17000,20000,18000
Q8BG60,150000,150000,45000,53000,38000,61000,38000,40000
P21460,40000,47000,40000,37000,26000,26000,34000,34000
Q61462,39000,40000,39000,46000,30000,30000,48000,43000
Q8K057,29000,31000,34000,33000,22000,21000,32000,32000
O70394,21000,23000,23000,22000,17000,16000,26000,25000
Q62137,52000,48000,56000,50000,32000,33000,40000,42000
P10820,20000,21000,21000,20000,13000,14000,19000,18000
Q9WUU8,85000,83000,77000,69000,53000,57000,78000,80000
Q9WUU8-3,84000,83000,76000,68000,53000,58000,79000,80000
E9QM75,85000,84000,77000,68000,52000,56000,76000,78000
Z4YNA9,41000,39000,40000,38000,31000,31000,21000,19000
Q99P81,45000,43000,48000,43000,39000,39000,29000,28000
Q8CE08,20000,20000,21000,21000,14000,15000,13000,11000
Q61288,19000,20000,19000,18000,15000,15000,12000,12000
Q60936,33000,33000,28000,31000,25000,27000,22000,21000
P39654,75000,70000,83000,74000,63000,64000,51000,46000
O08739,95000,96000,87000,93000,87000,88000,63000,64000
Q6DFX2,46000,47000,46000,42000,34000,36000,27000,28000
P10107,57000,56000,61000,56000,47000,48000,38000,36000
Q6P068,11000,11000,9900,9900,8300,7700,7600,6800
Q9EQP6,23000,23000,20000,21000,19000,18000,11000,11000
Q67FY2,72000,76000,69000,67000,59000,66000,47000,51000
P13634,72000,69000,96000,82000,35000,35000,25000,27000
P00920,130000,120000,140000,130000,100000,110000,90000,86000
Q8VBX4,44000,40000,56000,49000,38000,42000,34000,29000
P31996,51000,54000,52000,57000,39000,47000,33000,34000
Q3U0X8,34000,35000,36000,29000,18000,20000,15000,15000
P46414,110000,110000,120000,110000,60000,77000,39000,39000
Q60773,49000,51000,60000,50000,34000,37000,36000,35000
Q8BTU1,90000,85000,93000,100000,80000,74000,63000,65000
O35744,37000,37000,35000,34000,28000,27000,23000,21000
Q80XD1,33000,34000,31000,29000,27000,27000,21000,22000
Q06890,21000,24000,24000,21000,11000,10000,9000,7500
Q9D5U8,28000,28000,25000,26000,23000,24000,17000,17000
P47936,54000,56000,50000,53000,33000,37000,31000,30000
Q8CDG5,21000,21000,22000,22000,12000,13000,15000,12000
P49935,41000,42000,49000,45000,34000,34000,26000,25000
P56203,21000,20000,19000,23000,14000,15000,12000,13000
Q80YW0,140000,150000,130000,130000,100000,120000,90000,89000
E9PZQ1,59000,57000,52000,59000,48000,48000,39000,37000
O88673,200000,200000,210000,190000,160000,160000,130000,130000
Q6NS52,89000,91000,95000,86000,75000,81000,58000,58000
P41158,73000,72000,63000,71000,69000,70000,47000,49000
Q8BYZ7,22000,22000,21000,21000,19000,20000,14000,14000
P49290,25000,28000,29000,34000,20000,20000,17000,15000
P81270,79000,70000,75000,65000,54000,58000,44000,43000
P20934,27000,30000,29000,29000,23000,22000,20000,17000
Q5SVD0,120000,120000,110000,100000,52000,67000,30000,26000
Q78T81,44000,44000,44000,45000,36000,38000,27000,26000
Q80U16-5,160000,160000,130000,130000,99000,110000,73000,71000
Q8C552,30000,34000,28000,29000,22000,23000,17000,17000
P20491,47000,44000,48000,45000,31000,32000,30000,26000
Q9R1E0,130000,120000,110000,120000,93000,99000,77000,82000
H9H9R4,44000,48000,39000,37000,24000,27000,17000,18000
P15105,58000,57000,57000,52000,42000,44000,29000,32000
D3Z6F0,84000,85000,85000,86000,65000,70000,53000,48000
E9Q357,99000,85000,87000,83000,84000,83000,60000,59000
G3UZV2,68000,68000,55000,65000,46000,52000,30000,30000
Q9ERL7,280000,280000,300000,260000,250000,260000,190000,190000
Q9Z282,76000,72000,81000,70000,48000,52000,42000,41000
P11352,200000,200000,200000,180000,140000,150000,84000,110000
O35127,54000,56000,63000,57000,36000,38000,33000,35000
O78196,34000,30000,34000,35000,21000,22000,19000,18000
Q31093,45000,44000,60000,51000,41000,43000,24000,32000
F8VQG4,32000,35000,31000,33000,26000,27000,22000,21000
Q9JKS5,40000,40000,43000,37000,34000,37000,26000,26000
P02088,110000,100000,140000,110000,87000,91000,73000,71000
A8DUK4,130000,120000,150000,130000,100000,110000,83000,83000
P50172,190000,180000,210000,200000,180000,180000,130000,130000
Q9EQ06,95000,91000,100000,100000,85000,87000,65000,58000
Q3U2S8,110000,110000,110000,130000,98000,100000,70000,68000
A0A075B5U2,41000,42000,41000,41000,36000,40000,27000,28000
A0A075B5U7,32000,32000,35000,31000,27000,29000,20000,20000
A0A075B5W2,28000,26000,28000,29000,26000,25000,19000,19000
A0A075B5W3,25000,21000,28000,28000,21000,22000,13000,15000
P01749,28000,23000,29000,29000,24000,24000,15000,18000
A0A075B5Y2,32000,26000,32000,33000,26000,27000,17000,19000
A0A075B5Q4,9400,8700,10000,10000,8600,8700,6600,6700
A0A075B5T2,41000,41000,49000,46000,37000,39000,28000,29000
A0A075B5R2,21000,21000,29000,22000,15000,16000,13000,12000
A0A075B5X4,24000,22000,29000,25000,20000,23000,15000,16000
A0A075B5W0,38000,37000,45000,42000,33000,37000,25000,26000
P01592,28000,26000,36000,30000,25000,25000,15000,15000
A0A075B5P2,110000,100000,130000,120000,97000,100000,78000,73000
F6XWB2,65000,59000,74000,67000,59000,60000,40000,40000
A0A087WNJ0,40000,38000,38000,42000,35000,38000,25000,24000
A0A087WNI9,19000,18000,21000,20000,15000,16000,11000,12000
A0A075B5L4,13000,13000,19000,14000,11000,10000,7500,7400
A0A075B677,12000,11000,14000,13000,12000,11000,8700,8100
A0A087WNJ9,21000,18000,24000,21000,18000,18000,13000,14000
A0A075B5N4,22000,19000,25000,21000,18000,18000,13000,14000
A0A087WNJ3,26000,23000,29000,27000,21000,22000,15000,17000
P01844,18000,19000,22000,19000,14000,16000,12000,11000
Q61098,44000,43000,44000,40000,37000,38000,27000,26000
P16872,71000,74000,71000,68000,40000,48000,28000,27000
Q8K3X4,100000,100000,110000,98000,86000,88000,68000,68000
P26011,73000,75000,82000,81000,49000,52000,51000,57000
Q8BVL9,69000,68000,63000,65000,52000,53000,37000,38000
P11627,51000,52000,51000,49000,42000,42000,33000,32000
A2A6H1,230000,220000,210000,200000,190000,200000,150000,150000
P08071,44000,44000,34000,37000,29000,29000,22000,20000
P03888,58000,60000,73000,93000,52000,55000,42000,37000
P01635,16000,14000,18000,20000,14000,14000,8300,9700
P01675,23000,23000,28000,25000,20000,21000,17000,15000
P01843,9100,8900,12000,10000,7200,7000,5200,5100
Q810N5,31000,30000,31000,30000,26000,28000,18000,19000
O70145,45000,44000,49000,48000,38000,40000,28000,27000
Q3KNJ2,51000,48000,41000,44000,43000,46000,34000,32000
Q8BHB0,23000,24000,21000,20000,17000,18000,14000,13000
P59913,12000,14000,11000,12000,8700,8800,7200,8000
B4XVQ1,63000,64000,71000,65000,47000,50000,34000,35000
Q6KAU7,55000,55000,48000,51000,43000,45000,35000,34000
Q8R0C0,29000,29000,30000,27000,25000,26000,19000,20000
Q3V3Q4,93000,90000,74000,87000,64000,71000,42000,42000
D3Z5G0,39000,40000,36000,39000,29000,32000,18000,19000
Q9JKM7,37000,34000,37000,37000,32000,34000,22000,23000
Q9Z0F6,72000,74000,76000,78000,66000,69000,50000,52000
Q9WTJ5,49000,48000,51000,46000,40000,41000,30000,32000
Q5SVL6,13000,14000,13000,13000,11000,11000,8600,9100
Q60790,170000,170000,160000,160000,140000,160000,110000,110000
Q64700,66000,64000,68000,62000,57000,57000,44000,41000
Q3UZA1,130000,120000,120000,110000,100000,110000,75000,79000
Q8C050,130000,130000,130000,130000,100000,110000,82000,81000
D6RD00,53000,53000,66000,61000,42000,47000,37000,32000
P14069,100000,89000,98000,95000,79000,77000,65000,63000
P31725,68000,65000,65000,60000,57000,55000,41000,38000
P17563,39000,40000,35000,38000,31000,33000,25000,24000
Q62178,48000,47000,46000,43000,35000,37000,24000,23000
Q9ERE3,62000,61000,59000,59000,52000,52000,41000,40000
Q8CGA3,21000,20000,24000,23000,18000,19000,14000,14000
Q8BZ00,56000,55000,58000,62000,40000,45000,24000,24000
O35253,11000,12000,9800,10000,8400,8200,6100,6000
P70158,47000,47000,48000,43000,35000,36000,29000,29000
O88307,56000,56000,55000,49000,36000,38000,40000,37000
P15508,72000,62000,78000,74000,63000,69000,47000,48000
Q64685,50000,48000,49000,46000,33000,35000,28000,27000
Q8BG48,140000,130000,120000,140000,140000,130000,87000,89000
Q8BJS4,160000,150000,160000,160000,130000,140000,100000,98000
Q8BJS4-3,160000,150000,160000,160000,130000,140000,100000,98000
Q6ZWQ0,130000,120000,130000,120000,110000,110000,76000,76000
Q6ZWQ0-3,110000,100000,110000,100000,89000,89000,60000,63000
Q8C9V1,140000,140000,130000,150000,110000,120000,96000,91000
P01849,100000,100000,110000,97000,76000,82000,62000,60000
Q8C5P7,77000,78000,78000,70000,63000,67000,50000,52000
Q62312,65000,64000,67000,58000,44000,47000,41000,36000
Q3UBX0,21000,21000,20000,17000,16000,18000,13000,12000
Q8C4Q9,15000,16000,15000,19000,12000,13000,9800,9800
Q8BFQ2,18000,17000,15000,18000,11000,11000,10000,10000
Q149F5,58000,52000,53000,58000,35000,39000,27000,27000
Q9D8Y7,66000,60000,70000,73000,57000,62000,43000,38000
A0A075B625,7700,7700,8400,8700,6400,6900,5900,5000
Q5R1F6,48000,47000,53000,46000,40000,41000,33000,32000
A0A075B647,100000,87000,110000,92000,74000,76000,58000,59000
Q9Z2S7,160000,150000,170000,140000,120000,120000,100000,98000
A3KMP2,190000,190000,200000,180000,150000,160000,110000,110000
P42682,38000,39000,32000,38000,28000,30000,20000,20000
Q8R0J7,140000,140000,140000,130000,110000,110000,85000,84000
Q9WV66,16000,15000,16000,20000,16000,15000,16000,16000
D3YUR8,61000,55000,54000,60000,46000,43000,67000,61000
Q8R3W2,9800,11000,11000,9500,9300,10000,9000,8200
D3Z687,110000,110000,93000,99000,95000,98000,91000,92000
E9Q5B2,76000,70000,60000,63000,67000,67000,72000,77000
G5E8X1,140000,120000,130000,120000,120000,130000,120000,130000
B7ZC71,120000,99000,130000,110000,110000,120000,100000,110000
A2A8E2,110000,98000,130000,100000,110000,120000,110000,110000
D3YZC4,5800,5900,6900,6300,6500,5900,8100,8100
J3QNR9,20000,20000,17000,22000,16000,19000,24000,22000
D3YWR8,7500,7600,7500,7900,7400,8900,9700,9900
D3Z316,53000,52000,50000,60000,60000,60000,76000,81000
F8WIU1,62000,62000,62000,58000,63000,65000,78000,79000
D6RG65,96000,94000,98000,88000,83000,92000,76000,79000
Q9D937,61000,51000,68000,62000,62000,62000,79000,76000
Q3U687,58000,56000,54000,55000,47000,47000,40000,39000
G3X8U3,150000,150000,160000,140000,150000,150000,150000,150000
H3BLG8,15000,17000,16000,15000,15000,16000,19000,18000
G5E8E3,18000,15000,8300,31000,16000,17000,24000,26000
G3X9J4,65000,62000,67000,60000,63000,65000,63000,63000
D3Z373,31000,34000,34000,33000,33000,32000,31000,33000
B1ATA0,31000,33000,28000,30000,31000,31000,29000,30000
D6RCI4,36000,38000,43000,39000,42000,42000,45000,46000
A0A087WQ28,27000,25000,32000,29000,32000,31000,33000,37000
F6QQ55,16000,16000,16000,15000,14000,15000,18000,17000
B1AV75,21000,20000,22000,20000,20000,19000,20000,21000
D6RIJ8,100000,100000,89000,100000,110000,100000,110000,110000
E9Q0E2,12000,12000,7100,13000,11000,12000,14000,14000
Q5U452,62000,57000,46000,78000,55000,55000,58000,58000
F6X2I0,7300,7100,7600,6700,8200,7100,8800,8100
Q3U3D8,5300,6400,6000,5400,6700,5800,6800,6600
D3Z1F7,12000,9500,12000,13000,15000,15000,15000,16000
Q8C0W0,72000,75000,81000,72000,69000,70000,59000,58000
E9Q2T4,17000,17000,14000,19000,15000,16000,17000,15000
E9PWP9,21000,19000,17000,19000,23000,23000,23000,22000
E9Q1N0,59000,57000,54000,57000,58000,63000,59000,60000
D6RI50,12000,12000,11000,11000,14000,14000,14000,13000
F2Z444,22000,23000,14000,23000,21000,20000,22000,22000
H7BX33,14000,13000,14000,13000,20000,19000,20000,19000
B1APX2,7300,7700,8500,6600,8700,8300,8600,8900
J3KMQ6,28000,30000,29000,28000,30000,27000,29000,32000
Q0VAW6,58000,61000,69000,55000,73000,72000,80000,82000
E9QMK9,98000,98000,110000,98000,93000,94000,84000,78000
I1E4X5,81000,82000,84000,80000,72000,72000,65000,64000
G3X941,27000,27000,17000,31000,25000,26000,36000,33000
Q5SVP0,160000,150000,170000,160000,190000,200000,170000,180000
Q5SVP2,160000,150000,170000,160000,190000,200000,170000,180000
Q6GQT1,18000,18000,32000,22000,19000,21000,21000,18000
E9PUH0,18000,20000,11000,20000,22000,20000,21000,24000
E9Q7Y4,8900,11000,6000,12000,9200,10000,7100,5900
A9C473,3700,4400,1700,2800,4800,6100,17000,34000
Z4YLY4,12000,12000,10000,13000,14000,12000,13000,14000
P58742,63000,64000,66000,60000,62000,63000,67000,67000
Q8R2R3,54000,57000,73000,55000,64000,62000,73000,75000
Q3UHJ0,160000,160000,160000,160000,160000,160000,130000,140000
Q8R0P4,77000,82000,81000,80000,76000,75000,54000,56000
Q9D2V5,16000,16000,17000,14000,18000,20000,24000,21000
Q14CH7,34000,34000,35000,33000,36000,35000,50000,48000
Q3THG9,74000,75000,72000,77000,77000,75000,100000,110000
Q9JKX4,110000,120000,120000,110000,130000,130000,160000,170000
Q5SSE9,57000,54000,58000,59000,64000,60000,65000,57000
Q91V24,58000,58000,58000,56000,56000,56000,52000,49000
Q9JI39,110000,110000,99000,100000,120000,110000,110000,110000
P21447,39000,39000,41000,39000,40000,40000,41000,42000
Q61102,97000,93000,110000,94000,94000,94000,99000,95000
Q9CXJ4,49000,49000,51000,49000,48000,45000,44000,42000
Q9R1X5,30000,29000,31000,29000,36000,34000,37000,36000
P48410,33000,34000,36000,35000,31000,32000,28000,27000
Q61285,29000,28000,28000,32000,31000,33000,23000,28000
P55096,47000,44000,47000,46000,46000,46000,51000,50000
O89016,21000,21000,21000,22000,23000,21000,22000,22000
Q8K268,120000,110000,110000,110000,130000,130000,160000,160000
Q64343,40000,40000,39000,39000,35000,37000,29000,30000
Q7TMS5,41000,40000,40000,37000,34000,34000,30000,25000
Q6PE15,31000,32000,34000,32000,31000,31000,31000,29000
Q8K4F5,160000,150000,160000,150000,160000,160000,170000,160000
Q99LR1,60000,59000,59000,57000,59000,59000,57000,59000
Q80UX8,7900,8800,8500,7900,9200,8400,8100,7700
Q8VCR7,59000,57000,54000,55000,53000,53000,48000,48000
Q5F2F2,63000,60000,62000,62000,56000,53000,49000,47000
Q9Z1Q2,25000,25000,27000,26000,26000,25000,24000,24000
Q99JW1,59000,59000,51000,57000,53000,57000,43000,45000
Q7M759,45000,46000,46000,45000,48000,49000,50000,51000
Q8VCV1,19000,18000,16000,18000,17000,17000,15000,14000
Q8R2Y0,42000,42000,42000,41000,41000,42000,45000,46000
Q8CBW3,160000,140000,150000,140000,150000,150000,150000,150000
Q8BYZ1,99000,98000,99000,96000,91000,95000,81000,82000
P00520,21000,20000,16000,24000,22000,23000,25000,26000
Q4JIM5,16000,18000,14000,17000,20000,19000,21000,21000
F8VQH0,16000,17000,13000,17000,19000,19000,22000,22000
Q8K4G5,210000,210000,200000,200000,180000,190000,150000,150000
Q5SSL4,140000,140000,140000,130000,130000,130000,110000,120000
Q4KML4,190000,190000,180000,160000,190000,190000,150000,170000
Q7TQI7,33000,33000,34000,34000,43000,42000,43000,41000
Q921H8,66000,69000,56000,64000,61000,63000,61000,62000
Q8BWT1,180000,180000,190000,180000,170000,180000,140000,140000
Q8K370,75000,74000,79000,76000,71000,74000,60000,61000
Q80XL6,20000,21000,20000,20000,20000,21000,23000,22000
D3Z7X0,77000,75000,78000,74000,71000,72000,60000,60000
Q9D7B6,48000,48000,50000,45000,46000,45000,42000,41000
Q8JZN5,110000,110000,120000,120000,110000,120000,110000,110000
P51174,170000,170000,180000,170000,160000,170000,140000,140000
P45952,170000,170000,180000,160000,160000,170000,160000,160000
Q07417,180000,170000,200000,160000,160000,170000,150000,150000
Q9DBL1,80000,80000,85000,75000,72000,73000,74000,70000
P50544,160000,160000,160000,150000,160000,160000,150000,160000
Q8K2H4,120000,120000,100000,110000,110000,110000,88000,90000
Q6ZQK5,110000,110000,110000,100000,100000,110000,97000,94000
Q6NXL5,11000,12000,11000,12000,12000,12000,12000,12000
Q8QZT1,210000,200000,220000,200000,190000,200000,170000,160000
Q8CAY6,120000,120000,130000,110000,110000,120000,120000,120000
Q80X81,120000,110000,130000,120000,110000,120000,120000,120000
Q8BMP6,59000,59000,57000,55000,63000,64000,70000,70000
Q5XG73,52000,51000,51000,50000,52000,54000,51000,49000
A2AIG8,37000,39000,37000,37000,36000,36000,30000,28000
Q5EE38,48000,45000,53000,45000,47000,44000,48000,47000
B8JJ92,150000,150000,160000,150000,160000,160000,170000,170000
Q9JIX8-4,170000,160000,190000,170000,180000,180000,180000,180000
Q9JIX8,170000,160000,190000,170000,180000,180000,180000,180000
P28271,170000,160000,180000,170000,170000,170000,160000,160000
Q99KI0,180000,180000,180000,180000,180000,180000,180000,180000
O55137,160000,160000,170000,150000,140000,150000,140000,130000
Q8VHQ9,47000,49000,49000,45000,42000,44000,42000,40000
Q9CQR4,110000,120000,130000,120000,94000,98000,85000,80000
Q9QYR9,150000,160000,170000,150000,150000,150000,140000,130000
Q32Q92,28000,29000,30000,28000,31000,31000,33000,34000
P58137,36000,38000,42000,35000,41000,41000,43000,44000
Q9R0X4,130000,130000,140000,130000,130000,130000,120000,120000
Q9R0H0,27000,27000,28000,27000,34000,34000,32000,31000
Q9EPL9,80000,81000,84000,77000,74000,77000,64000,64000
Q9D358,50000,49000,54000,50000,48000,48000,45000,51000
Q9D358-2,35000,38000,39000,38000,35000,37000,34000,36000
P24638,12000,12000,12000,13000,15000,14000,15000,15000
Q05117,24000,28000,22000,25000,21000,20000,24000,24000
Q8BP40,140000,140000,140000,130000,140000,140000,130000,130000
Q2XU92,20000,25000,24000,19000,24000,19000,23000,21000
Q8VCW8,160000,160000,170000,150000,150000,150000,130000,120000
Q3URE1,59000,61000,66000,58000,56000,58000,54000,52000
P41216,52000,51000,56000,50000,52000,53000,56000,52000
Q9CZW4,35000,33000,36000,32000,49000,45000,50000,50000
Q8JZR0,89000,84000,94000,88000,95000,92000,110000,110000
Q99NB1,130000,130000,110000,130000,120000,120000,94000,92000
Q9QXG4,210000,200000,210000,210000,190000,200000,140000,140000
P68134,34000000,34000000,36000000,34000000,33000000,34000000,29000000,29000000
P60710,34000000,34000000,35000000,34000000,33000000,34000000,30000000,30000000
E9Q5F4,34000000,34000000,35000000,34000000,33000000,34000000,30000000,30000000
Q8BFZ3,35000000,34000000,36000000,34000000,33000000,34000000,29000000,29000000
P63268,35000000,34000000,36000000,34000000,33000000,34000000,29000000,29000000
Q9Z2N8,160000,160000,170000,150000,160000,160000,160000,160000
Q99MR0,62000,48000,69000,62000,62000,63000,56000,58000
A1BN54,250000,260000,260000,250000,250000,250000,220000,220000
Q7TPR4,250000,260000,260000,250000,250000,250000,220000,220000
Q9JI91,140000,150000,160000,140000,150000,150000,130000,130000
D3Z0L8,190000,200000,200000,190000,200000,200000,190000,180000
P57780,240000,240000,250000,230000,240000,250000,230000,240000
Q9QZB7,70000,69000,70000,68000,79000,79000,86000,88000
P61164,170000,170000,180000,170000,180000,180000,170000,170000
Q8R5C5,160000,160000,170000,150000,170000,170000,160000,160000
P61161,470000,490000,470000,460000,470000,480000,440000,430000
Q99JY9,260000,260000,270000,250000,250000,260000,240000,240000
Q80US4,82000,82000,86000,77000,79000,79000,79000,78000
Q9D864,23000,24000,24000,22000,23000,24000,24000,25000
Q8R2S9,51000,49000,51000,52000,51000,51000,55000,55000
Q61271,30000,30000,28000,28000,31000,31000,30000,29000
Q99JW2,100000,100000,100000,96000,110000,110000,130000,140000
P56376,150000,140000,150000,140000,130000,140000,110000,110000
P56375,15000,14000,15000,12000,12000,13000,12000,14000
P03958,150000,150000,150000,140000,140000,140000,130000,130000
Q80SY6,51000,46000,48000,43000,46000,45000,38000,39000
E9PY16,23000,23000,22000,22000,23000,24000,22000,23000
Q99MU3,91000,93000,72000,93000,100000,99000,100000,100000
Q9JHI2,44000,45000,40000,41000,45000,44000,47000,46000
Q6P6J0,37000,29000,52000,44000,41000,41000,51000,53000
Q6PAT0,48000,43000,48000,46000,52000,49000,45000,53000
Q9D0L4,31000,33000,32000,31000,33000,34000,38000,39000
Q566J8,23000,23000,19000,24000,21000,22000,27000,27000
Q80V03,27000,29000,28000,27000,27000,28000,33000,32000
Q8VHH7,13000,14000,12000,11000,12000,13000,9700,12000
P84309,85000,81000,80000,89000,72000,74000,62000,59000
Q01341,6200,5400,7900,7100,5600,5400,5400,3900
P51829,61000,60000,63000,64000,55000,57000,49000,47000
Q9QYC0,150000,150000,130000,140000,130000,130000,110000,110000
E9Q1K3,130000,130000,120000,120000,110000,110000,94000,94000
Q9QYB5,150000,160000,140000,150000,140000,150000,120000,120000
Q9QYB5-2,150000,160000,140000,150000,140000,150000,120000,120000
P00329,170000,180000,160000,170000,170000,170000,140000,130000
P28474,180000,180000,180000,170000,180000,190000,170000,180000
Q99JT9,90000,91000,91000,88000,88000,89000,97000,95000
Q8BQS5,5400,6900,9500,8000,9800,8700,10000,8900
P55264,190000,180000,210000,190000,200000,200000,180000,190000
Q9Z103,110000,100000,88000,110000,100000,100000,110000,110000
A2BDX0,110000,110000,87000,110000,100000,100000,110000,110000
Q8CHC8,48000,46000,37000,47000,47000,45000,48000,50000
Q6PDY2,78000,77000,75000,79000,81000,78000,77000,77000
Q8VDL4,99000,96000,110000,98000,100000,100000,100000,95000
P54923,160000,160000,160000,140000,160000,150000,150000,160000
Q8CG72,150000,150000,150000,140000,140000,140000,130000,140000
Q99KS6,21000,22000,23000,21000,24000,24000,21000,24000
Q99MK8,170000,170000,160000,170000,150000,160000,130000,140000
Q9JKV1,130000,130000,120000,120000,140000,130000,160000,160000
P54822,170000,170000,170000,160000,170000,170000,190000,180000
P28650,51000,51000,54000,56000,55000,57000,60000,60000
P63002,28000,27000,37000,28000,24000,24000,21000,20000
Q80YS6,17000,15000,11000,18000,20000,18000,25000,26000
O88573,16000,15000,13000,13000,14000,15000,13000,13000
P51827,55000,51000,51000,52000,39000,42000,53000,54000
Q9ESC8,32000,31000,28000,32000,35000,35000,40000,39000
Q920A7,45000,47000,43000,45000,47000,44000,65000,61000
Q8JZQ2,150000,150000,150000,150000,150000,160000,150000,150000
Q80WT5,100000,100000,110000,95000,110000,110000,120000,120000
Q3UHD9,140000,120000,78000,140000,120000,120000,100000,110000
Q8VHH5,37000,37000,29000,37000,40000,39000,48000,47000
Q09M02,21000,18000,18000,20000,20000,19000,18000,18000
Q8K2K6,100000,96000,99000,95000,120000,120000,140000,150000
Q80WC7,71000,63000,69000,64000,66000,66000,63000,64000
Q7TN31,37000,36000,37000,36000,46000,45000,52000,55000
Q9ESW4,120000,120000,110000,120000,120000,120000,120000,120000
Q8CJG1,150000,150000,140000,150000,150000,150000,140000,140000
Q8CJG0,160000,160000,160000,160000,170000,170000,160000,160000
Q8CJF9,150000,150000,140000,150000,150000,150000,140000,140000
O35083,15000,15000,14000,14000,13000,13000,14000,13000
Q8K3K7,38000,36000,41000,37000,36000,36000,39000,36000
Q9D517,80000,75000,75000,83000,72000,72000,85000,79000
Q8K4X7,44000,41000,52000,50000,50000,48000,58000,57000
Q8K2C8,36000,31000,36000,33000,42000,38000,46000,46000
Q8C0I1,78000,81000,77000,78000,86000,85000,97000,98000
Q641K1,11000,11000,10000,11000,11000,12000,12000,13000
Q8CJF7,75000,74000,43000,65000,82000,91000,94000,93000
P50247,210000,210000,210000,200000,210000,210000,200000,200000
Q80SW1,140000,140000,140000,130000,160000,160000,170000,180000
F8WGT1,140000,140000,140000,140000,160000,160000,160000,160000
Q68FL4,140000,140000,140000,140000,160000,160000,160000,160000
Q6PAL7,48000,47000,23000,43000,38000,38000,39000,41000
E9Q616,160000,160000,94000,160000,140000,130000,120000,110000
E9Q3L4,24000,23000,23000,26000,24000,24000,21000,23000
E9QNR6,100000,98000,110000,93000,100000,100000,91000,93000
Q8C4Q6,36000,37000,29000,36000,36000,37000,36000,35000
Q9Z0X1,140000,140000,140000,130000,130000,140000,140000,140000
E9PVP1,50000,50000,55000,51000,46000,50000,40000,41000
Q91VJ1,59000,58000,34000,60000,52000,51000,56000,57000
O08915,150000,150000,160000,140000,140000,140000,150000,160000
Q9WTP6,140000,140000,160000,140000,160000,150000,170000,160000
F7BP55,140000,140000,160000,140000,150000,150000,160000,160000
Q9WTP7,140000,140000,140000,130000,130000,130000,120000,120000
Q9D2H2,26000,26000,34000,23000,27000,25000,33000,30000
O88845,39000,38000,37000,38000,45000,43000,44000,46000
E9Q777,58000,60000,61000,56000,61000,59000,67000,64000
Q9WTQ5,48000,48000,53000,47000,45000,47000,39000,39000
E9Q474,150000,140000,73000,160000,140000,140000,130000,130000
E9Q9K8,49000,46000,46000,43000,43000,43000,40000,37000
Q9DBR0,160000,150000,170000,160000,170000,170000,180000,190000
Q5RL57,110000,100000,120000,110000,100000,100000,78000,82000
Q9R0L7,110000,110000,110000,110000,100000,100000,87000,89000
Q70FJ1,100000,100000,100000,98000,97000,98000,100000,99000
E9QQ10,100000,100000,100000,98000,98000,98000,100000,99000
Q9JJR5,8700,9300,6400,9900,24000,8200,8000,10000
Q99LF1,23000,22000,25000,22000,31000,30000,33000,30000
B1AXD8,5800,6900,6000,6700,9500,8300,8900,8300
Q80VW7,92000,94000,59000,96000,82000,80000,69000,69000
Q9JII6,170000,160000,180000,160000,160000,160000,140000,140000
P45376,220000,230000,230000,220000,210000,220000,200000,200000
G5E895,190000,180000,170000,170000,170000,180000,150000,160000
Q9JLI0,84000,87000,85000,81000,80000,81000,68000,69000
Q8VC28,84000,88000,83000,80000,80000,81000,68000,70000
Q9DCT1,57000,57000,52000,50000,50000,52000,52000,52000
Q8CG76,130000,130000,130000,120000,110000,120000,110000,110000
P31750,110000,110000,130000,110000,110000,110000,110000,110000
Q9D1F4,42000,43000,42000,40000,39000,42000,50000,48000
Q60823,140000,140000,150000,140000,150000,150000,150000,160000
Q9WUA6,19000,17000,20000,18000,20000,18000,21000,20000
P10518,50000,52000,53000,48000,49000,49000,63000,63000
P07724,120000,110000,160000,110000,77000,88000,63000,62000
D3Z0B9,100000,99000,100000,100000,95000,95000,94000,91000
Q571I9,99000,98000,100000,99000,96000,95000,93000,91000
Q9Z110,130000,130000,120000,130000,150000,140000,170000,170000
P24549,53000,51000,70000,60000,52000,48000,43000,36000
Q9CZS1,98000,96000,110000,92000,87000,86000,75000,71000
Q8R0Y6,52000,51000,53000,54000,50000,49000,46000,47000
P47738,130000,130000,140000,130000,120000,130000,110000,110000
P47740,150000,140000,130000,140000,140000,140000,120000,120000
Q8CHT0,140000,140000,150000,140000,130000,130000,110000,110000
Q8BWF0,58000,59000,59000,52000,51000,51000,44000,44000
Q9EQ20,120000,120000,130000,110000,110000,110000,96000,92000
Q9DBF1,78000,81000,85000,72000,71000,73000,72000,68000
Q9DBF1-2,78000,81000,84000,72000,72000,73000,73000,71000
Q9JLJ2,160000,160000,170000,160000,160000,160000,150000,160000
P05064,330000,330000,340000,320000,340000,340000,410000,410000
A6ZI44,330000,330000,340000,320000,340000,340000,410000,410000
A6ZI47,320000,320000,330000,300000,340000,340000,410000,420000
P05063,200000,190000,210000,190000,200000,200000,210000,220000
Q921Q3,31000,27000,35000,31000,31000,32000,32000,30000
Q3UGP8,22000,22000,22000,24000,20000,21000,22000,19000
Q3TZM9,61000,57000,69000,55000,66000,63000,75000,69000
Q8VDB2,48000,48000,44000,46000,43000,44000,46000,44000
Q9D8C3,38000,42000,45000,38000,42000,43000,47000,47000
Q9D081,39000,40000,29000,40000,42000,42000,44000,49000
Q9DBE8,77000,74000,79000,72000,78000,76000,73000,70000
Q8K2A8,39000,38000,38000,48000,39000,39000,49000,48000
Q9DB25,100000,96000,97000,96000,100000,100000,110000,110000
Q6P8H8,36000,33000,34000,40000,37000,36000,51000,50000
Q8VDI9,39000,35000,33000,39000,38000,36000,43000,43000
P0CB42,31000,33000,32000,30000,37000,37000,41000,45000
Q8K1E6,45000,44000,44000,42000,44000,46000,49000,50000
Q3TSG4,53000,47000,32000,53000,46000,46000,52000,53000
P48999,18000,19000,20000,21000,18000,16000,17000,15000
Q920R0,31000,27000,29000,28000,31000,29000,30000,28000
Q60I26,58000,57000,61000,56000,45000,46000,39000,40000
O09174,41000,40000,42000,41000,40000,38000,40000,36000
Q8JZV7,91000,88000,89000,87000,87000,86000,81000,80000
Q9R049,21000,21000,25000,23000,25000,25000,31000,30000
Q80ZD9,20000,19000,20000,20000,14000,14000,16000,18000
A2AE27,82000,80000,82000,79000,94000,93000,110000,110000
Q9DBT5,80000,77000,81000,78000,94000,92000,110000,120000
Q400C8,38000,41000,40000,38000,39000,39000,37000,36000
P53995,54000,58000,56000,53000,58000,58000,65000,68000
Q9CPV2,10000,12000,13000,11000,16000,13000,17000,18000
Q8BZQ7,47000,47000,53000,50000,50000,49000,57000,55000
Q91W96,49000,48000,61000,48000,51000,49000,65000,60000
Q8BTZ4,81000,80000,83000,80000,82000,82000,89000,89000
Q9WVM3,37000,38000,36000,38000,41000,40000,52000,51000
Q8K1C0,57000,57000,56000,55000,50000,51000,47000,49000
Q810B6,120000,120000,120000,120000,120000,130000,130000,130000
F6RUI8,41000,43000,28000,40000,49000,45000,59000,54000
Q6ZPS6,22000,23000,22000,22000,29000,27000,27000,27000
Q3TPE9,88000,85000,92000,87000,79000,85000,80000,94000
Q99LW0,45000,41000,45000,42000,52000,51000,61000,61000
E9Q4F8,51000,49000,35000,44000,54000,56000,53000,54000
Q80UP5,86000,84000,90000,80000,80000,80000,72000,71000
A2AS55,15000,16000,17000,14000,15000,15000,17000,16000
Q3UMR0,43000,43000,46000,43000,48000,46000,57000,59000
Q505D1,57000,58000,55000,57000,65000,64000,83000,80000
Q5SUE8,19000,19000,19000,18000,20000,19000,23000,23000
B2RXR6,150000,150000,160000,150000,140000,150000,130000,140000
J3QNJ4,150000,140000,160000,140000,140000,150000,130000,130000
Q8BTZ5,10000,10000,9200,9300,11000,11000,13000,14000
F7BE84,23000,23000,20000,21000,24000,22000,24000,21000
Q91WK7,30000,30000,28000,32000,30000,33000,26000,27000
P59672,43000,41000,41000,38000,43000,44000,50000,53000
Q8BIZ1,13000,11000,14000,12000,13000,13000,14000,16000
Q9CZK6,35000,38000,34000,34000,37000,39000,40000,43000
Q80UU1,55000,53000,48000,53000,51000,57000,55000,54000
Q8BH79,97000,92000,86000,90000,87000,89000,81000,78000
Q6P9J9,70000,68000,72000,69000,69000,70000,64000,62000
O35381,370000,360000,360000,360000,340000,360000,300000,310000
Q9EST5,300000,300000,300000,300000,290000,300000,290000,300000
P97822,100000,100000,110000,97000,96000,100000,98000,100000
P97449,16000,17000,16000,16000,16000,16000,15000,15000
P97384,170000,170000,180000,160000,160000,170000,140000,140000
P07356,160000,160000,140000,160000,140000,150000,120000,120000
O35639,32000,35000,35000,33000,32000,30000,30000,27000
P97429,110000,110000,110000,100000,100000,110000,95000,90000
P48036,200000,190000,220000,200000,180000,190000,140000,140000
F8WIT2,230000,220000,230000,220000,210000,220000,180000,180000
P14824,220000,220000,230000,220000,210000,220000,180000,180000
Q07076,120000,120000,130000,120000,120000,120000,120000,130000
E9PYF7,19000,19000,19000,19000,22000,23000,23000,25000
O35643,200000,190000,200000,190000,190000,190000,190000,190000
P22892,160000,150000,160000,160000,150000,150000,160000,160000
O88512,120000,130000,120000,120000,110000,120000,110000,110000
P35585,160000,160000,160000,150000,150000,150000,150000,150000
P61967,97000,98000,100000,110000,97000,97000,89000,92000
Q3TIV9,98000,93000,100000,99000,96000,96000,81000,77000
Q8BW87,96000,91000,100000,100000,95000,94000,83000,81000
Q9DB50,97000,90000,100000,110000,96000,94000,82000,77000
Q7TN05,94000,90000,100000,100000,98000,94000,93000,90000
P17426,160000,160000,170000,160000,160000,160000,170000,170000
P17427,170000,170000,180000,170000,170000,170000,170000,170000
Q9DBG3,180000,180000,190000,170000,190000,190000,210000,200000
P84091,130000,130000,120000,140000,140000,130000,140000,130000
P62743,120000,120000,110000,110000,110000,120000,110000,100000
Q9Z1T1,170000,160000,170000,160000,160000,160000,160000,160000
Q9JME5,88000,87000,99000,86000,78000,78000,82000,79000
O54774,140000,140000,110000,140000,140000,140000,130000,130000
Q9JKC8,110000,110000,98000,110000,110000,110000,120000,110000
Q8R2R9,120000,120000,99000,120000,110000,110000,100000,97000
Q9DCR2,100000,100000,95000,92000,99000,100000,94000,99000
Q8BSZ2,34000,39000,51000,36000,35000,37000,41000,41000
Q9WV76,19000,18000,18000,17000,19000,19000,17000,18000
Q80V94,39000,38000,42000,38000,42000,41000,49000,47000
Q9JKC7,25000,26000,26000,27000,24000,26000,26000,26000
Q9WVL1,9900,9700,11000,11000,11000,10000,12000,12000
Q3TAP4,12000,15000,16000,13000,14000,12000,14000,14000
Q8BJ63,22000,22000,21000,22000,20000,20000,21000,21000
Q3U829,48000,49000,52000,48000,42000,43000,40000,38000
O88879,98000,94000,96000,95000,94000,97000,82000,84000
O88888,13000,12000,14000,12000,12000,12000,12000,12000
Q8R5A3,170000,180000,160000,170000,160000,160000,140000,150000
Q61315,120000,120000,110000,110000,120000,120000,120000,110000
Q8R146,160000,160000,180000,160000,160000,160000,160000,160000
P28352,170000,150000,150000,160000,160000,170000,140000,140000
Q8BVF7,47000,49000,42000,50000,59000,59000,61000,62000
O35841,180000,180000,170000,170000,180000,190000,180000,180000
Q9WVQ5,50000,50000,53000,49000,48000,50000,43000,45000
Q9D842,14000,14000,16000,14000,14000,14000,13000,13000
Q9D7N9,180000,170000,180000,170000,170000,180000,160000,150000
Q8K4Z3,140000,140000,150000,140000,130000,140000,110000,110000
Q99J72,77000,72000,80000,81000,69000,74000,78000,74000
Q3TI69,52000,48000,55000,55000,46000,50000,53000,49000
Q8VBT6,27000,27000,29000,27000,25000,24000,23000,24000
Q8C6E1,42000,40000,39000,48000,56000,63000,60000,58000
Q9DCZ4,71000,72000,75000,66000,68000,69000,76000,71000
Q78IK4,130000,130000,140000,130000,130000,140000,120000,130000
Q8K3H0,110000,100000,110000,98000,100000,110000,100000,100000
Q8K3G9,66000,69000,71000,64000,60000,64000,55000,55000
P08030,170000,170000,190000,170000,180000,180000,220000,230000
Q7TQC5,56000,54000,41000,55000,58000,56000,60000,66000
Q8CFQ3,110000,100000,110000,100000,120000,120000,140000,140000
P04627,92000,92000,85000,88000,81000,82000,76000,76000
Q4LDD4,53000,53000,52000,50000,51000,52000,47000,48000
Q8BZ05,44000,41000,28000,38000,43000,42000,47000,44000
E9QP44,44000,40000,28000,46000,42000,42000,45000,44000
Q5XJY5,140000,140000,140000,140000,150000,150000,160000,160000
Q8CHG5,37000,37000,43000,37000,41000,39000,48000,48000
Q8BSL7,160000,160000,160000,160000,170000,170000,170000,170000
P61205,160000,160000,160000,160000,170000,170000,170000,170000
P61750,160000,150000,150000,170000,170000,170000,180000,170000
P84084,170000,170000,170000,180000,170000,180000,170000,170000
P62331,67000,66000,65000,68000,80000,75000,86000,83000
Q9EPJ9,100000,100000,120000,100000,120000,120000,130000,140000
Q99K28,110000,110000,83000,110000,110000,110000,140000,130000
Q9D8S3,18000,19000,14000,18000,19000,19000,19000,19000
G3X9K3,97000,96000,110000,100000,100000,100000,110000,110000
A2A5R2,92000,87000,97000,93000,91000,91000,94000,94000
G5E8V9,160000,160000,160000,150000,150000,160000,150000,150000
E9Q3G5,160000,150000,160000,150000,150000,160000,150000,150000
A2RSX9,160000,160000,160000,150000,150000,160000,150000,150000
Q8K221,29000,32000,30000,29000,30000,29000,39000,37000
Q8BXL7,47000,48000,42000,44000,56000,56000,61000,61000
Q3UL36,130000,100000,120000,120000,130000,130000,130000,140000
Q5FWK3,180000,180000,180000,180000,180000,190000,160000,170000
Q6Y5D8,41000,41000,40000,39000,42000,41000,42000,42000
S4R248,47000,47000,36000,47000,49000,51000,50000,50000
Q8C0D4,48000,47000,37000,46000,49000,51000,50000,50000
Q811M1,190000,180000,140000,190000,160000,150000,120000,130000
Q3UIA2,85000,81000,76000,82000,90000,90000,93000,96000
Q3UIA2-2,85000,79000,74000,83000,92000,93000,92000,97000
Q8K0Q5,49000,50000,45000,48000,44000,44000,38000,37000
Q8BYW1,200000,190000,200000,180000,180000,180000,140000,150000
Q6ZQ82,33000,31000,32000,31000,30000,31000,26000,28000
A2AB59-2,130000,120000,110000,120000,110000,120000,84000,89000
A2AB59,130000,120000,110000,120000,110000,120000,86000,90000
Q640N3,170000,160000,140000,150000,140000,150000,130000,130000
A6X8Z5,38000,38000,33000,38000,43000,41000,43000,44000
Q811P8,73000,70000,66000,68000,69000,73000,62000,65000
B1AUY3,160000,160000,150000,160000,140000,150000,120000,120000
P97393,35000,37000,21000,37000,37000,35000,36000,36000
Q8QZW8,140000,150000,120000,140000,120000,120000,100000,100000
Q99PT1,360000,360000,380000,360000,360000,370000,350000,350000
Q61599,4700000,4700000,5000000,4500000,4300000,4500000,3400000,3400000
Q61210,220000,220000,160000,210000,200000,200000,180000,180000
Q61210-2,220000,220000,160000,210000,200000,200000,180000,180000
Q61210-5,220000,210000,160000,220000,200000,200000,180000,180000
Q68FM7,38000,38000,32000,32000,30000,32000,27000,27000
Q6P9R4,100000,100000,66000,100000,95000,92000,74000,71000
H3BJU7,89000,88000,68000,90000,88000,88000,110000,110000
P97433,4500,4400,4100,4300,3900,3800,3200,3600
Q91X46,55000,55000,55000,55000,78000,75000,60000,59000
Q8K4I3,180000,170000,160000,160000,150000,160000,130000,140000
Q9ES28,120000,110000,120000,110000,120000,130000,130000,130000
A2BH40-2,170000,170000,180000,170000,160000,170000,150000,150000
A2BH40,170000,170000,180000,170000,160000,170000,160000,150000
E9Q4N7,100000,96000,110000,98000,95000,97000,80000,80000
E9Q7E2,95000,95000,100000,98000,94000,95000,97000,96000
Q62431,22000,22000,25000,23000,22000,22000,23000,22000
Q9Z1N7,25000,26000,26000,25000,28000,27000,26000,26000
F8VPQ2,120000,120000,110000,110000,110000,110000,99000,95000
A2CG63,78000,75000,80000,78000,90000,93000,86000,89000
Q3U108,40000,37000,28000,38000,44000,46000,37000,38000
Q8BM75,12000,13000,8400,14000,18000,17000,19000,18000
Q9Z1K5,95000,98000,93000,96000,100000,100000,110000,120000
Q9Z1K6,38000,36000,45000,40000,49000,48000,48000,49000
P61211,120000,120000,120000,130000,140000,140000,170000,180000
Q640N2,23000,23000,22000,24000,24000,25000,34000,31000
Q8BIX3,62000,64000,57000,58000,56000,56000,59000,57000
Q9D0J4,32000,33000,30000,29000,31000,30000,37000,36000
Q9D385,28000,29000,30000,27000,27000,27000,22000,22000
Q9WUL7,72000,69000,73000,69000,75000,73000,100000,110000
P61208,21000,23000,24000,21000,23000,22000,29000,29000
Q9JKW0,23000,21000,28000,23000,25000,24000,27000,27000
Q9JM93,66000,58000,71000,62000,64000,65000,52000,48000
Q8R5J9,210000,210000,210000,210000,220000,220000,210000,200000
Q8BH07,68000,62000,54000,62000,59000,59000,57000,52000
Q8VEH3,110000,110000,100000,110000,110000,110000,91000,89000
Q9CQW2,110000,110000,98000,98000,110000,110000,100000,100000
Q9D7A8,75000,76000,79000,77000,89000,84000,100000,100000
Q9D0L7,76000,74000,64000,76000,69000,69000,69000,69000
Q8BNU0,67000,66000,72000,66000,78000,74000,97000,98000
Q3UJZ3,130000,120000,120000,120000,99000,110000,93000,95000
Q9DBR3,110000,110000,120000,100000,110000,110000,110000,110000
G3X920,110000,110000,120000,110000,120000,120000,120000,120000
P53762,24000,22000,25000,25000,24000,25000,26000,25000
Q61324,17000,13000,18000,17000,17000,18000,13000,17000
Q9WTL8,26000,26000,24000,26000,28000,28000,29000,28000
Q9R0Q6,120000,120000,120000,110000,120000,120000,130000,130000
Q9WV32,350000,340000,330000,340000,330000,340000,330000,320000
Q9CVB6,310000,300000,290000,300000,300000,300000,270000,260000
Q9JM76,190000,200000,180000,180000,180000,190000,160000,170000
P59999,170000,150000,160000,170000,150000,160000,120000,120000
Q9CPW4,360000,350000,370000,350000,350000,370000,310000,320000
Q9D898,140000,130000,130000,120000,120000,130000,120000,120000
P56212,120000,110000,99000,120000,120000,120000,150000,150000
Q8BWG8,84000,84000,83000,81000,78000,79000,64000,62000
Q91YI4,99000,100000,97000,99000,94000,97000,81000,79000
Q99KN1,77000,82000,71000,73000,66000,71000,71000,72000
P50428,43000,45000,44000,39000,39000,41000,33000,32000
P50429,45000,42000,44000,42000,37000,40000,31000,30000
Q9D2L1,26000,27000,27000,25000,24000,25000,26000,25000
Q9CRA0,32000,35000,26000,31000,30000,31000,26000,25000
Q91WU5,92000,85000,100000,92000,85000,89000,79000,80000
Q9WV54,37000,36000,35000,35000,37000,37000,36000,35000
Q9QWY8,120000,120000,120000,110000,120000,120000,100000,110000
Q7SIG6,86000,78000,96000,76000,96000,83000,100000,110000
Q9WV72,51000,51000,45000,50000,50000,50000,61000,64000
Q9D8Z1,130000,120000,140000,120000,120000,120000,120000,120000
Q91WR3,57000,56000,54000,53000,63000,61000,73000,71000
E9PZJ8,98000,98000,99000,96000,110000,100000,120000,120000
Q9CQE6,74000,73000,82000,73000,80000,81000,100000,110000
Q91X20,150000,150000,140000,140000,140000,150000,130000,130000
Q91YI0,110000,110000,110000,110000,110000,110000,110000,100000
O54984,80000,81000,87000,79000,83000,87000,98000,96000
Q8BSY0,21000,21000,20000,20000,21000,21000,20000,22000
Q8VBT9,100000,110000,88000,94000,94000,99000,93000,94000
F7CRQ2,22000,24000,21000,21000,22000,23000,20000,21000
Q8C0M9,130000,120000,140000,120000,120000,120000,97000,97000
P16460,210000,200000,220000,200000,200000,200000,170000,170000
Q8QZV7,63000,65000,70000,62000,65000,65000,64000,63000
Q8CDM1,71000,70000,63000,74000,65000,67000,71000,72000
G3X963,77000,77000,67000,82000,73000,74000,78000,80000
E9Q166,83000,84000,67000,81000,77000,76000,74000,74000
Q9Z2A5,62000,58000,44000,62000,57000,58000,60000,59000
P81269,180000,170000,140000,170000,190000,190000,170000,170000
P16951,75000,74000,70000,71000,78000,76000,82000,81000
Q3TZR9,69000,69000,65000,65000,87000,81000,88000,88000
Q8R0S1,69000,68000,64000,63000,87000,82000,90000,90000
Q7TT18,63000,60000,68000,64000,62000,64000,63000,66000
Q9D8Z6,18000,18000,22000,20000,19000,18000,20000,20000
Q9CQY1,84000,87000,88000,81000,86000,91000,87000,88000
Q91YI1,20000,20000,21000,20000,20000,20000,22000,23000
Q8CDJ3,17000,17000,17000,16000,17000,17000,19000,17000
Q8C0J2,100000,100000,100000,100000,110000,110000,120000,120000
Q6P4T0,28000,28000,29000,31000,33000,32000,35000,35000
Q9CPX6,100000,110000,110000,100000,100000,100000,100000,110000
Q8C9S8,35000,37000,36000,34000,34000,35000,39000,38000
Q99J83,61000,64000,63000,55000,61000,58000,61000,62000
Q9D906,74000,75000,79000,72000,75000,74000,76000,73000
Q8BP56,130000,130000,140000,120000,120000,120000,100000,100000
Q9CWJ9,160000,160000,160000,150000,160000,160000,170000,170000
Q8BH66,110000,88000,130000,94000,110000,96000,140000,130000
Q91YH5,160000,140000,160000,150000,170000,170000,190000,180000
Q62388,89000,82000,95000,84000,82000,81000,75000,74000
O35126,54000,54000,59000,54000,57000,59000,54000,54000
O08997,120000,110000,130000,110000,110000,110000,96000,92000
Q6DFW5,94000,94000,95000,88000,91000,91000,79000,78000
Q9QZW0,86000,88000,85000,81000,90000,90000,89000,86000
Q9QZW0-2,86000,87000,85000,82000,90000,90000,89000,85000
Q9EPE9,92000,84000,93000,89000,95000,92000,110000,100000
Q9CTG6,14000,14000,12000,12000,14000,15000,16000,15000
Q5XF89,26000,27000,27000,26000,31000,31000,34000,34000
Q6PIE5,150000,150000,150000,150000,190000,180000,220000,220000
P14094,140000,140000,140000,130000,130000,140000,120000,120000
Q8R429,160000,150000,160000,140000,160000,150000,160000,150000
O55143,140000,140000,150000,130000,160000,160000,200000,200000
Q64518,180000,170000,200000,170000,170000,170000,140000,140000
G5E829,63000,60000,66000,58000,74000,71000,77000,78000
Q9R0K7,26000,25000,25000,25000,30000,29000,31000,33000
Q0VF55,49000,51000,53000,46000,60000,58000,63000,62000
Q80XR2,44000,43000,44000,41000,47000,47000,51000,50000
Q03265,630000,600000,530000,640000,630000,640000,630000,610000
P56480,1300000,1400000,1500000,1400000,1400000,1400000,1500000,1500000
Q91VR2,160000,160000,120000,180000,170000,170000,190000,190000
Q9D3D9,160000,150000,180000,140000,160000,150000,190000,180000
Q9CQQ7,240000,240000,220000,250000,230000,230000,230000,220000
Q9DCX2,160000,160000,140000,150000,150000,150000,170000,170000
Q06185,160000,160000,140000,150000,150000,150000,150000,150000
P97450,180000,180000,200000,170000,180000,190000,190000,190000
P56135,98000,100000,88000,99000,96000,96000,100000,100000
Q9CPQ8,82000,83000,79000,85000,87000,86000,87000,87000
F7D3P8,190000,180000,100000,200000,170000,160000,200000,210000
Q9DB20,230000,200000,130000,240000,190000,190000,220000,230000
Q9CRA7,24000,26000,26000,24000,23000,23000,24000,22000
Q9D7K5,51000,53000,51000,48000,52000,53000,48000,50000
Q9Z1G4,19000,19000,18000,18000,17000,16000,16000,15000
P15920,58000,57000,56000,57000,55000,54000,52000,51000
P51863,93000,91000,100000,89000,93000,93000,100000,100000
P50516,150000,150000,160000,150000,150000,160000,160000,170000
P62814,110000,120000,120000,110000,120000,120000,130000,130000
Q9Z1G3,140000,140000,140000,140000,150000,150000,160000,160000
P57746,23000,23000,19000,28000,22000,21000,25000,24000
P50518,130000,130000,120000,130000,130000,140000,140000,140000
Q9D1K2,97000,86000,110000,90000,120000,110000,130000,130000
Q9CR51,45000,46000,38000,44000,45000,45000,50000,53000
Q8BVE3,120000,120000,120000,110000,150000,140000,160000,160000
Q64430,52000,53000,54000,52000,63000,60000,62000,60000
P70704-2,43000,43000,45000,44000,42000,42000,39000,37000
P70704,38000,38000,39000,39000,37000,37000,35000,34000
P98200,32000,34000,33000,30000,29000,29000,25000,24000
P98199,59000,60000,57000,57000,56000,56000,56000,54000
O70228,20000,20000,23000,20000,22000,22000,28000,28000
Q811I0,60000,61000,67000,56000,58000,59000,63000,60000
Q91YY4,34000,34000,36000,34000,37000,38000,42000,42000
E9PV44,74000,71000,73000,76000,66000,71000,61000,65000
O35143,72000,73000,73000,74000,66000,70000,60000,66000
Q9JKK8,49000,44000,50000,48000,51000,50000,63000,57000
Q8BMG1,40000,36000,40000,39000,45000,44000,47000,46000
Q61687,150000,150000,150000,140000,150000,150000,140000,140000
P54254,21000,22000,23000,22000,23000,23000,30000,31000
P0C7T6,58000,54000,61000,56000,56000,58000,50000,51000
Q9CVD2,77000,77000,83000,76000,83000,81000,86000,85000
E9PUQ3,31000,33000,36000,31000,40000,39000,45000,43000
Q9JLZ3,150000,160000,140000,160000,140000,140000,120000,110000
P70295,110000,110000,110000,110000,120000,120000,130000,130000
Q80U56,50000,51000,50000,48000,52000,53000,50000,49000
O35625,53000,53000,44000,52000,57000,57000,56000,57000
Q9QYP6,20000,20000,21000,19000,20000,20000,19000,19000
P01887,94000,90000,100000,93000,110000,110000,100000,100000
Q8BG28,13000,15000,13000,13000,15000,16000,19000,18000
Q9Z0F0,15000,14000,14000,14000,14000,13000,14000,14000
Q91Z92,27000,27000,25000,26000,29000,28000,29000,29000
Q8BHT6,17000,17000,18000,18000,15000,17000,15000,16000
P58158,12000,19000,13000,16000,19000,13000,15000,21000
Q09200,130000,130000,130000,120000,130000,120000,160000,150000
P15535,91000,87000,78000,83000,71000,76000,76000,76000
Q8R087,33000,35000,28000,29000,30000,31000,27000,26000
Q3UI43,79000,68000,88000,74000,77000,76000,67000,70000
P97302,31000,30000,37000,31000,38000,36000,29000,32000
Q61337,4100,5000,5000,5300,5300,4700,5600,6600
Q60739,120000,120000,120000,110000,120000,120000,110000,110000
Q9JLV1,25000,27000,27000,24000,30000,30000,33000,33000
Q8CI61,77000,82000,83000,75000,80000,82000,87000,87000
Q8CI32,140000,140000,140000,130000,140000,140000,140000,140000
Q9Z1R2,90000,91000,96000,93000,100000,100000,130000,130000
Q497V6,24000,24000,20000,23000,27000,27000,29000,29000
O08734,91000,89000,82000,89000,81000,84000,74000,74000
O54962,130000,130000,97000,110000,110000,110000,120000,130000
Q8VBU8,110000,97000,110000,98000,98000,100000,95000,94000
Q99PU7,48000,50000,43000,47000,53000,50000,59000,57000
Q9DCT6,140000,150000,120000,130000,130000,130000,120000,120000
Q91XV3,91000,88000,91000,89000,88000,90000,78000,81000
Q07813,90000,92000,92000,85000,100000,97000,110000,110000
O88379,21000,21000,16000,29000,27000,26000,41000,41000
G3UWZ0,30000,30000,21000,42000,39000,37000,61000,61000
Q9Z277,54000,54000,40000,63000,66000,71000,97000,90000
Q91YE5,45000,42000,22000,40000,47000,47000,55000,56000
Q99ML1,30000,31000,31000,27000,26000,27000,24000,25000
Q8VBW5,31000,31000,23000,29000,33000,33000,38000,40000
D6RDS0,27000,24000,27000,25000,26000,24000,27000,26000
X1WI15,99000,100000,110000,120000,87000,100000,83000,84000
J3QPC3,23000,22000,23000,20000,22000,19000,21000,21000
Q8R2U2,18000,15000,13000,26000,15000,13000,23000,25000
B2RQY6,51000,54000,47000,50000,62000,68000,62000,69000
E9Q2V5,50000,46000,50000,48000,54000,53000,50000,51000
D3Z5F2,36000,36000,36000,36000,40000,39000,46000,46000
E9PWV4,15000,14000,13000,15000,13000,13000,12000,13000
E9PVL3,190000,190000,120000,190000,170000,180000,170000,170000
Q61334,130000,110000,130000,130000,140000,130000,170000,160000
Q61335,180000,160000,170000,180000,170000,170000,180000,180000
Q61140,39000,38000,36000,35000,41000,43000,41000,42000
Q9D287,110000,110000,120000,110000,120000,120000,120000,120000
Q8CCN5,37000,39000,33000,32000,33000,35000,31000,32000
O35855,140000,140000,150000,140000,140000,130000,130000,120000
Q91YP1,17000,17000,16000,17000,17000,16000,17000,17000
Q03311,16000,46000,24000,49000,77000,42000,32000,47000
Q3U3J1,58000,59000,68000,58000,59000,59000,56000,56000
P50136,41000,42000,48000,41000,42000,42000,40000,40000
Q6P3A8,27000,25000,30000,24000,23000,24000,22000,21000
O55028,28000,26000,29000,26000,27000,27000,28000,28000
Q9Z0H7,59000,58000,60000,58000,63000,65000,72000,72000
Q99PV8,86000,110000,34000,110000,58000,61000,67000,78000
P10417,17000,14000,18000,17000,16000,17000,15000,15000
O54918,31000,31000,29000,30000,31000,31000,31000,31000
P59017,89000,78000,93000,93000,88000,90000,77000,80000
Q9CPT0,25000,26000,25000,24000,22000,23000,21000,21000
Q9Z2F6,20000,19000,18000,19000,18000,19000,18000,18000
Q9CXE2,130000,140000,140000,130000,130000,130000,120000,120000
Q921K9,140000,140000,140000,130000,130000,130000,120000,130000
O08664,82000,80000,76000,79000,81000,81000,82000,83000
Q9D219,30000,27000,31000,26000,26000,26000,24000,24000
Q8K019,150000,140000,150000,140000,160000,160000,170000,180000
F8WI22,150000,140000,150000,140000,160000,160000,170000,180000
Q8CGN4,46000,44000,40000,50000,64000,62000,64000,66000
Q6PAJ1,91000,92000,94000,94000,87000,93000,81000,76000
Q9CZP5,59000,58000,61000,56000,60000,59000,70000,66000
Q80XN0,130000,130000,120000,120000,120000,120000,110000,120000
O88597,74000,74000,79000,72000,74000,74000,72000,72000
O35623,18000,18000,14000,18000,13000,15000,16000,15000
O35153,70000,69000,63000,69000,62000,62000,86000,81000
Q8R079,40000,39000,37000,40000,41000,40000,44000,47000
Q8BR07,48000,45000,49000,47000,50000,51000,44000,46000
Q921C5,70000,69000,74000,68000,87000,84000,97000,100000
P70444,85000,87000,84000,83000,99000,93000,110000,110000
O08539,150000,150000,160000,140000,130000,130000,110000,110000
D3Z6Q9,210000,210000,220000,200000,190000,200000,170000,170000
S4R270,210000,210000,220000,200000,190000,200000,170000,170000
Q9JI08,34000,37000,36000,34000,40000,43000,43000,43000
Q62210,90000,91000,93000,85000,82000,85000,73000,72000
O08863,34000,35000,39000,37000,39000,41000,43000,41000
O88738,90000,89000,98000,88000,95000,92000,110000,110000
Q8VD62,100000,110000,110000,98000,97000,100000,86000,87000
Q8R016,160000,150000,170000,150000,170000,170000,190000,200000
O55102,57000,53000,57000,56000,52000,52000,60000,56000
Q9CWG9,57000,58000,59000,56000,73000,72000,79000,79000
Q5U5M8,35000,36000,46000,34000,38000,37000,40000,42000
Q8R015,34000,35000,36000,33000,35000,35000,34000,35000
Q9CY64,180000,170000,180000,170000,160000,170000,150000,150000
Q923D2,50000,52000,57000,54000,49000,49000,47000,44000
Q91Z96,49000,51000,49000,47000,48000,49000,45000,43000
P97504,22000,20000,15000,15000,22000,22000,22000,22000
Q6QD59,70000,71000,71000,73000,77000,75000,100000,100000
O54940,74000,75000,80000,72000,74000,78000,110000,100000
O55003,34000,35000,38000,33000,34000,37000,41000,39000
Q9Z2F7,29000,27000,26000,27000,22000,23000,19000,19000
Q5SQY2,26000,28000,28000,26000,28000,27000,28000,28000
E9Q6J5,93000,90000,46000,83000,94000,93000,88000,89000
Q9D8S9,86000,85000,87000,83000,88000,84000,91000,88000
Q8BGS2,100000,100000,100000,92000,110000,120000,140000,130000
Q8CEI1,49000,49000,51000,47000,49000,50000,56000,62000
Q924M5,49000,48000,50000,45000,52000,52000,60000,56000
P15327,42000,38000,44000,40000,38000,36000,29000,31000
Q8R164,140000,140000,140000,130000,120000,130000,110000,100000
Q9Z0S1,99000,100000,110000,94000,95000,100000,84000,89000
A2A654,83000,76000,44000,110000,64000,63000,89000,83000
P28028,85000,83000,80000,80000,78000,78000,80000,79000
Q99MP8,50000,51000,47000,48000,51000,50000,50000,51000
Q8C3R1,55000,56000,62000,58000,65000,62000,68000,68000
P46737,57000,60000,63000,60000,65000,68000,66000,75000
E9PZ26,34000,32000,19000,35000,32000,31000,35000,36000
Q7JJ13,100000,100000,88000,110000,110000,110000,110000,110000
Q8K2F0,140000,140000,88000,140000,130000,130000,120000,120000
Q8K2F0-2,95000,97000,63000,96000,91000,90000,84000,85000
Q9ESU6,160000,150000,99000,160000,150000,160000,140000,140000
O88665,57000,55000,51000,54000,57000,58000,56000,58000
Q8R3B7,76000,72000,61000,71000,71000,69000,65000,66000
Q3UQU0,68000,67000,66000,64000,64000,64000,61000,56000
Q91Y44,100000,100000,72000,100000,100000,99000,82000,83000
Q8K3W0,100000,100000,97000,96000,96000,98000,91000,91000
Q8CFK2,59000,61000,47000,59000,65000,59000,64000,65000
Q8BXV2,49000,50000,56000,62000,47000,48000,47000,50000
Q91VR8,110000,110000,120000,100000,120000,110000,120000,110000
Q99N20,34000,35000,39000,35000,35000,35000,33000,34000
Q3U1T3,86000,86000,87000,82000,81000,82000,79000,76000
Q8K2Q7,71000,64000,77000,74000,78000,82000,74000,72000
Q3U109,80000,76000,57000,79000,77000,74000,76000,72000
E9PXP1,81000,75000,57000,79000,77000,75000,75000,72000
B2KF05,50000,47000,38000,50000,47000,45000,51000,45000
Q921C3-2,18000,15000,14000,17000,21000,19000,20000,20000
Q921C3,17000,14000,13000,16000,21000,19000,19000,20000
A2AHJ4,29000,27000,23000,27000,27000,26000,27000,27000
Q9Z2E9,20000,22000,21000,20000,20000,19000,21000,19000
Q80Y55,71000,68000,76000,66000,72000,75000,71000,71000
O88737,20000,20000,20000,19000,17000,16000,14000,17000
Q6GQW0,42000,42000,46000,41000,43000,42000,37000,36000
Q8CIF4,40000,35000,38000,33000,34000,36000,30000,27000
Q9CQH7,84000,81000,73000,76000,90000,92000,100000,100000
P62325,65000,70000,48000,51000,56000,57000,58000,56000
P35991,15000,15000,14000,16000,13000,14000,12000,13000
Q9WVA3,130000,130000,130000,120000,130000,130000,130000,130000
Q8R149,93000,90000,65000,87000,96000,95000,100000,100000
Q6PGH1,45000,45000,19000,46000,41000,45000,51000,71000
E0CX20,89000,77000,62000,98000,86000,86000,90000,90000
Q91VK1,170000,170000,180000,170000,210000,200000,220000,220000
O35473,22000,21000,15000,22000,16000,17000,26000,25000
Q9JJ06,40000,38000,39000,37000,42000,41000,41000,41000
Q9JMG2,17000,16000,18000,16000,20000,18000,22000,20000
Q8R5L1,110000,110000,120000,100000,120000,120000,160000,150000
O35658,110000,110000,120000,100000,120000,120000,160000,150000
Q80X80,29000,29000,26000,27000,27000,29000,28000,27000
Q52KB6,20000,21000,14000,21000,19000,19000,17000,18000
Q7TPS5,63000,61000,64000,63000,52000,54000,49000,46000
P01027,29000,28000,30000,28000,27000,29000,27000,24000
Z4YLD0,73000,67000,50000,71000,66000,64000,74000,69000
D3Z7B5,23000,23000,23000,25000,20000,20000,25000,24000
P01029,46000,50000,46000,48000,40000,43000,33000,33000
Q8VDY9,35000,33000,28000,27000,27000,31000,29000,29000
Q06138,170000,170000,170000,170000,180000,180000,190000,190000
Q9DB16,120000,120000,120000,110000,120000,120000,110000,110000
G3X8Q1,44000,40000,44000,40000,44000,45000,42000,45000
Q8BG21,31000,32000,28000,36000,26000,29000,25000,25000
O55017-2,8000,7200,10000,7800,9200,9800,9100,9500
Q9Z1L5,6900,18000,13000,18000,25000,14000,9600,12000
Q9CS00,110000,110000,110000,110000,110000,110000,110000,110000
Q8R0X2,50000,53000,52000,50000,62000,59000,74000,75000
P62204,430000,410000,450000,410000,420000,430000,390000,400000
P14211,360000,340000,430000,380000,410000,410000,450000,440000
O35887,160000,160000,180000,150000,170000,180000,170000,170000
Q6XLQ8,160000,160000,190000,160000,180000,180000,180000,180000
Q91YS8,25000,25000,25000,23000,21000,22000,18000,17000
Q8BW96,67000,69000,65000,63000,61000,62000,52000,49000
Q8BW96-2,66000,69000,65000,63000,61000,62000,52000,49000
P11798,96000,94000,79000,94000,110000,100000,110000,120000
P28652,100000,100000,85000,100000,110000,110000,120000,120000
Q6PHZ2,110000,110000,100000,110000,120000,120000,140000,140000
F7A856,53000,51000,48000,53000,64000,60000,64000,66000
Q923T9,100000,98000,84000,99000,99000,100000,97000,100000
P08414,110000,110000,97000,110000,100000,110000,91000,86000
Q8C078-4,41000,39000,38000,40000,42000,40000,38000,38000
Q8C078,40000,39000,38000,37000,42000,40000,40000,41000
A2AHC3,8400,8400,6300,9100,9400,9800,12000,12000
Q8C1B1,33000,31000,21000,31000,33000,34000,33000,34000
Q6ZQ38,190000,180000,190000,180000,190000,180000,200000,200000
Q6ZQ73,100000,110000,120000,110000,120000,120000,130000,140000
Q8VCF1,31000,30000,30000,29000,30000,31000,32000,30000
P35564,170000,150000,190000,170000,180000,180000,220000,220000
P40124,200000,200000,210000,200000,200000,210000,180000,190000
Q9CYT6,82000,86000,82000,83000,77000,77000,75000,68000
Q99LB4,140000,140000,120000,130000,130000,130000,130000,130000
P24452,130000,130000,110000,120000,120000,120000,120000,120000
O35350,180000,170000,180000,170000,170000,180000,150000,150000
Q9JLG8,25000,23000,28000,24000,27000,26000,28000,28000
O08529,170000,170000,170000,150000,150000,160000,130000,130000
Q9R1S8,43000,43000,43000,41000,45000,43000,48000,46000
O88456,180000,180000,180000,170000,160000,180000,130000,130000
Q5RKN9,130000,130000,130000,130000,130000,130000,120000,110000
P47753,120000,120000,120000,120000,120000,120000,110000,110000
P47754,120000,120000,120000,120000,120000,120000,120000,110000
P47757,190000,190000,190000,180000,190000,200000,180000,180000
P47757-2,200000,200000,200000,190000,200000,200000,190000,190000
Q8CIS0,93000,98000,96000,93000,81000,82000,68000,67000
Q8CIS0-2,93000,97000,96000,93000,81000,82000,68000,67000
E9PWH2,24000,25000,17000,21000,22000,22000,18000,18000
Q9CR86,81000,83000,83000,74000,84000,81000,91000,93000
Q9CZ42,46000,50000,50000,46000,44000,45000,42000,42000
Q8BYM8,21000,21000,24000,21000,22000,21000,21000,20000
G3X975,18000,18000,20000,20000,20000,19000,19000,19000
Q8K3W3,44000,43000,45000,43000,55000,53000,51000,54000
Q6P2L7,38000,40000,37000,41000,47000,48000,56000,55000
Q7TN73,12000,13000,10000,11000,10000,11000,11000,10000
P29452,30000,30000,33000,29000,29000,29000,28000,25000
P29594,43000,42000,41000,41000,38000,38000,39000,37000
P70677,130000,130000,140000,130000,130000,130000,170000,180000
O08738,91000,86000,90000,87000,85000,85000,71000,72000
P97864,26000,28000,27000,28000,23000,24000,19000,20000
O89110,160000,150000,170000,140000,150000,150000,130000,140000
Q9WUF3,27000,28000,19000,32000,31000,28000,44000,41000
Q8C3Q9,57000,35000,66000,57000,51000,51000,36000,37000
P51125-3,190000,180000,140000,180000,170000,180000,140000,150000
P51125,190000,170000,140000,180000,170000,180000,140000,150000
P24270,110000,110000,130000,110000,110000,120000,99000,100000
Q08024-2,120000,120000,120000,120000,120000,120000,120000,120000
Q08024,130000,120000,130000,120000,130000,130000,100000,120000
P22682,120000,130000,120000,120000,120000,120000,120000,120000
A0A087WPK1,65000,64000,53000,65000,72000,70000,69000,70000
Q9JIY2-2,84000,81000,67000,84000,93000,90000,89000,93000
Q9JIY2,84000,81000,68000,84000,92000,90000,90000,93000
P48758,170000,160000,160000,160000,150000,150000,130000,130000
Q91VT4,52000,52000,44000,52000,49000,49000,50000,47000
P83917,210000,210000,210000,190000,190000,200000,160000,160000
P30658,25000,27000,22000,27000,26000,25000,35000,36000
P23198,200000,200000,200000,180000,180000,190000,160000,150000
O55187,85000,77000,65000,95000,65000,65000,74000,79000
Q61686,150000,150000,160000,140000,150000,150000,130000,130000
Q8VDS3,39000,38000,34000,39000,39000,38000,43000,40000
Q9QXV1,32000,33000,20000,40000,32000,32000,36000,36000
Q8K1A6,56000,57000,30000,60000,52000,50000,68000,68000
E9PX94,48000,47000,25000,51000,44000,42000,57000,57000
Q8BRN9,110000,110000,91000,100000,110000,110000,110000,110000
Q8CH18,190000,180000,180000,190000,190000,190000,160000,170000
Q8VDP4,180000,170000,160000,170000,170000,170000,150000,150000
Q8BTY1,93000,97000,95000,88000,83000,87000,79000,79000
Q71RI9,85000,89000,88000,82000,87000,89000,110000,110000
Q9DA08,100000,97000,100000,92000,98000,100000,93000,96000
Q810S1,31000,30000,27000,30000,30000,30000,25000,25000
Q6PB51,18000,17000,16000,17000,17000,17000,17000,17000
Q8R344,88000,74000,88000,88000,87000,90000,88000,92000
Q9D8X2,71000,64000,47000,80000,74000,70000,110000,110000
Q8BIS8,4000,3100,4600,4300,5200,6100,5800,5600
Q3TC33,82000,82000,83000,79000,83000,82000,76000,73000
D3YV10,8000,7600,7800,8200,9000,7300,7800,6700
Q9D516,24000,23000,23000,25000,25000,24000,25000,26000
Q8CI71,65000,67000,67000,68000,71000,70000,70000,71000
Q8C7V8,79000,75000,53000,81000,76000,73000,91000,86000
E9Q8Q6,38000,29000,28000,34000,33000,34000,43000,43000
Q8C9M2,8900,9800,6700,8500,8800,8500,9600,10000
Q3U155,63000,64000,37000,64000,62000,62000,79000,77000
Q8C9S4,25000,26000,25000,24000,29000,28000,27000,28000
Q9JIG7,110000,110000,120000,110000,110000,110000,110000,110000
Q99LQ4,25000,28000,25000,25000,28000,28000,31000,30000
Q78PG9,110000,110000,110000,100000,120000,110000,130000,140000
Q9CR29,97000,98000,75000,94000,90000,90000,98000,96000
Q9D024,78000,74000,55000,81000,80000,80000,99000,92000
Q3URS9,74000,68000,76000,72000,71000,70000,66000,63000
Q9CR27,49000,50000,56000,49000,43000,44000,53000,55000
Q8R3Q6,58000,57000,58000,52000,64000,58000,70000,71000
D3YZP9,60000,60000,67000,56000,66000,63000,85000,84000
Q3UJV1,6000,7200,6800,6900,6700,6300,6500,6100
Q3TCJ8,43000,45000,39000,42000,37000,38000,30000,30000
E9Q4T4,25000,24000,26000,23000,22000,22000,23000,21000
Q9CZH8,22000,20000,18000,20000,19000,19000,17000,17000
Q6PDY0,13000,13000,16000,12000,13000,13000,12000,13000
Q4QRL3,130000,130000,120000,120000,120000,120000,120000,120000
Q6VGS5,68000,67000,61000,68000,63000,61000,59000,59000
Q8VC31,83000,80000,84000,78000,91000,90000,89000,95000
Q8C3X2,68000,69000,69000,69000,74000,70000,69000,68000
Q9D8L5,30000,29000,35000,28000,28000,30000,29000,28000
Q8VDN4,48000,51000,37000,47000,43000,42000,39000,39000
Q7TQK5,100000,93000,50000,120000,80000,81000,99000,94000
Q9D6J3,65000,66000,62000,67000,69000,68000,72000,73000
Q8K2Y9,38000,38000,42000,42000,37000,38000,32000,33000
Q62447,36000,36000,42000,39000,39000,36000,41000,37000
P30282,20000,23000,24000,33000,18000,16000,29000,29000
Q3TVC7,8600,9400,10000,8700,11000,11000,11000,11000
P51944,46000,45000,29000,50000,49000,47000,46000,43000
Q61458,46000,49000,45000,47000,52000,51000,64000,68000
O88874,92000,92000,96000,90000,93000,96000,92000,98000
Q52KE7,54000,52000,57000,51000,59000,59000,65000,61000
Q9JJA7,26000,24000,33000,32000,30000,31000,29000,28000
Q9QWV9,71000,68000,60000,73000,81000,78000,85000,84000
Q7TQK0,30000,30000,23000,31000,33000,34000,33000,32000
Q8BGU5,35000,38000,35000,34000,32000,33000,30000,29000
Q7TSH4,14000,14000,11000,15000,14000,14000,17000,16000
Q640L3,31000,29000,28000,32000,24000,23000,20000,24000
P47774,43000,38000,41000,56000,44000,46000,65000,70000
Q9WU84,77000,78000,82000,78000,69000,77000,62000,70000
Q8QZT2,28000,22000,22000,32000,24000,26000,22000,22000
Q3UHI0,12000,11000,6700,13000,9300,11000,9600,11000
P80315,180000,180000,180000,180000,210000,200000,270000,260000
P80316,180000,180000,190000,180000,210000,210000,260000,270000
P80317,170000,170000,160000,160000,190000,190000,230000,240000
Q8C1Y8,60000,61000,61000,60000,62000,62000,74000,71000
Q8R2S8,38000,37000,35000,37000,35000,34000,34000,31000
Q62192,47000,46000,48000,52000,44000,43000,40000,40000
P11609,100000,100000,72000,170000,84000,87000,65000,67000
P08920,110000,110000,95000,110000,150000,140000,150000,160000
Q8CJ91,10000,12000,11000,10000,10000,10000,8100,7600
Q8K4F0,27000,20000,27000,22000,23000,23000,28000,26000
P29020,210000,200000,150000,210000,150000,170000,130000,120000
P24161,210000,200000,150000,200000,150000,170000,130000,130000
Q9JLQ0,150000,140000,98000,140000,150000,150000,150000,150000
Q9CWK3,79000,77000,88000,76000,89000,85000,110000,110000
Q61470,44000,45000,41000,45000,43000,43000,42000,43000
P04235,170000,150000,160000,160000,120000,130000,120000,120000
P22646,220000,210000,190000,200000,160000,180000,160000,160000
P11942,160000,160000,150000,160000,120000,120000,110000,110000
P06332,190000,180000,180000,180000,140000,150000,150000,150000
P27512,20000,21000,19000,20000,21000,21000,26000,25000
Q61735,180000,180000,160000,170000,160000,160000,140000,130000
P18181,120000,120000,100000,110000,110000,110000,110000,110000
P13379,59000,61000,58000,59000,66000,65000,84000,82000
Q61475,13000,15000,11000,13000,13000,12000,11000,9700
P21855,38000,38000,33000,31000,31000,34000,31000,31000
P04441-2,74000,74000,84000,80000,80000,80000,85000,79000
P04441,74000,73000,81000,78000,79000,81000,88000,83000
P11911,11000,12000,15000,11000,9700,12000,8800,8200
Q18PI6,98000,94000,99000,94000,110000,100000,110000,100000
E9Q9E8,96000,95000,98000,94000,110000,100000,100000,100000
Q18PI6-3,96000,94000,99000,94000,110000,100000,100000,100000
P42082,30000,32000,30000,31000,38000,36000,36000,37000
P01731,56000,57000,55000,58000,45000,46000,46000,44000
P10300,45000,45000,48000,49000,37000,37000,43000,40000
Q9Z0M6,110000,100000,120000,100000,89000,91000,74000,72000
Q8BMD5,20000,20000,19000,18000,21000,19000,20000,19000
Q8CC12,51000,51000,42000,52000,48000,46000,48000,46000
Q8R349,79000,79000,83000,75000,84000,83000,88000,87000
Q8BGZ4,95000,86000,100000,92000,97000,94000,99000,98000
Q99JP4,77000,82000,79000,78000,77000,83000,99000,110000
Q8CFI2,45000,44000,49000,45000,49000,49000,66000,65000
Q61081,180000,170000,200000,170000,190000,190000,210000,220000
Q9CZP7,66000,65000,69000,62000,70000,70000,70000,76000
Q9DC48,130000,130000,130000,130000,130000,130000,140000,140000
P60766,170000,170000,160000,170000,170000,170000,150000,150000
Q7TT50,43000,41000,40000,39000,41000,41000,39000,40000
Q9JM96,16000,16000,15000,14000,16000,17000,19000,17000
Q8BGH7,27000,29000,25000,28000,28000,31000,27000,27000
Q6A068,120000,120000,53000,120000,120000,120000,170000,180000
Q8JZM7,140000,130000,75000,160000,130000,120000,140000,140000
Q922M5,8400,9900,7100,11000,8400,8200,12000,13000
Q99PF4,14000,15000,15000,14000,12000,13000,13000,13000
Q8VDP6,71000,65000,63000,77000,61000,61000,67000,63000
P11440,58000,59000,60000,60000,53000,54000,67000,66000
Q3UMM4,22000,24000,22000,21000,25000,22000,27000,23000
P24788,140000,150000,160000,140000,150000,150000,170000,170000
Q14AX6,74000,72000,31000,65000,69000,71000,86000,86000
Q69ZA1,61000,60000,31000,58000,61000,59000,69000,71000
Q69ZA1-2,63000,59000,31000,60000,62000,61000,73000,75000
Q8BWD8,100000,98000,110000,100000,92000,94000,76000,73000
P97377,83000,83000,87000,82000,82000,81000,100000,110000
O35207,84000,64000,73000,87000,86000,92000,70000,95000
P49615,100000,100000,100000,97000,91000,91000,76000,74000
Q8K389,55000,55000,51000,54000,54000,54000,61000,62000
Q99LM2,150000,140000,140000,140000,140000,150000,140000,140000
Q03147,84000,83000,76000,85000,92000,88000,110000,99000
Q8R3L8,64000,65000,71000,71000,64000,63000,65000,64000
Q99J95,81000,81000,72000,82000,95000,89000,100000,100000
Q3UTQ8,18000,17000,18000,17000,15000,16000,13000,13000
Q8BI72,120000,120000,92000,120000,110000,110000,93000,93000
Q9D211,15000,14000,18000,15000,15000,15000,16000,16000
Q60772,42000,43000,46000,40000,37000,40000,34000,35000
Q99L43,82000,72000,74000,77000,66000,70000,59000,60000
Q8R4E9,44000,38000,26000,53000,44000,41000,65000,63000
Q9WTK2,40000,36000,26000,44000,38000,38000,41000,41000
Q9D5D8,56000,60000,33000,60000,53000,53000,55000,58000
Q91WM2,170000,150000,180000,150000,160000,160000,130000,130000
P28659,140000,130000,140000,140000,150000,150000,160000,160000
Q9Z0H4-11,180000,170000,190000,180000,170000,170000,150000,150000
Q6RT24,59000,55000,27000,43000,44000,44000,39000,34000
Q9QYM8,22000,23000,22000,24000,20000,20000,17000,18000
Q8K1K4,33000,28000,29000,28000,29000,29000,23000,23000
Q569L8,17000,16000,9700,17000,20000,19000,16000,17000
Q9ESN5,5100,5400,4800,5000,5100,6500,5300,5200
Q9CZW2,20000,18000,20000,17000,18000,18000,14000,12000
Q8K015,17000,17000,16000,11000,16000,16000,15000,14000
Q9CZ92,30000,35000,35000,29000,30000,30000,24000,23000
Q9CXS4,41000,44000,31000,56000,38000,41000,43000,50000
Q7TSG1,87000,85000,86000,87000,81000,83000,66000,65000
Q8BI22,36000,37000,38000,35000,34000,34000,30000,29000
Q62036,18000,16000,9800,17000,14000,14000,19000,18000
Q6P5D4,140000,140000,110000,130000,130000,130000,110000,110000
A2AUM9,48000,46000,48000,45000,44000,45000,44000,44000
Q6ZQ06,39000,39000,29000,35000,35000,37000,37000,35000
Q6A065,57000,52000,54000,58000,61000,59000,65000,66000
E9Q4Y4,86000,86000,85000,86000,82000,81000,76000,75000
Q60952,82000,82000,84000,78000,75000,74000,69000,69000
E9Q309,57000,55000,34000,54000,56000,57000,49000,48000
Q99NF3,53000,53000,30000,57000,46000,43000,46000,44000
Q5HZK1,24000,25000,26000,24000,24000,24000,27000,28000
Q8BT07,41000,44000,41000,40000,36000,35000,45000,46000
Q8CEE0,64000,65000,41000,62000,64000,65000,61000,67000
Q8VDS7,21000,23000,20000,21000,20000,17000,21000,20000
Q3UPP8,34000,36000,37000,32000,36000,34000,42000,41000
Q8C0D9,23000,22000,24000,22000,24000,23000,26000,24000
Q0VEJ0,27000,26000,26000,27000,28000,27000,34000,35000
Q6IRU7,84000,86000,73000,80000,85000,90000,90000,89000
Q9D5R3,38000,38000,31000,36000,41000,40000,43000,42000
Q8BVV7,35000,32000,24000,37000,37000,38000,38000,39000
Q9CZ62,100000,96000,110000,96000,91000,96000,78000,77000
Q8BGS7,99000,97000,100000,110000,100000,110000,120000,130000
Q9D6J1,23000,21000,22000,27000,22000,21000,19000,19000
E9PV38,36000,34000,30000,32000,28000,29000,30000,24000
Q9R1K9,55000,51000,59000,54000,51000,52000,49000,49000
O35648,130000,120000,130000,130000,140000,130000,160000,160000
Q8C6E0,35000,37000,35000,37000,32000,33000,31000,35000
E9Q7R9,67000,71000,66000,70000,70000,76000,61000,64000
E9PUV7,40000,39000,42000,37000,43000,41000,41000,42000
O88271,74000,76000,90000,72000,87000,86000,110000,100000
P18760,850000,830000,770000,840000,790000,820000,720000,700000
P45591,220000,200000,200000,200000,200000,200000,170000,180000
O35732,28000,26000,22000,26000,32000,33000,27000,24000
Q8BHG9,120000,120000,80000,120000,110000,110000,100000,100000
Q8K327,110000,100000,96000,99000,140000,130000,140000,150000
Q9CRB9,140000,120000,150000,130000,130000,140000,130000,130000
Q9CXF7,96000,95000,76000,92000,97000,95000,110000,110000
E9PZM4,90000,82000,74000,90000,93000,90000,73000,72000
B1AR17,180000,170000,120000,170000,180000,180000,160000,170000
Q6PDQ2,170000,160000,110000,160000,190000,190000,230000,220000
A2A8L1,170000,150000,99000,150000,180000,180000,180000,180000
A2AJK6,68000,65000,43000,69000,79000,73000,82000,81000
Q09XV5,100000,100000,60000,100000,110000,100000,120000,120000
Q8BYH8,63000,61000,40000,62000,67000,63000,69000,70000
Q8BJ64,94000,97000,110000,99000,91000,93000,77000,73000
Q9Z265,25000,27000,28000,25000,23000,23000,26000,25000
Q8CGZ0,160000,160000,180000,160000,170000,170000,180000,180000
Q810L3,78000,76000,79000,73000,75000,76000,64000,65000
Q922Q9,44000,44000,41000,45000,46000,47000,40000,42000
O55229,60000,54000,68000,57000,58000,57000,52000,52000
Q9QXG2,66000,65000,70000,61000,77000,76000,87000,89000
Q921W0,200000,180000,140000,190000,180000,190000,170000,170000
Q99LU0,220000,210000,150000,220000,190000,200000,170000,180000
Q9CQD4,220000,210000,140000,220000,190000,200000,170000,180000
Q9DB34,130000,120000,99000,150000,130000,130000,150000,150000
Q8BJF9,160000,140000,110000,150000,140000,140000,140000,150000
Q9CQ10,91000,77000,79000,98000,92000,91000,89000,89000
Q9D8B3,190000,180000,150000,180000,200000,200000,210000,210000
P0C0A3,25000,26000,19000,25000,28000,25000,30000,29000
Q8R1T1,41000,39000,37000,41000,43000,43000,50000,50000
Q3V2R3,42000,42000,39000,38000,35000,35000,29000,30000
Q9D1P4,170000,160000,180000,160000,190000,180000,200000,210000
P61022,49000,50000,51000,49000,59000,57000,73000,72000
Q9JKP8,45000,46000,49000,43000,48000,47000,65000,63000
P20782,120000,110000,170000,100000,100000,92000,97000,91000
Q80WV3,7700,7200,6300,8100,6900,7600,8700,8500
Q8BIW9,19000,18000,19000,17000,18000,18000,18000,18000
P0CG14,56000,59000,44000,55000,70000,70000,62000,62000
Q60680,58000,60000,61000,58000,67000,66000,73000,74000
Q99KN2,20000,23000,28000,23000,24000,21000,24000,23000
Q924A2,58000,61000,49000,57000,53000,54000,45000,46000
Q9DA19,46000,44000,48000,44000,42000,45000,42000,43000
P60824,130000,130000,120000,140000,130000,130000,110000,110000
Q91WS0,47000,48000,45000,45000,47000,47000,51000,50000
Q9CQB5,130000,120000,130000,140000,130000,130000,120000,120000
B1AR13,33000,30000,30000,31000,30000,28000,36000,39000
P49025,37000,37000,34000,36000,31000,31000,28000,25000
Q8VEH2,44000,43000,46000,43000,40000,40000,38000,37000
Q8BMK4,63000,58000,66000,69000,61000,63000,57000,57000
A2AGT5,140000,130000,95000,140000,150000,140000,180000,180000
Q04447,140000,140000,140000,130000,130000,140000,120000,120000
Q8BRT1-5,54000,57000,55000,52000,55000,54000,58000,57000
Q8BRT1,130000,130000,130000,130000,130000,130000,130000,130000
Q8CFC7,75000,69000,77000,74000,77000,79000,74000,80000
Q99LI2,72000,70000,79000,74000,80000,80000,85000,87000
P51791,30000,31000,32000,31000,35000,34000,43000,40000
Q61418,38000,38000,39000,36000,42000,42000,46000,49000
Q9WVD4,30000,29000,31000,29000,35000,33000,37000,40000
O70496,14000,14000,16000,14000,14000,13000,12000,13000
P49300,43000,46000,28000,52000,45000,47000,49000,54000
Q80U30,130000,130000,130000,130000,140000,140000,140000,140000
Q91V08,58000,61000,55000,59000,59000,61000,45000,44000
Q9WVF9,13000,13000,16000,18000,15000,16000,18000,18000
Q9Z1Q5,170000,170000,180000,170000,160000,170000,150000,140000
Q9QYB1,91000,91000,93000,89000,110000,120000,130000,140000
Q5SUH6,170000,160000,160000,150000,190000,190000,220000,220000
Q99KN9,160000,160000,170000,150000,190000,190000,220000,220000
Q922J3,180000,170000,150000,170000,170000,170000,160000,160000
F8WIA1,180000,170000,150000,170000,170000,170000,160000,160000
D3Z2Z1,180000,170000,150000,170000,170000,170000,160000,160000
Q9Z0H8,61000,61000,52000,61000,59000,58000,60000,55000
P22518,43000,42000,59000,65000,60000,60000,58000,56000
O35492,80000,82000,80000,83000,99000,98000,110000,100000
O35493,54000,52000,59000,73000,76000,75000,70000,71000
Q3UMW8,45000,46000,46000,46000,46000,47000,46000,46000
Q3U466,22000,20000,17000,22000,21000,21000,28000,26000
Q9QUK3,28000,27000,25000,31000,25000,26000,31000,29000
O08785,12000,13000,13000,11000,13000,12000,14000,13000
Q99LI9,74000,75000,76000,74000,82000,84000,87000,88000
O88696,110000,120000,130000,110000,120000,130000,140000,140000
Q8BXA5,78000,77000,84000,79000,83000,83000,95000,89000
O08585,160000,140000,160000,150000,180000,180000,180000,200000
Q6PFA2,160000,140000,160000,150000,180000,180000,180000,200000
Q6IRU5-2,120000,110000,140000,110000,120000,120000,100000,100000
Q6IRU5,75000,70000,84000,70000,71000,73000,63000,64000
Q68FD5,170000,180000,180000,170000,190000,190000,200000,200000
Q8R4N0,110000,99000,110000,110000,110000,110000,91000,92000
Q61419,130000,130000,130000,120000,120000,120000,95000,96000
Q99KK2,210000,200000,150000,210000,190000,200000,170000,160000
Q9CPZ8,120000,110000,120000,110000,110000,110000,110000,110000
Q8K199,25000,23000,29000,26000,24000,25000,21000,23000
Q9D486,29000,29000,30000,28000,35000,36000,38000,40000
Q9DBP5,180000,180000,190000,170000,170000,170000,150000,150000
Q3U5Q7,110000,110000,110000,99000,97000,99000,78000,74000
Q9CZT6,64000,63000,58000,64000,66000,66000,86000,84000
Q8CJ61,25000,24000,21000,23000,25000,24000,27000,28000
Q9CZ69,48000,48000,62000,120000,45000,53000,39000,39000
Q9DBC3,160000,150000,160000,150000,160000,160000,140000,140000
Q9D1A2,140000,140000,150000,140000,150000,150000,160000,170000
Q9CX13,35000,36000,32000,33000,35000,34000,42000,40000
Q08093,520000,540000,560000,510000,480000,500000,390000,410000
Q9DAW9,86000,85000,95000,81000,100000,100000,110000,120000
Q3TWN3,34000,34000,42000,31000,48000,42000,59000,55000
Q32NY4,48000,46000,51000,48000,57000,54000,71000,66000
Q6ZQ08,140000,140000,150000,140000,150000,150000,160000,160000
Q6ZQ08-3,93000,87000,100000,93000,110000,100000,100000,110000
Q8BH15,59000,59000,61000,63000,71000,71000,76000,78000
Q9CWN7,47000,44000,47000,45000,49000,48000,56000,55000
Q8C5L3,42000,44000,46000,41000,47000,45000,54000,51000
Q8K0V4,92000,88000,88000,90000,96000,97000,100000,100000
Q8BT14,21000,24000,24000,22000,28000,26000,32000,33000
Q8K3P5,5800,6800,6700,6300,7100,6500,7600,6500
Q8VEG6,79000,79000,77000,77000,76000,78000,80000,80000
Q60809,63000,68000,65000,61000,68000,70000,68000,67000
P16330,190000,180000,180000,190000,180000,190000,140000,140000
Q9QXT0,120000,120000,130000,110000,120000,110000,110000,110000
Q9DAU1,75000,68000,74000,68000,88000,80000,99000,85000
Q8BQ47,41000,42000,48000,40000,42000,43000,42000,42000
Q5M8N0,54000,55000,61000,50000,50000,49000,45000,44000
Q8CBC4,43000,41000,45000,40000,41000,41000,31000,32000
A2AL36,120000,120000,110000,110000,110000,110000,92000,91000
Q8CB62,43000,44000,41000,45000,43000,44000,38000,38000
Q9D2R6,87000,86000,88000,87000,92000,87000,120000,120000
Q8BT51,10000,12000,10000,9500,9900,10000,11000,9300
Q921H9,92000,87000,100000,82000,95000,95000,110000,120000
Q9DBL7,83000,84000,78000,77000,77000,79000,71000,67000
F6RK91,15000,15000,16000,15000,15000,15000,13000,15000
Q9Z160,61000,59000,62000,61000,63000,61000,65000,64000
Q921L5,84000,87000,85000,84000,96000,98000,100000,98000
E9QL65,82000,82000,82000,78000,89000,88000,99000,95000
Q8CI04,82000,82000,82000,77000,89000,88000,99000,95000
Q8R1U1,79000,80000,85000,78000,79000,79000,80000,76000
Q8C0L8,120000,120000,130000,120000,120000,120000,150000,140000
Q8R3I3,50000,52000,56000,50000,52000,51000,53000,50000
Q3UM29,100000,100000,110000,100000,100000,100000,120000,110000
Q9JJA2,60000,59000,64000,55000,57000,59000,62000,57000
Q5SU73,35000,35000,27000,35000,33000,33000,40000,39000
Q9EQG9,100000,99000,100000,94000,110000,110000,130000,120000
Q07643,20000,21000,15000,20000,14000,16000,12000,12000
Q8K4M5,30000,32000,31000,31000,31000,33000,38000,36000
Q8JZY2,69000,70000,73000,66000,65000,66000,66000,63000
Q8BXC6,35000,36000,40000,35000,38000,37000,36000,36000
Q63829,70000,72000,78000,67000,68000,67000,67000,70000
Q9CQ02,47000,50000,43000,49000,45000,46000,40000,41000
Q8R395,96000,95000,93000,92000,87000,87000,84000,81000
Q3V4B5,64000,65000,66000,64000,69000,69000,75000,79000
Q8BG94,93000,89000,100000,89000,89000,89000,83000,81000
Q9CZG3,52000,52000,55000,50000,49000,49000,51000,49000
Q8K2Q0,44000,45000,50000,43000,43000,43000,42000,41000
O88587,93000,95000,98000,95000,98000,100000,110000,120000
Q8BIG7,29000,28000,36000,42000,38000,36000,44000,39000
Q8CIE6,170000,170000,170000,170000,180000,180000,200000,200000
Q9JIF7,170000,170000,170000,170000,180000,180000,190000,190000
O55029,150000,150000,160000,150000,160000,160000,180000,180000
O89079,88000,88000,93000,87000,90000,92000,100000,100000
Q9QZE5,140000,140000,150000,140000,160000,150000,160000,170000
Q9QXK3,83000,91000,87000,86000,83000,85000,84000,82000
P61202,110000,110000,120000,110000,120000,120000,130000,140000
O88543,97000,90000,100000,94000,96000,97000,100000,98000
O88544,130000,130000,140000,120000,130000,130000,160000,160000
O35864,61000,63000,66000,59000,64000,64000,70000,69000
O88545,100000,100000,110000,94000,100000,100000,120000,110000
Q9CZ04-2,100000,100000,86000,99000,110000,110000,130000,130000
Q9CZ04,100000,100000,87000,99000,110000,110000,130000,120000
Q8BV13,87000,88000,81000,81000,85000,85000,94000,93000
Q8VBV7,65000,67000,69000,64000,67000,68000,70000,75000
P61924,110000,110000,110000,100000,120000,110000,140000,130000
E9Q3H6,22000,21000,16000,20000,18000,20000,18000,17000
Q3THF9,12000,12000,16000,12000,15000,14000,13000,14000
Q8BMS4,73000,68000,83000,73000,64000,62000,71000,64000
Q8BGB8,35000,36000,36000,42000,39000,39000,50000,49000
Q9CXI0,36000,39000,36000,38000,35000,38000,38000,40000
Q8R1S0,59000,56000,60000,55000,55000,56000,65000,60000
P97478,33000,33000,31000,31000,28000,29000,36000,33000
Q8K1Z0,100000,100000,110000,100000,89000,95000,91000,94000
O89053,4000000,3800000,3900000,3900000,3700000,3800000,3000000,3000000
Q9WUM3,160000,150000,130000,150000,140000,150000,120000,120000
Q9WUM4,250000,240000,200000,230000,220000,230000,190000,200000
Q8C0P5,71000,69000,65000,71000,64000,65000,70000,68000
Q9D2V7,150000,160000,160000,150000,150000,150000,130000,130000
Q9CQI6,4500000,4500000,4400000,4100000,4000000,4100000,3100000,3200000
M0QWX7,120000,130000,110000,120000,120000,120000,120000,110000
P19783,170000,170000,150000,170000,170000,170000,160000,160000
P12787,230000,240000,250000,220000,240000,240000,230000,230000
P19536,190000,190000,210000,180000,180000,180000,180000,170000
P43024,26000,27000,26000,26000,23000,26000,25000,19000
P56391,170000,170000,170000,170000,170000,170000,170000,170000
Q9CPQ1,190000,170000,160000,190000,180000,180000,170000,170000
P48771,130000,130000,130000,130000,140000,130000,130000,130000
P56393,100000,97000,130000,96000,150000,120000,100000,170000
P17665,170000,150000,150000,180000,150000,160000,130000,120000
Q812E0,11000,10000,12000,9900,11000,12000,11000,10000
Q7TN99,9400,9100,10000,8700,10000,11000,10000,9700
Q7TN98,11000,11000,12000,11000,13000,13000,13000,13000
Q80V42,93000,95000,74000,87000,87000,90000,85000,84000
V9GWY2,150000,150000,150000,150000,160000,160000,160000,150000
Q8C166,190000,180000,190000,180000,200000,200000,190000,180000
P59108,16000,16000,16000,15000,15000,15000,15000,14000
Q8BT60,180000,170000,170000,160000,170000,180000,170000,170000
Q0VE82,18000,18000,19000,16000,18000,17000,18000,17000
P36552,96000,100000,88000,92000,93000,89000,100000,94000
Q8BFS6,7400,8600,8800,7800,7800,7500,11000,9800
Q9WVJ3,20000,21000,20000,20000,16000,18000,16000,16000
Q9EPU4,150000,150000,150000,140000,160000,160000,170000,170000
O35218,150000,160000,170000,150000,160000,160000,160000,160000
Q9QXK7,130000,140000,150000,140000,130000,140000,140000,140000
Q9CWS4,99000,98000,97000,98000,99000,100000,110000,110000
Q8BQZ5,14000,16000,17000,14000,15000,15000,16000,17000
B2LVG6,15000,17000,18000,14000,16000,17000,17000,19000
Q6NVF9,160000,160000,190000,160000,170000,170000,150000,160000
Q8BTV2,120000,110000,120000,110000,120000,110000,110000,100000
P97742,130000,130000,140000,140000,130000,120000,98000,100000
P52825,140000,140000,140000,130000,130000,130000,120000,120000
Q8BS40,9000,9200,8900,8600,8600,9400,8500,8400
Q64735,74000,75000,63000,65000,71000,72000,79000,77000
Q3UP38,18000,17000,18000,17000,15000,16000,16000,14000
O88843,6200,8000,7500,6800,7500,7100,6500,7200
Q6PG95,23000,21000,23000,24000,24000,23000,27000,26000
P47934,71000,71000,70000,67000,65000,69000,56000,60000
Q8C7D2,55000,50000,55000,52000,50000,55000,48000,53000
Q01147,210000,210000,180000,200000,230000,230000,180000,190000
P45481,150000,150000,90000,150000,160000,150000,150000,150000
Q32M00,36000,34000,33000,34000,31000,32000,27000,26000
Q91XD7,9300,7300,9200,8300,11000,9600,9900,12000
P27699,15000,15000,13000,14000,16000,14000,14000,13000
P27699-10,200000,210000,170000,200000,240000,240000,170000,190000
P63254,170000,130000,200000,160000,160000,170000,100000,120000
O70333,38000,37000,29000,42000,35000,34000,38000,38000
Q64010,78000,79000,80000,73000,88000,87000,92000,95000
P47941,120000,120000,120000,110000,120000,120000,110000,110000
Q8CII9,8200,9000,8900,9700,9800,10000,11000,10000
Q9Z2L7,150000,150000,160000,140000,140000,140000,110000,120000
P97427,150000,150000,130000,150000,140000,140000,120000,120000
P63154,110000,100000,100000,110000,110000,120000,120000,120000
Q8CJ40,110000,110000,120000,110000,110000,110000,96000,92000
Q9DC50,120000,120000,120000,110000,100000,110000,90000,89000
Q68ED7,36000,39000,41000,37000,40000,40000,45000,44000
Q3U182,78000,79000,74000,74000,78000,81000,79000,82000
Q91X84,72000,70000,69000,74000,69000,68000,71000,71000
Q99KP3,120000,120000,130000,120000,120000,120000,100000,100000
P47199,48000,47000,48000,46000,45000,47000,46000,43000
Q921W4,100000,100000,110000,94000,96000,100000,94000,94000
Q9CZU6,200000,200000,200000,200000,190000,200000,190000,190000
Q9DBE0,28000,25000,28000,26000,25000,25000,23000,24000
Q9ERK4,150000,150000,160000,140000,160000,160000,180000,180000
Q8C1F4,9400,9100,8700,8800,9200,8200,9200,8300
P41241,190000,200000,190000,180000,180000,180000,170000,170000
Q80X68,150000,150000,140000,150000,140000,150000,150000,140000
Q80T79,46000,41000,46000,43000,45000,52000,43000,44000
Q8BK63,94000,95000,91000,97000,100000,100000,100000,100000
Q8BK63-2,94000,95000,91000,97000,100000,100000,100000,100000
Q8BTH8,76000,71000,68000,73000,79000,79000,78000,79000
Q8BVP5,66000,61000,61000,64000,65000,65000,59000,61000
Q8C4X2,59000,55000,55000,57000,61000,61000,57000,60000
O54833,67000,71000,62000,73000,76000,76000,86000,83000
P67871,93000,94000,91000,91000,100000,100000,120000,120000
Q99388,230000,220000,170000,220000,190000,200000,170000,170000
P59054,28000,28000,40000,38000,30000,31000,32000,32000
P97315,180000,170000,190000,160000,160000,160000,120000,120000
Q8CID0,50000,48000,44000,48000,48000,47000,49000,52000
O89098,21000,21000,22000,21000,17000,16000,20000,19000
Q62426,150000,150000,130000,140000,140000,140000,130000,130000
Q99LC2,130000,130000,130000,130000,130000,140000,140000,140000
Q8BIQ5,140000,140000,160000,140000,150000,150000,150000,160000
A2AEK1,140000,130000,150000,140000,140000,140000,150000,150000
Q8C7E9,110000,120000,120000,110000,130000,130000,120000,120000
Q99LI7,160000,160000,170000,160000,180000,180000,160000,160000
Q8R311,98000,95000,110000,94000,110000,110000,120000,120000
H3BKL6,98000,94000,110000,94000,110000,110000,120000,120000
H3BJ71,99000,94000,110000,94000,110000,110000,120000,120000
O88712,160000,160000,170000,150000,160000,160000,150000,160000
Q8R242,41000,45000,44000,39000,37000,37000,30000,32000
Q5SUQ9,71000,71000,73000,72000,73000,73000,70000,71000
Q61164,90000,87000,22000,68000,71000,86000,71000,90000
Q3TP92,32000,31000,31000,35000,31000,32000,39000,39000
Q7TSG2,93000,91000,98000,90000,96000,98000,94000,98000
Q8BG15,120000,120000,100000,120000,120000,120000,120000,120000
Q02248,26000,26000,28000,28000,34000,28000,28000,27000
Q9CWL8,150000,150000,160000,140000,140000,140000,140000,130000
P70303,160000,150000,160000,160000,150000,160000,130000,130000
Q62018,97000,95000,97000,93000,100000,100000,110000,110000
P16675,140000,130000,150000,120000,130000,130000,120000,110000
P10605,71000,64000,76000,64000,64000,65000,77000,74000
P97821,100000,100000,110000,93000,98000,100000,86000,85000
P18242,170000,160000,170000,140000,150000,150000,130000,130000
P70269,30000,31000,28000,29000,27000,27000,24000,22000
P28293,16000,16000,15000,16000,14000,15000,17000,15000
P06797,14000,13000,15000,13000,12000,15000,14000,14000
O70370,130000,130000,71000,130000,120000,130000,95000,95000
Q9WUU7,110000,93000,110000,87000,120000,120000,140000,150000
Q60598,10000,11000,11000,8800,8400,8600,7200,7000
Q99J10,8600,9100,7800,9400,8900,9600,10000,9300
Q9WTX6,130000,130000,130000,120000,140000,140000,160000,160000
Q9D4H8,88000,89000,93000,89000,98000,99000,110000,120000
Q9JLV5,130000,130000,130000,140000,140000,140000,140000,140000
Q3TCH7,130000,130000,130000,140000,140000,140000,150000,150000
A2A432,160000,150000,160000,160000,170000,160000,200000,200000
Q9D5V5,170000,170000,170000,160000,170000,170000,180000,170000
G3X914,170000,170000,170000,160000,170000,170000,180000,170000
Q9CQ89,66000,67000,69000,62000,57000,61000,44000,45000
Q9D8X1,79000,80000,79000,76000,67000,70000,65000,64000
H3BJN3,55000,56000,58000,53000,58000,58000,62000,60000
P53564,48000,49000,49000,47000,52000,53000,54000,54000
E9QKE9,48000,49000,49000,47000,53000,53000,54000,55000
Q9JHS9,74000,71000,78000,75000,74000,77000,79000,81000
Q8C5N3,110000,100000,120000,110000,120000,120000,130000,120000
Q9DBF7,72000,73000,45000,78000,76000,77000,92000,99000
Q3TKY6,73000,71000,59000,66000,68000,68000,77000,77000
Q8CI33,120000,130000,98000,120000,110000,120000,120000,120000
Q8BG79,96000,94000,82000,94000,92000,90000,92000,96000
Q9CWW7,54000,56000,40000,52000,52000,53000,58000,58000
Q6P1H1,12000,10000,12000,12000,11000,12000,9900,9300
P56395,110000,110000,130000,110000,110000,100000,98000,100000
Q9CQX2,71000,75000,64000,70000,69000,68000,76000,75000
Q5SSH8,14000,12000,14000,14000,11000,11000,10000,9100
Q9DB73,62000,62000,60000,61000,60000,57000,60000,60000
Q9DCN2,160000,160000,160000,170000,150000,150000,150000,150000
Q3TDX8,43000,44000,49000,41000,45000,44000,48000,46000
Q61093,61000,61000,57000,67000,53000,54000,54000,49000
Q9D0M3,97000,98000,97000,100000,100000,99000,91000,99000
Q7TMB8,150000,140000,150000,150000,140000,140000,130000,130000
Q5SQX6,180000,170000,190000,170000,170000,170000,160000,160000
Q9CX80,4300,4700,4400,4100,3500,3300,4700,4800
Q9QXA1,41000,41000,40000,38000,38000,39000,36000,35000
Q9QXA1-2,18000,18000,18000,18000,17000,17000,16000,16000
Q80TQ2,79000,79000,78000,76000,71000,75000,62000,64000
Q9JKY7,29000,29000,31000,28000,27000,27000,23000,22000
Q9DBX6,39000,39000,37000,36000,37000,38000,30000,29000
Q99N19,20000,19000,21000,20000,20000,20000,21000,19000
Q9EP75,3300,2400,4500,3800,3700,3300,2700,2200
Q99N16,5500,4900,5600,5700,5200,5000,4900,4500
Q9QX11,91000,93000,86000,91000,78000,83000,69000,68000
P63034,69000,68000,63000,69000,62000,63000,62000,60000
O08967,58000,59000,53000,59000,49000,54000,52000,49000
Q9D172,180000,180000,200000,170000,170000,170000,140000,140000
Q9Z1R4,15000,13000,17000,16000,15000,14000,13000,14000
Q3TT38,34000,34000,32000,31000,34000,36000,37000,36000
Q8CIM3,11000,10000,9400,10000,9500,10000,9300,8800
Q91YN0,60000,67000,63000,63000,60000,57000,50000,49000
Q8BPM0,26000,24000,21000,23000,25000,25000,24000,24000
Q925Q8,61000,50000,33000,52000,56000,67000,35000,44000
P61804,74000,63000,81000,92000,75000,62000,94000,84000
Q62165,24000,26000,24000,22000,22000,26000,29000,26000
Q91WC9,17000,16000,17000,17000,16000,16000,19000,18000
Q8VC30,65000,64000,67000,64000,59000,61000,57000,56000
Q6PJN8,9700,9900,9700,9400,8800,8200,8300,9600
Q91XC8,93000,71000,110000,100000,85000,88000,56000,61000
Q9ER88,85000,89000,85000,85000,92000,93000,110000,100000
O54784,27000,28000,17000,43000,29000,29000,52000,54000
Q9D757,88000,80000,44000,88000,24000,30000,20000,18000
Q9QXT1,27000,29000,28000,27000,25000,29000,25000,27000
Q922B2,190000,190000,170000,180000,190000,190000,200000,200000
Q8BIP0,62000,66000,69000,65000,60000,59000,62000,58000
Q3UKR0,93000,94000,94000,86000,94000,97000,94000,97000
O35613,92000,93000,92000,84000,94000,98000,97000,100000
Q9JII5,67000,70000,68000,63000,69000,69000,72000,69000
P31786,170000,170000,160000,160000,150000,160000,150000,150000
Q62418,140000,140000,150000,140000,140000,140000,130000,140000
Q923B1,130000,130000,140000,140000,140000,140000,140000,140000
P53395,120000,120000,120000,110000,120000,120000,120000,120000
Q91VU6,31000,29000,32000,30000,26000,26000,30000,28000
Q6PFH3,15000,17000,18000,18000,18000,16000,20000,17000
Q80T85,79000,77000,88000,78000,74000,77000,75000,75000
P61963,87000,82000,95000,77000,98000,98000,99000,100000
Q8N7N5,110000,110000,120000,100000,110000,110000,130000,130000
Q8BHC4,15000,14000,16000,15000,18000,18000,21000,20000
P43346,120000,120000,120000,120000,110000,110000,110000,110000
Q91YD3,59000,59000,66000,58000,65000,63000,73000,72000
Q3U564,69000,76000,73000,63000,68000,64000,61000,65000
Q9CYC6,35000,33000,30000,38000,35000,35000,40000,36000
Q9DAR7,190000,180000,200000,180000,170000,180000,160000,160000
O08788,120000,120000,130000,120000,120000,120000,110000,110000
Q99KJ8,130000,130000,140000,120000,130000,130000,120000,120000
Q9Z0Y1,180000,170000,180000,160000,160000,170000,170000,160000
Q8CBY8-2,68000,68000,52000,72000,74000,74000,82000,82000
Q8CBY8,68000,67000,52000,71000,74000,74000,83000,83000
Q9QZB9,57000,63000,54000,62000,58000,58000,62000,61000
Q9WUB4,86000,84000,85000,80000,78000,77000,88000,85000
Q9QZ73,91000,83000,86000,81000,91000,89000,90000,89000
Q8BZJ7,77000,73000,72000,71000,75000,76000,72000,81000
Q8K0V2,17000,17000,15000,18000,18000,17000,17000,16000
Q91X52,33000,32000,32000,31000,28000,30000,27000,27000
Q9D9Z5,120000,130000,140000,130000,120000,130000,120000,120000
Q9CWS0,48000,50000,47000,44000,45000,43000,37000,40000
Q99LD8,35000,30000,37000,32000,32000,32000,29000,28000
Q3U1J4,190000,180000,200000,180000,200000,190000,210000,210000
Q99J79,76000,73000,66000,81000,66000,63000,64000,63000
Q80YA3,34000,35000,36000,32000,38000,38000,40000,39000
F8WIJ5,36000,36000,38000,34000,40000,40000,42000,41000
E9QQ38,36000,36000,38000,35000,40000,40000,42000,40000
Q80Y98,44000,44000,44000,44000,48000,46000,60000,62000
A2ADY9,100000,100000,110000,97000,110000,100000,100000,110000
O54734,130000,120000,130000,130000,130000,130000,150000,150000
Q80WW9,26000,23000,32000,40000,25000,24000,24000,23000
O35215,140000,150000,120000,140000,120000,120000,150000,130000
Q91VR5,180000,180000,190000,170000,190000,190000,210000,210000
Q6AXC6,54000,50000,53000,52000,54000,54000,53000,56000
Q501J6,190000,190000,130000,190000,190000,190000,200000,210000
Q61655,150000,150000,160000,150000,170000,170000,200000,200000
Q8BZY3,160000,150000,160000,150000,170000,170000,200000,200000
D3Z0M9,170000,160000,100000,170000,160000,160000,190000,200000
Q8BND4,31000,30000,30000,31000,35000,34000,37000,34000
Q9CWT6,21000,22000,15000,26000,24000,23000,33000,32000
Q6NZQ2,36000,39000,29000,40000,36000,36000,51000,49000
Q8VDW0,180000,170000,190000,180000,200000,190000,210000,210000
Q9Z1N5,200000,200000,200000,190000,200000,200000,190000,190000
Q91VN6,100000,100000,96000,100000,120000,120000,130000,140000
Q810A7,160000,150000,120000,150000,160000,150000,170000,170000
Q569Z5,190000,180000,190000,180000,180000,190000,190000,190000
Q9CWX9,92000,91000,58000,100000,94000,93000,150000,150000
Q61656,200000,190000,120000,220000,220000,210000,290000,300000
Q99MJ9,52000,48000,35000,68000,55000,54000,85000,83000
Q6P9R1,50000,45000,49000,46000,52000,51000,69000,69000
Q6ZPL9,100000,96000,62000,96000,100000,99000,110000,110000
Q6Q899,170000,160000,160000,160000,150000,150000,120000,120000
Q9DBN9,46000,50000,44000,47000,42000,43000,34000,34000
P54823,86000,89000,83000,90000,98000,97000,95000,91000
Q9Z1T5,50000,54000,53000,49000,49000,51000,42000,40000
Q9CQ62,120000,120000,130000,110000,110000,110000,100000,100000
Q9WV68,22000,22000,23000,22000,23000,24000,27000,26000
Q8C2K1,140000,140000,130000,130000,130000,130000,110000,100000
Q99J78,12000,14000,12000,12000,12000,12000,14000,12000
O09005,43000,43000,44000,45000,49000,48000,56000,59000
Q7TNV0,210000,210000,190000,210000,200000,200000,170000,170000
Q8K382,50000,52000,45000,49000,50000,48000,49000,48000
Q3U1T9,71000,71000,72000,70000,67000,68000,64000,60000
Q3U1T9-2,70000,71000,71000,66000,69000,71000,66000,65000
Q8CFK6,89000,79000,90000,90000,81000,80000,61000,61000
Q8C4S8,14000,14000,12000,12000,11000,13000,11000,13000
Q91VV4,62000,64000,57000,71000,60000,66000,66000,70000
A2RT67,11000,12000,12000,12000,11000,11000,11000,10000
Q3U1Y4,80000,79000,86000,84000,81000,81000,83000,83000
A6H8H2,64000,60000,71000,65000,64000,66000,66000,67000
Q8BH65,50000,48000,47000,45000,48000,50000,51000,49000
P61460,31000,31000,31000,29000,30000,31000,32000,28000
D3Z7M7,21000,23000,22000,22000,21000,24000,24000,21000
Q91YP3,36000,35000,34000,40000,38000,38000,39000,39000
Q99J56,76000,73000,63000,79000,75000,74000,89000,89000
Q8BNI4,22000,21000,19000,22000,23000,22000,28000,27000
P31001,260000,270000,240000,250000,260000,250000,210000,210000
Q9D0A0,29000,29000,27000,28000,30000,28000,30000,28000
O54786,83000,83000,89000,78000,80000,81000,68000,66000
O54786-2,75000,75000,81000,70000,72000,73000,67000,61000
O54788,93000,96000,76000,93000,91000,92000,90000,94000
Q9Z2A7,20000,20000,19000,27000,16000,17000,18000,20000
O70279,68000,69000,57000,67000,67000,68000,74000,74000
O35347,7500,6700,4700,8600,7900,7400,12000,11000
Q9R1C6,44000,42000,46000,44000,44000,43000,43000,43000
D3YXJ0,47000,44000,50000,53000,61000,61000,62000,55000
Q6P5E8,22000,22000,18000,21000,22000,22000,22000,22000
Q80UP3,110000,110000,96000,110000,99000,100000,86000,91000
A2AHK0,110000,110000,95000,110000,98000,100000,86000,91000
Q9QX60,56000,55000,58000,53000,54000,55000,48000,46000
O88455,53000,51000,53000,62000,46000,44000,48000,47000
Q9DBB8,42000,43000,45000,42000,39000,39000,35000,38000
P00375,100000,100000,95000,98000,93000,94000,99000,100000
Q99L04,64000,65000,64000,65000,65000,65000,66000,66000
Q3U0B3,24000,24000,25000,23000,23000,23000,25000,25000
Q5SS80,53000,54000,48000,51000,59000,60000,67000,66000
Q99LB2,110000,110000,120000,120000,110000,110000,100000,97000
Q9CXR1,110000,100000,110000,120000,100000,110000,83000,85000
Q99J47,45000,46000,47000,51000,50000,49000,57000,56000
Q8VBZ0,12000,12000,11000,13000,13000,13000,13000,14000
O35286,170000,170000,130000,170000,170000,170000,180000,180000
G3X8X0,130000,130000,99000,130000,120000,130000,130000,130000
Q6PGC1,91000,81000,66000,93000,93000,91000,110000,110000
Q99PU8,98000,99000,88000,98000,110000,100000,130000,130000
Q8BZS9,15000,16000,13000,14000,16000,16000,19000,20000
Q9DBV3,38000,37000,37000,36000,37000,36000,39000,38000
D3YTV3,37000,37000,37000,36000,37000,37000,38000,38000
A2ACQ1,66000,66000,63000,62000,67000,66000,70000,69000
Q8VHK9,42000,42000,37000,46000,42000,41000,58000,54000
Q80X98,87000,84000,44000,84000,78000,78000,87000,85000
Q6PE54,35000,33000,32000,34000,32000,31000,30000,29000
Q6P5D3,24000,24000,19000,23000,21000,20000,22000,20000
Q99J87,110000,110000,94000,100000,93000,97000,76000,77000
A2A4P0,150000,150000,94000,160000,140000,150000,170000,170000
E9QNN1,190000,190000,190000,190000,200000,200000,190000,190000
O70133-2,190000,190000,190000,190000,200000,200000,200000,190000
O70133,190000,190000,190000,190000,200000,200000,200000,190000
Q9JIQ3,140000,140000,160000,140000,150000,150000,130000,130000
E9PV41,180000,160000,73000,170000,160000,160000,160000,160000
Q6W4W7,60000,59000,27000,68000,58000,54000,58000,53000
Q8R418,51000,49000,44000,49000,57000,52000,61000,64000
Q8C9B9,110000,110000,54000,120000,100000,100000,110000,110000
Q9CSH3,130000,120000,77000,130000,120000,120000,140000,130000
Q8C0S1,58000,57000,52000,54000,54000,54000,60000,55000
Q8CI75-2,130000,130000,110000,130000,120000,120000,130000,130000
Q8CI75,130000,140000,120000,130000,130000,130000,130000,140000
Q811T9,55000,52000,64000,48000,51000,53000,47000,44000
Q9ESX5,150000,140000,130000,140000,170000,180000,190000,180000
A2AN81,57000,50000,53000,56000,65000,64000,66000,63000
Q8BMF4,160000,170000,170000,160000,170000,170000,170000,170000
O08749,190000,180000,190000,180000,180000,190000,180000,170000
Q811D0,36000,36000,28000,36000,40000,40000,46000,46000
Q811D0-2,36000,36000,28000,36000,40000,40000,46000,46000
Q91XM9,18000,17000,14000,17000,19000,18000,20000,21000
P70175,23000,22000,19000,25000,22000,22000,29000,29000
Q62108,22000,21000,22000,22000,22000,22000,24000,22000
B1AZP2,56000,55000,42000,55000,51000,52000,52000,49000
Q8K4R9,30000,31000,32000,28000,29000,26000,27000,28000
Q9D2G2,170000,180000,160000,170000,170000,180000,170000,170000
Q9JI44,39000,37000,31000,58000,52000,50000,79000,80000
P11531,31000,28000,32000,28000,36000,34000,33000,39000
Q8CE22,14000,14000,14000,14000,15000,15000,15000,15000
Q6PNC0,62000,61000,63000,60000,67000,66000,72000,72000
Q8BPN8,38000,36000,38000,38000,40000,40000,33000,38000
Q6ZQJ5,30000,29000,27000,29000,34000,33000,35000,36000
D3YYQ8,18000,16000,19000,17000,19000,16000,15000,13000
E9Q0B6,12000,12000,12000,11000,12000,12000,14000,12000
Q9QYJ0,110000,110000,110000,110000,130000,130000,140000,140000
Q99M87,81000,83000,67000,81000,84000,86000,100000,100000
Q99M87-2,67000,69000,56000,68000,72000,73000,90000,92000
Q9JMC3,49000,50000,47000,49000,50000,50000,45000,46000
Q9QYJ3,180000,160000,160000,180000,180000,180000,160000,170000
Q99KV1,110000,110000,110000,110000,120000,120000,140000,140000
Q9QYI4,39000,40000,43000,40000,47000,45000,59000,58000
Q9QYI5,23000,24000,29000,25000,32000,26000,34000,33000
Q9D832,92000,89000,63000,95000,80000,82000,79000,77000
O89114,22000,20000,16000,23000,22000,20000,27000,28000
Q61712,62000,58000,54000,62000,76000,68000,84000,81000
Q9DC23,84000,84000,87000,81000,79000,82000,74000,77000
Q5U458,130000,120000,110000,130000,150000,150000,180000,170000
D4AFX7,130000,130000,130000,130000,130000,130000,130000,130000
Q921R4,28000,27000,26000,32000,27000,26000,29000,28000
Q91WT4,65000,60000,57000,61000,60000,60000,66000,67000
Q9CQV7,120000,110000,92000,120000,120000,120000,130000,140000
Q91ZF0,8900,9500,9800,8800,9300,8700,13000,13000
Q91YW3,170000,160000,180000,170000,160000,160000,170000,170000
P59041,14000,15000,13000,16000,16000,14000,18000,19000
Q9D844,14000,16000,15000,16000,16000,16000,17000,16000
P60904,31000,27000,28000,30000,35000,35000,30000,33000
Q6NZB0,200000,180000,130000,200000,170000,180000,190000,200000
Q91WN1,210000,200000,130000,210000,180000,190000,170000,170000
Q9DCM4,7800,7800,8100,7200,7700,7200,10000,8200
D3Z512,37000,37000,38000,36000,33000,35000,39000,35000
Q9D113,11000,13000,12000,12000,13000,12000,15000,14000
P39053,200000,200000,200000,190000,180000,190000,160000,160000
P39053-3,200000,200000,190000,190000,180000,190000,160000,170000
Q8K1M6,150000,150000,150000,150000,150000,150000,150000,150000
E9PUD2,150000,150000,150000,150000,150000,150000,150000,150000
Q8K1M6-3,150000,150000,150000,140000,150000,150000,150000,150000
Q3T9X3,200000,200000,200000,190000,190000,190000,160000,160000
P39054,200000,200000,200000,190000,190000,190000,160000,160000
G3X9G4,200000,200000,200000,190000,190000,190000,160000,160000
Q3TCR7,200000,200000,200000,190000,190000,190000,160000,160000
Q6TXD4,26000,26000,27000,25000,26000,27000,26000,25000
P13864,43000,41000,26000,60000,41000,42000,60000,60000
Q9Z2W0,140000,140000,130000,140000,130000,130000,100000,120000
Q99LB0,53000,51000,39000,65000,52000,52000,60000,60000
Q8BUR4,8400,6200,7200,6600,6500,6200,4400,4300
Q8BZN6,170000,160000,160000,160000,170000,160000,160000,160000
A2AF67,170000,160000,170000,170000,160000,160000,140000,130000
A2AF47,170000,160000,170000,170000,160000,160000,140000,140000
Q8C3J5,220000,220000,170000,210000,200000,210000,160000,160000
P59764,16000,17000,15000,16000,17000,15000,17000,17000
B2RY04,18000,25000,22000,22000,22000,16000,19000,27000
Q8VDR9,94000,91000,110000,89000,90000,90000,82000,80000
Q8R1A4,100000,100000,110000,100000,91000,96000,82000,81000
Q8C147,150000,150000,150000,150000,150000,140000,140000,140000
Q8BIK4,71000,70000,67000,68000,71000,70000,77000,74000
P97465,60000,60000,52000,56000,58000,57000,64000,63000
O70469,79000,77000,81000,74000,65000,67000,56000,53000
Q9QZK7,12000,12000,11000,12000,14000,14000,16000,14000
Q9QXP4,8700,8100,10000,9400,12000,12000,12000,13000
Q8BL99,38000,37000,39000,37000,38000,37000,38000,36000
Q3UHQ6,83000,83000,92000,82000,85000,85000,77000,78000
Q8BPA8,32000,33000,23000,34000,29000,28000,47000,46000
Q61103,75000,76000,66000,72000,70000,70000,67000,65000
Q5NCQ5,50000,53000,50000,51000,62000,62000,70000,69000
Q9CWQ0,62000,61000,61000,56000,63000,64000,70000,70000
Q9CQ28,49000,51000,49000,46000,52000,47000,64000,65000
Q9CYU6,43000,43000,48000,44000,44000,45000,43000,46000
O70152,130000,120000,130000,130000,130000,130000,130000,120000
Q9D1Q4,120000,120000,120000,120000,120000,120000,110000,120000
Q99KK7,190000,180000,190000,180000,180000,180000,170000,180000
Q9ET22,96000,88000,110000,85000,95000,100000,87000,85000
Q80YA7,71000,72000,74000,67000,69000,71000,68000,68000
Q8BVG4,99000,100000,110000,95000,95000,95000,99000,97000
A6X919,37000,37000,43000,40000,34000,34000,35000,35000
Q71B07,26000,26000,27000,27000,26000,26000,25000,29000
A2AJQ3,16000,13000,16000,14000,16000,15000,15000,15000
Q99LT0,130000,120000,130000,120000,120000,120000,110000,120000
O08553,180000,180000,150000,180000,170000,180000,150000,150000
Q91WV0,120000,120000,130000,110000,110000,120000,99000,100000
Q9D6N5,130000,120000,130000,130000,120000,130000,110000,120000
Q9QXB9,100000,98000,100000,100000,110000,110000,140000,140000
Q5HZJ0,62000,59000,59000,59000,60000,58000,70000,69000
O35075,55000,55000,57000,56000,53000,56000,48000,47000
Q9R0P5,210000,200000,200000,200000,200000,200000,170000,180000
Q6XUX1,24000,21000,24000,27000,26000,24000,26000,29000
Q9DD18,84000,82000,62000,78000,76000,75000,80000,78000
Q8BHA3,74000,73000,71000,72000,73000,75000,79000,75000
O70585,12000,12000,12000,12000,12000,11000,13000,11000
Q91WZ8,9100,9300,9700,9400,9400,8800,8700,9400
Q61010,18000,18000,15000,16000,13000,15000,12000,13000
Q8R3P2,26000,26000,25000,25000,29000,28000,30000,30000
Q3UIR3,75000,76000,80000,70000,84000,99000,84000,79000
P97930,100000,98000,110000,110000,110000,110000,120000,120000
Q9D7B1,9000,9400,10000,9100,9900,9900,13000,14000
Q91XI1,82000,80000,78000,82000,80000,80000,79000,78000
Q9ESS0,61000,63000,46000,47000,42000,47000,56000,54000
Q8BTR5,69000,72000,67000,67000,66000,69000,59000,61000
Q9D7X3,6800,6500,6300,8500,6200,6500,8100,7500
P51141,66000,54000,64000,60000,67000,67000,72000,75000
Q60838,73000,72000,77000,69000,75000,72000,79000,82000
Q61062,66000,52000,67000,60000,69000,64000,78000,77000
O70348,32000,35000,30000,31000,31000,31000,32000,32000
Q8CHY3,72000,72000,75000,70000,71000,70000,86000,85000
Q9JHU4,190000,190000,200000,180000,190000,180000,190000,190000
O88485,37000,33000,36000,42000,32000,34000,32000,29000
O88487,110000,100000,110000,100000,100000,110000,100000,100000
Q8R1Q8,170000,170000,160000,160000,170000,170000,160000,170000
Q9D0M5,54000,60000,77000,61000,72000,76000,84000,89000
P62627,82000,88000,87000,81000,91000,89000,100000,110000
P51807,29000,29000,28000,27000,24000,25000,19000,21000
Q61214,130000,130000,120000,120000,120000,120000,110000,110000
A1L341,130000,130000,120000,120000,120000,120000,110000,110000
Q5U4C9,77000,74000,64000,72000,72000,76000,73000,76000
P97426,10000,13000,14000,14000,12000,11000,8800,9200
Q9CXJ1,65000,65000,62000,62000,62000,62000,53000,54000
Q9D0V7,8900,9400,8300,8900,10000,9800,9900,7700
P70245,49000,46000,49000,67000,40000,39000,40000,40000
Q9D0P0,64000,52000,55000,60000,48000,51000,46000,46000
O35459,120000,110000,130000,110000,110000,110000,100000,100000
Q9D9V3,59000,60000,61000,59000,61000,61000,73000,75000
Q8BH95,180000,170000,190000,170000,160000,170000,140000,150000
P42125,110000,110000,110000,110000,110000,110000,100000,100000
Q9WUR2,120000,110000,140000,120000,110000,120000,99000,93000
Q6PDI5,130000,130000,140000,130000,130000,130000,160000,160000
Q9QZH6,47000,47000,47000,45000,46000,48000,52000,52000
Q8K2D3,75000,78000,80000,73000,80000,82000,93000,92000
Q3UJB9,140000,140000,140000,130000,150000,150000,170000,160000
G5E896,140000,140000,140000,130000,150000,140000,170000,160000
Q925U4,8100,7700,8000,7800,8200,8600,12000,11000
Q8BJT9,15000,16000,17000,16000,18000,17000,20000,20000
Q2HXL6,34000,36000,37000,35000,39000,39000,46000,45000
Q9JMG1,130000,110000,77000,160000,120000,130000,180000,200000
Q921E6,120000,120000,120000,120000,120000,120000,140000,140000
O08796,51000,53000,44000,41000,33000,36000,43000,42000
Q9JHW4,120000,120000,92000,130000,110000,110000,98000,95000
Q9D8Y0,170000,160000,170000,150000,160000,160000,170000,170000
Q8C845,170000,160000,170000,160000,160000,160000,170000,170000
Q8BG67,97000,95000,96000,96000,100000,100000,88000,85000
Q8C0D5,65000,66000,62000,63000,70000,70000,83000,82000
O08810,180000,180000,190000,170000,190000,190000,220000,210000
Q91YE3,45000,45000,43000,43000,45000,44000,47000,47000
P08046,15000,16000,36000,120000,71000,65000,36000,36000
E9QP49,52000,51000,45000,48000,51000,50000,48000,47000
Q99MS7,51000,50000,45000,48000,52000,50000,49000,49000
Q99MS7-2,51000,49000,44000,48000,51000,50000,49000,49000
Q9QXY6,130000,130000,130000,120000,130000,130000,120000,120000
Q9EQP2,82000,81000,84000,79000,90000,89000,110000,100000
Q9DBM2,74000,76000,59000,72000,71000,71000,65000,61000
Q5DW34,55000,50000,60000,54000,60000,59000,66000,67000
Q5DW34-2,56000,49000,61000,54000,61000,60000,65000,68000
Q9Z148,48000,48000,43000,44000,45000,44000,49000,48000
Q9Z148-2,48000,47000,43000,44000,44000,43000,50000,49000
Q61070,55000,51000,56000,56000,49000,49000,66000,61000
Q03963,44000,43000,35000,43000,42000,42000,42000,41000
E9QQ30,24000,24000,22000,22000,21000,22000,22000,20000
Q9Z2B5,14000,14000,13000,14000,13000,13000,14000,12000
A2AUL9,34000,35000,34000,34000,37000,36000,46000,45000
Q9QZ05,40000,40000,41000,40000,43000,42000,53000,51000
Q99LD9,99000,97000,100000,99000,110000,110000,130000,130000
Q61211,88000,87000,58000,88000,85000,85000,87000,88000
Q9DBZ5,110000,110000,120000,110000,130000,140000,170000,160000
Q99JX4,98000,100000,100000,100000,120000,120000,150000,150000
Q91VC3,190000,190000,160000,190000,200000,200000,210000,210000
Q9DBB5,19000,19000,21000,17000,16000,17000,13000,12000
Q60876,7400,8100,9700,7400,8200,7100,12000,9000
P70445,28000,27000,28000,28000,28000,28000,28000,27000
G3XA17,130000,140000,130000,140000,160000,160000,190000,190000
Q62448,130000,140000,140000,140000,160000,160000,190000,190000
Q9WUK2,130000,120000,140000,130000,150000,140000,170000,190000
Q9WUK2-2,130000,120000,130000,120000,150000,140000,170000,190000
P59325,160000,150000,140000,150000,180000,180000,200000,220000
Q8VEB6,25000,27000,27000,25000,26000,28000,23000,23000
Q80Y81,95000,96000,86000,96000,110000,110000,130000,130000
Q3UP87,8600,8600,8500,9000,6500,6900,6700,5700
P70372,200000,200000,210000,200000,210000,210000,240000,240000
Q60775,84000,79000,77000,81000,67000,74000,55000,59000
Q9JHC9,42000,43000,35000,41000,35000,36000,31000,31000
Q9Z2U4,32000,31000,31000,31000,24000,25000,22000,22000
Q8BPU7,190000,190000,190000,180000,190000,190000,180000,190000
Q8BHL5,130000,120000,130000,120000,110000,120000,89000,88000
Q8BGF6,31000,27000,34000,34000,32000,33000,29000,29000
E9Q2I4,85000,83000,44000,94000,75000,76000,80000,79000
Q9CZX0,60000,56000,53000,63000,67000,66000,79000,80000
Q9ER73,73000,73000,72000,76000,71000,73000,89000,95000
Q8BK75,58000,55000,56000,54000,58000,58000,69000,67000
P21995,100000,100000,95000,93000,90000,95000,100000,100000
Q8C7X2,110000,110000,110000,100000,130000,120000,130000,130000
Q8C7X2-2,110000,110000,110000,110000,130000,120000,140000,140000
Q9CRD2,82000,80000,61000,87000,81000,79000,110000,110000
Q99KI3,57000,53000,56000,51000,58000,57000,63000,66000
Q9CZX9,53000,45000,54000,57000,59000,54000,70000,67000
Q9CQW0,23000,22000,21000,22000,23000,23000,26000,23000
Q9EP72,73000,75000,72000,79000,83000,84000,110000,110000
O70378,71000,69000,78000,66000,77000,77000,86000,84000
O08579,130000,120000,130000,130000,130000,130000,150000,150000
Q56A04,64000,65000,60000,69000,61000,60000,52000,52000
O35130,100000,100000,80000,110000,99000,100000,130000,130000
Q7TNG5,120000,120000,130000,110000,110000,110000,110000,110000
Q8VC03,88000,83000,87000,84000,79000,78000,76000,78000
Q3UMY5,81000,78000,48000,80000,91000,88000,92000,95000
Q3UMY5-2,90000,87000,56000,90000,100000,99000,100000,110000
Q8BQM8,13000,14000,13000,12000,13000,14000,13000,12000
Q8BMB0-2,68000,68000,46000,64000,62000,62000,61000,61000
Q8BMB0,93000,93000,64000,87000,85000,85000,86000,84000
O35709,17000,15000,5600,15000,14000,16000,13000,13000
Q8C522,15000,15000,17000,16000,15000,16000,14000,14000
O08600,57000,59000,62000,59000,61000,61000,61000,62000
Q8BX80,84000,83000,82000,79000,80000,81000,68000,69000
P17182,1200000,1200000,1200000,1200000,1100000,1200000,1100000,1000000
P21550,90000,93000,94000,97000,90000,91000,92000,88000
Q8BGB7,110000,100000,110000,100000,100000,110000,110000,110000
P06802,4300,5200,5700,4000,5100,5000,6000,5100
Q8BTJ4,9900,10000,9000,11000,9400,10000,8500,11000
P60840,120000,110000,100000,110000,120000,110000,120000,120000
Q3U3N6,37000,38000,40000,35000,40000,40000,43000,42000
Q9WUZ9,71000,65000,77000,64000,62000,65000,50000,51000
Q9JIX0,110000,110000,110000,100000,120000,120000,140000,130000
Q8BYW9,25000,25000,29000,26000,30000,27000,34000,31000
B2RWS6,150000,140000,92000,150000,150000,160000,150000,150000
Q8CHI8,110000,100000,41000,120000,87000,89000,100000,93000
F6R9G0,51000,45000,19000,52000,40000,41000,47000,43000
A2AUK8,62000,63000,61000,62000,61000,64000,54000,51000
A2AUK5,38000,39000,38000,38000,38000,40000,33000,31000
E9PV14,28000,31000,28000,30000,30000,32000,29000,28000
A2A841,130000,130000,130000,130000,140000,140000,130000,140000
O70318,120000,120000,120000,120000,140000,140000,130000,130000
Q9WV92,34000,36000,33000,38000,39000,40000,38000,36000
Q8C9X6,60000,54000,35000,62000,57000,56000,55000,52000
Q8C0I4,40000,39000,38000,42000,43000,42000,44000,46000
Q80TA9,40000,40000,35000,38000,41000,41000,43000,43000
Q9D379,160000,150000,170000,160000,160000,160000,140000,140000
Q8VEH5,50000,49000,54000,50000,55000,53000,52000,54000
Q80VP1,37000,33000,36000,33000,34000,34000,30000,28000
Q8R0W0,42000,44000,43000,42000,42000,42000,36000,37000
P42567,130000,120000,130000,120000,120000,120000,130000,130000
Q60902,130000,140000,140000,130000,140000,150000,140000,140000
Q60902-4,130000,140000,140000,130000,140000,150000,140000,150000
Q8R5F8,15000,17000,17000,16000,15000,16000,13000,14000
Q8VDI1,55000,52000,40000,67000,35000,36000,27000,29000
Q80TA1,6500,7400,5500,7100,8000,6300,11000,10000
Q9CZU4,30000,31000,32000,31000,36000,33000,43000,42000
Q9EQH2,180000,180000,200000,170000,210000,210000,220000,220000
Q80TH2,120000,120000,120000,110000,140000,130000,130000,130000
V9GXL1,42000,41000,44000,41000,44000,43000,44000,46000
Q99MI1,67000,62000,68000,65000,71000,70000,75000,79000
F8VPM7,67000,62000,68000,65000,72000,70000,75000,80000
Q6PH08,64000,63000,63000,62000,71000,70000,83000,82000
P07903,64000,60000,61000,58000,61000,61000,57000,56000
O08811,74000,72000,76000,71000,86000,83000,88000,86000
P49135,64000,60000,59000,64000,67000,68000,70000,71000
Q9QZD4,59000,58000,55000,56000,56000,56000,52000,51000
P35689,44000,46000,48000,44000,43000,42000,41000,44000
Q8BHK9,28000,28000,29000,27000,29000,29000,36000,35000
Q9DC16,41000,41000,47000,42000,43000,44000,56000,52000
Q9CR89,22000,21000,23000,21000,22000,22000,24000,21000
Q9CQE7,43000,41000,49000,43000,47000,43000,55000,51000
P84089,160000,160000,170000,150000,160000,160000,160000,160000
G3UW85,160000,160000,170000,150000,160000,160000,160000,160000
Q7TMF2,64000,65000,54000,62000,67000,68000,80000,81000
E9PY43,55000,55000,58000,52000,59000,55000,62000,62000
Q8VEH8,54000,59000,65000,55000,57000,58000,68000,66000
Q8BFZ9,88000,87000,94000,83000,100000,100000,130000,130000
Q3UVK0,67000,68000,69000,81000,63000,64000,68000,65000
Q8R180,65000,66000,73000,65000,80000,81000,97000,95000
Q8R2E9,67000,65000,73000,65000,76000,77000,72000,71000
P57759,120000,130000,130000,120000,140000,140000,160000,170000
Q9D1Q6,130000,130000,130000,120000,140000,140000,150000,150000
Q99JZ7,21000,20000,22000,20000,31000,29000,26000,24000
Q9R0P3,150000,150000,170000,140000,160000,160000,170000,170000
O08580,18000,19000,14000,20000,17000,16000,20000,18000
Q3U7R1,170000,160000,150000,160000,150000,160000,140000,140000
Q3TZZ7,160000,160000,140000,170000,160000,160000,140000,150000
Q99LC5,240000,240000,270000,230000,220000,230000,210000,210000
Q9DCW4,190000,190000,180000,180000,170000,180000,170000,170000
Q921G7,130000,130000,140000,120000,120000,130000,110000,120000
Q9DCM0,27000,27000,29000,29000,29000,28000,26000,25000
Q8VD58,41000,46000,34000,35000,34000,36000,31000,31000
H3BKQ3,15000,16000,16000,15000,14000,15000,13000,14000
P70429,190000,190000,160000,180000,170000,180000,150000,150000
Q61545,170000,180000,150000,160000,170000,170000,170000,160000
Q8R3S6,89000,89000,84000,82000,87000,87000,93000,94000
Q9D4H1,89000,87000,91000,84000,86000,84000,90000,87000
Q6KAR6,90000,92000,91000,88000,94000,93000,92000,91000
O35382,92000,92000,96000,90000,91000,91000,95000,93000
Q3TPX4,78000,80000,84000,81000,86000,84000,81000,82000
Q8R313,74000,74000,77000,67000,79000,80000,86000,90000
Q3U9D6,87000,85000,89000,79000,92000,92000,99000,110000
A6H5Z3,76000,77000,77000,75000,71000,70000,61000,61000
O35250,72000,72000,72000,70000,70000,71000,74000,76000
Q6PGF7,95000,90000,90000,90000,99000,98000,99000,100000
Q8C163,73000,68000,76000,75000,78000,76000,65000,67000
Q9DAA6,110000,100000,110000,100000,110000,120000,120000,130000
P56960,94000,93000,49000,100000,89000,90000,130000,120000
Q8VBV3,91000,96000,89000,89000,100000,100000,110000,110000
F6TGV1,91000,90000,83000,89000,91000,90000,91000,88000
Q7TQK4,89000,94000,86000,97000,96000,95000,91000,94000
Q921I9,46000,46000,48000,45000,50000,48000,52000,50000
Q9CRA8,140000,150000,160000,140000,140000,140000,150000,140000
Q8BTW3,88000,86000,81000,86000,90000,91000,100000,96000
Q9D0M0,100000,97000,110000,100000,110000,110000,120000,120000
Q9D753,86000,91000,91000,87000,90000,92000,100000,110000
Q9JHI7,150000,150000,160000,140000,150000,160000,160000,150000
P97464,50000,52000,56000,50000,55000,52000,53000,53000
P70428,21000,22000,26000,23000,25000,24000,33000,31000
Q9WVL6,44000,43000,43000,43000,49000,48000,55000,54000
P97480,34000,35000,35000,32000,38000,38000,49000,47000
P70351,68000,60000,53000,71000,60000,57000,67000,63000
P26040,970000,930000,740000,970000,910000,930000,800000,790000
Q8BH61,89000,84000,96000,81000,71000,74000,64000,58000
O88783,25000,23000,27000,23000,24000,27000,25000,25000
Q00558,31000,31000,29000,31000,31000,33000,35000,35000
O08914,120000,120000,120000,120000,110000,110000,100000,100000
Q61160,100000,98000,99000,93000,88000,93000,79000,81000
P54731,89000,87000,95000,88000,84000,86000,88000,89000
Q3TDN2,110000,100000,120000,120000,120000,120000,130000,130000
P35505,21000,21000,25000,22000,21000,22000,20000,20000
Q8R0F8,16000,12000,19000,15000,18000,19000,16000,18000
Q3TC72,54000,53000,56000,52000,53000,53000,49000,48000
Q9WUD8,84000,80000,89000,77000,91000,92000,100000,110000
Q8BQS4,21000,24000,22000,21000,21000,23000,22000,22000
Q9CQY2,97000,94000,98000,90000,98000,100000,100000,100000
A2A6P4,7600,7900,12000,9900,13000,13000,8000,12000
Q3TVP5,120000,110000,120000,110000,110000,110000,80000,79000
Q3TGF2,170000,170000,180000,160000,160000,170000,140000,140000
Q8VE88-2,86000,85000,91000,81000,87000,92000,87000,89000
Q8VE88,87000,85000,92000,81000,86000,92000,87000,90000
Q7TNF9,6100,7100,7200,5200,5900,5100,8400,8400
Q91YN1,45000,44000,45000,41000,45000,45000,40000,40000
Q8C569,42000,42000,39000,42000,48000,47000,56000,56000
Q6A0A9,110000,110000,91000,110000,120000,120000,130000,130000
Q6RI63,19000,20000,19000,20000,21000,21000,21000,18000
Q8C3F2,30000,28000,25000,28000,27000,25000,25000,25000
Q9DB52,14000,13000,14000,13000,15000,14000,16000,16000
Q6P9N1,25000,25000,22000,24000,23000,24000,24000,23000
Q8C729,28000,29000,26000,27000,31000,30000,34000,35000
Q3UW53,60000,59000,65000,59000,56000,57000,67000,70000
Q8R1F1,15000,15000,14000,14000,15000,14000,14000,14000
Q9CVI2,79000,77000,86000,75000,85000,85000,79000,85000
Q6NS82,29000,27000,33000,30000,32000,31000,32000,33000
Q9CQV4,65000,62000,68000,69000,73000,73000,70000,72000
Q9CR98,75000,69000,92000,81000,78000,82000,85000,82000
Q8K2H3,30000,31000,36000,29000,26000,27000,30000,28000
D3YUE4,62000,63000,67000,58000,58000,58000,50000,49000
Q3U2I3,21000,23000,21000,20000,18000,19000,19000,20000
Q8CDM8,110000,110000,120000,120000,100000,110000,98000,95000
Q9D6U8,100000,100000,90000,110000,120000,120000,130000,140000
G3UWF0,32000,36000,35000,29000,39000,37000,44000,47000
Q8CHT6,64000,68000,67000,66000,60000,63000,59000,58000
Q3TNH5,30000,31000,29000,29000,29000,30000,32000,30000
Q501J2,34000,34000,37000,31000,32000,34000,47000,45000
Q8BPZ8,95000,99000,96000,91000,90000,96000,81000,83000
Q3TCJ1,82000,87000,78000,81000,84000,87000,82000,82000
Q8BR63,46000,48000,60000,47000,44000,46000,36000,39000
Q6A070,6800,7200,7400,6500,6900,6100,7400,6800
E9PW83,28000,26000,22000,25000,32000,30000,30000,30000
Q9CV28,21000,22000,23000,19000,19000,18000,23000,24000
Q91WE2,160000,160000,180000,150000,150000,150000,160000,170000
Q3UGS4,110000,92000,110000,89000,120000,110000,120000,120000
Q8C6C7,17000,18000,17000,18000,19000,20000,24000,24000
Q80ZQ9,17000,21000,19000,19000,20000,21000,23000,22000
Q69ZR9,100000,100000,110000,100000,110000,110000,100000,110000
Q8VCS3,42000,41000,39000,44000,43000,46000,45000,46000
Q6PGL7,60000,60000,59000,58000,54000,57000,51000,51000
Q9D8B6,45000,47000,44000,47000,42000,47000,44000,43000
Q9CYH2,80000,81000,71000,73000,73000,74000,70000,66000
Q9DB60,15000,16000,18000,14000,14000,15000,15000,15000
Q8C790,18000,19000,18000,18000,18000,18000,17000,17000
Q8C9E8,37000,35000,40000,43000,40000,43000,40000,36000
Q9CR80,73000,71000,71000,71000,78000,76000,87000,88000
Q9D8T0,40000,38000,37000,37000,37000,36000,54000,53000
Q91VU0,72000,69000,66000,67000,61000,63000,75000,69000
Q9D8N2,76000,75000,81000,73000,80000,78000,76000,75000
Q8BHZ0,84000,86000,87000,79000,80000,81000,70000,70000
Q921M7,160000,150000,160000,150000,150000,160000,140000,140000
Q9WV03,120000,110000,100000,110000,120000,120000,140000,140000
Q8BGR5,23000,25000,24000,23000,21000,21000,30000,29000
Q8QZR8,15000,14000,17000,15000,18000,17000,15000,16000
Q76LS9,29000,24000,34000,38000,28000,28000,26000,32000
Q6PDI6,29000,30000,29000,26000,27000,27000,26000,26000
Q68FE6,32000,34000,34000,32000,32000,30000,28000,27000
Q9D6I7,73000,76000,74000,71000,73000,75000,63000,70000
Q4QQM5,13000,14000,12000,12000,14000,13000,16000,15000
Q922G2,59000,58000,36000,61000,56000,54000,58000,59000
Q80XP8,73000,71000,38000,83000,70000,66000,68000,68000
D3YXJ5,6500,7300,6300,6000,6400,7000,8500,7300
Q3UVG3,48000,34000,42000,37000,44000,42000,43000,47000
Q9DCL2,74000,73000,74000,63000,68000,64000,75000,74000
Q9D187,19000,19000,19000,18000,20000,19000,22000,22000
Q3TJZ6,45000,45000,34000,47000,50000,48000,63000,60000
Q80VD1,150000,150000,110000,150000,140000,140000,170000,160000
E9PYD1,55000,55000,51000,53000,55000,56000,56000,55000
Q8K368,46000,46000,47000,45000,41000,40000,44000,44000
Q99M01,46000,46000,46000,45000,46000,46000,48000,46000
Q8C0C7,170000,180000,160000,160000,190000,190000,230000,240000
Q9WUA2,160000,160000,140000,150000,170000,170000,200000,200000
P41047,3500,4200,4600,3900,6200,4800,5900,6300
Q6DI86,34000,33000,34000,32000,38000,35000,48000,47000
Q7TMV3,36000,38000,37000,37000,40000,42000,55000,48000
A2AQ53,16000,14000,17000,15000,16000,15000,15000,14000
Q61554,22000,23000,23000,27000,26000,25000,28000,27000
Q8R089,31000,32000,32000,31000,34000,33000,34000,33000
Q8BID8,19000,20000,19000,18000,16000,17000,21000,20000
Q91W61,18000,18000,18000,19000,21000,21000,22000,23000
E9PYR1,22000,23000,26000,23000,25000,23000,28000,28000
Q8C4V4,40000,43000,52000,47000,45000,44000,48000,45000
Q8CIG9,54000,56000,52000,53000,49000,53000,44000,44000
Q8K2I9,9700,8700,9400,9700,9200,9500,8000,8600
Q8VDH1,12000,11000,11000,10000,12000,11000,12000,12000
Q78JE5,59000,61000,56000,62000,58000,60000,57000,58000
Q8BIG4,26000,25000,24000,28000,29000,28000,32000,33000
Q9DC63,31000,31000,31000,30000,29000,28000,30000,29000
Q9CPU7,11000,11000,10000,11000,11000,8900,13000,12000
Q8BMI0,43000,45000,42000,42000,46000,47000,49000,49000
Q8CHQ0,78000,79000,83000,72000,70000,72000,60000,62000
Q6PDJ6,38000,39000,32000,29000,33000,34000,31000,31000
Q8BG80,20000,21000,16000,22000,22000,23000,30000,28000
Q9QZN4,66000,67000,62000,65000,59000,58000,66000,60000
Q3U7U3,81000,81000,82000,79000,77000,79000,75000,73000
Q60584,11000,11000,11000,11000,8500,11000,9700,8300
Q9JMJ2,44000,50000,39000,48000,49000,46000,51000,54000
P08101,18000,18000,19000,19000,18000,16000,17000,18000
Q61559,38000,32000,39000,29000,29000,26000,22000,18000
Q8K285,49000,48000,53000,51000,44000,44000,38000,36000
Q3UQN2,53000,53000,61000,50000,62000,60000,62000,64000
Q6PFY1,33000,29000,25000,32000,33000,34000,31000,33000
Q3USJ8,25000,27000,24000,26000,25000,26000,29000,27000
Q920A9,27000,26000,31000,28000,27000,28000,26000,25000
P46656,32000,28000,33000,30000,33000,33000,36000,37000
Q9CPW2,27000,28000,28000,25000,29000,29000,33000,31000
Q61578,140000,130000,130000,130000,120000,120000,120000,110000
P22315,98000,92000,79000,100000,88000,92000,85000,83000
Q91Z50,110000,110000,78000,110000,110000,110000,120000,120000
P39749,100000,100000,78000,110000,100000,100000,110000,110000
Q8CIB5,120000,140000,130000,140000,140000,150000,93000,110000
Q8K1B8,170000,170000,170000,170000,160000,160000,130000,130000
Q6TYB5,20000,21000,23000,19000,19000,18000,19000,17000
Q8BY35,13000,13000,13000,12000,10000,12000,10000,9200
Q66JX5,66000,65000,80000,62000,70000,66000,67000,65000
Q9CRA9-2,55000,51000,53000,52000,55000,57000,55000,55000
Q9CRA9,55000,50000,53000,52000,55000,58000,56000,56000
P14234,58000,58000,52000,58000,63000,62000,54000,59000
P97807,170000,170000,180000,170000,170000,180000,190000,190000
O89106,22000,19000,20000,19000,18000,18000,17000,16000
Q9R059,87000,87000,95000,82000,82000,82000,78000,81000
Q6P9Q4,56000,52000,54000,53000,52000,52000,47000,46000
Q9JI19,64000,65000,62000,64000,60000,63000,57000,60000
Q91WF7,53000,54000,54000,50000,54000,53000,57000,56000
Q6P6L0,67000,66000,72000,65000,62000,63000,49000,52000
E0CYH7,66000,66000,72000,65000,62000,63000,49000,52000
Q9D824,140000,130000,130000,130000,140000,140000,140000,140000
Q9CQ92,120000,120000,130000,110000,110000,120000,98000,100000
Q9WTJ4,17000,18000,11000,20000,17000,17000,21000,23000
Q9D1M7,28000,32000,22000,31000,24000,26000,25000,27000
Q6P9Q6,92000,92000,97000,89000,93000,94000,91000,90000
P26883,93000,98000,100000,89000,98000,95000,110000,100000
P45878,56000,55000,56000,58000,55000,57000,56000,55000
Q62446,170000,150000,110000,170000,150000,150000,180000,170000
Q64378,160000,160000,160000,150000,160000,150000,140000,140000
O35465,87000,87000,88000,95000,87000,84000,120000,120000
Q8CG64,7800,7700,8800,7900,9000,9400,9500,8600
Q8R123,51000,51000,51000,49000,48000,49000,44000,43000
Q8QZS3,12000,12000,11000,11000,12000,12000,15000,13000
P26323,110000,110000,110000,110000,94000,98000,85000,83000
Q9JJ28,160000,150000,120000,160000,170000,160000,160000,160000
Q8BTM8,250000,250000,240000,240000,240000,240000,200000,200000
Q80X90,190000,190000,190000,180000,190000,190000,180000,190000
Q8VHX6,220000,210000,210000,210000,200000,210000,170000,170000
D3Z576,220000,210000,210000,200000,200000,210000,180000,180000
O08917,80000,78000,85000,74000,77000,77000,66000,66000
Q60634,100000,100000,100000,97000,100000,100000,85000,86000
Q8CI03,42000,41000,43000,39000,33000,33000,31000,30000
Q9JL26,180000,180000,170000,170000,170000,170000,140000,140000
A2APV2,82000,82000,79000,80000,83000,83000,74000,78000
A2APV2-3,100000,100000,99000,97000,100000,100000,91000,95000
Q6ZPF4,97000,110000,110000,90000,98000,98000,98000,100000
P97872,46000,44000,43000,44000,39000,37000,32000,30000
P35922-10,130000,130000,110000,120000,140000,140000,160000,160000
P35922,130000,130000,110000,120000,140000,140000,170000,170000
P11276,41000,43000,77000,63000,43000,50000,44000,40000
Q8K274,57000,58000,54000,55000,53000,53000,48000,47000
A2AQ43,160000,160000,150000,150000,160000,160000,140000,140000
Q6ZQ03,110000,110000,120000,110000,110000,110000,110000,110000
Q8BX90,36000,33000,26000,40000,44000,41000,47000,45000
Q61239,87000,87000,95000,84000,88000,88000,77000,88000
Q8K2I1,51000,54000,52000,51000,48000,52000,50000,53000
A2AKG8,59000,57000,60000,57000,61000,60000,76000,75000
Q9CZS3,18000,19000,20000,18000,19000,19000,21000,24000
P13346,14000,14000,16000,22000,18000,17000,14000,13000
Q9ES18,70000,64000,72000,70000,73000,72000,62000,64000
Q8BUR3,48000,47000,52000,50000,61000,59000,57000,58000
P42128,110000,110000,110000,110000,100000,100000,110000,100000
Q499D0,48000,47000,50000,49000,53000,53000,47000,49000
Q9WVH4,69000,61000,55000,60000,52000,58000,51000,54000
P58462,120000,120000,110000,110000,130000,130000,150000,160000
H3BLF2,120000,120000,110000,110000,130000,130000,150000,160000
H3BL33,120000,120000,110000,110000,130000,130000,160000,160000
Q3TQB2,70000,70000,73000,68000,67000,67000,72000,68000
G5E8F4,26000,26000,25000,25000,27000,25000,26000,25000
Q8BP78,49000,52000,48000,47000,42000,46000,39000,40000
P97376,110000,100000,84000,95000,110000,100000,120000,120000
Q3UFK8,58000,57000,59000,60000,48000,50000,53000,54000
Q8C180,14000,14000,12000,11000,15000,16000,16000,17000
E9Q8I9,41000,42000,42000,40000,40000,39000,35000,35000
F8VQ05,130000,130000,140000,130000,140000,140000,130000,130000
Q61553,85000,81000,90000,94000,78000,81000,91000,91000
P09528,27000,29000,31000,30000,41000,37000,37000,43000
Q8BGW1,43000,43000,48000,41000,44000,44000,54000,55000
Q9CPY0,22000,20000,18000,25000,19000,19000,18000,16000
Q3TUE1,200000,200000,210000,190000,220000,210000,240000,240000
Q91WJ8,200000,200000,210000,190000,220000,210000,240000,240000
A2AJ72,140000,130000,140000,130000,140000,140000,170000,170000
Q3TIX6,140000,130000,140000,130000,140000,140000,170000,170000
Q99LJ1,48000,48000,50000,43000,47000,46000,41000,41000
Q99KR8,20000,20000,20000,18000,16000,16000,16000,17000
Q7TMC8,42000,41000,41000,41000,40000,41000,41000,41000
Q9DB70,5500,6300,5400,5900,6600,5600,5000,7300
Q8R2K1,27000,29000,25000,27000,28000,29000,23000,24000
P56959,150000,160000,140000,140000,160000,160000,150000,150000
Q8BHC9,18000,17000,18000,16000,18000,18000,20000,19000
Q9WTS2,26000,26000,29000,27000,27000,29000,24000,25000
P70213,15000,16000,17000,14000,19000,17000,19000,19000
O35943,120000,110000,140000,110000,100000,100000,94000,91000
P97808,75000,58000,75000,71000,60000,57000,79000,79000
O35601,190000,190000,160000,180000,170000,180000,150000,150000
Q8VDC1,52000,51000,53000,50000,48000,48000,45000,44000
P39688,140000,140000,130000,130000,170000,160000,170000,170000
P39688-2,160000,160000,140000,140000,190000,180000,190000,200000
Q00612,160000,150000,170000,150000,160000,160000,170000,170000
P70699,46000,44000,48000,41000,47000,45000,59000,59000
Q00422,180000,180000,170000,170000,170000,180000,170000,170000
Q00420,83000,61000,93000,79000,88000,91000,70000,76000
P81069,52000,49000,59000,53000,54000,55000,50000,53000
Q9CR59,35000,31000,25000,48000,41000,37000,74000,73000
Q99KY4,130000,130000,140000,120000,130000,130000,120000,120000
P54818,36000,38000,37000,36000,36000,41000,36000,35000
Q8R059,54000,54000,55000,50000,52000,55000,51000,51000
Q9R0N0,110000,98000,120000,110000,120000,110000,150000,150000
Q68FH4,140000,130000,140000,130000,120000,130000,100000,110000
Q8K157,39000,40000,43000,37000,38000,40000,32000,35000
Q571E4,39000,37000,36000,37000,32000,34000,28000,28000
O08912,82000,82000,83000,80000,83000,84000,88000,86000
Q6P9S7,50000,52000,53000,53000,51000,51000,47000,46000
Q8BGT9,48000,45000,47000,44000,43000,43000,39000,40000
Q6PB93,98000,97000,90000,97000,96000,96000,96000,93000
O08832,31000,32000,28000,31000,30000,32000,33000,34000
Q8C7U7,43000,44000,40000,41000,33000,33000,37000,35000
Q80VA0,69000,64000,71000,70000,70000,69000,66000,68000
Q03249,34000,36000,40000,33000,35000,35000,35000,35000
Q8BHN3-2,150000,150000,160000,150000,150000,160000,150000,150000
Q8BHN3,150000,150000,160000,150000,150000,160000,150000,150000
Q8BVW0,120000,120000,120000,110000,110000,110000,95000,92000
P16858,7800000,7900000,7400000,7700000,7500000,7600000,7800000,7500000
F7ADT6,69000,70000,65000,71000,77000,74000,88000,90000
Q6PAR5,120000,120000,120000,120000,130000,130000,160000,160000
Q920S3,45000,48000,37000,45000,45000,47000,49000,51000
Q8CHY6,110000,110000,64000,120000,97000,99000,130000,140000
Q8VHR5,130000,130000,110000,130000,140000,140000,150000,150000
Q99JT1,21000,23000,20000,23000,24000,22000,27000,27000
Q8CBY0,5800,6500,5400,5400,6300,6600,5900,4100
Q9D964,11000,12000,12000,11000,11000,11000,11000,12000
Q8CAB8,30000,31000,30000,29000,27000,27000,30000,30000
Q9CWQ8,23000,25000,24000,23000,26000,24000,24000,24000
P17439,69000,70000,71000,69000,67000,65000,75000,74000
Q69ZF3,41000,41000,44000,39000,43000,42000,40000,38000
O55126,120000,100000,120000,110000,110000,110000,91000,88000
Q9D6Y9,78000,79000,83000,77000,79000,79000,74000,73000
Q6DFZ1,82000,81000,89000,82000,83000,81000,83000,84000
A9YVJ5,130000,130000,130000,130000,130000,150000,130000,130000
A4UUI3,130000,130000,130000,130000,130000,150000,130000,130000
L7N1X8,140000,140000,140000,140000,150000,170000,150000,160000
Q91Z40,140000,130000,140000,130000,180000,190000,160000,160000
Q2V6D6,120000,120000,130000,120000,120000,140000,110000,120000
Q8BTS3,160000,160000,170000,160000,160000,170000,140000,140000
O88986,21000,22000,23000,22000,20000,20000,22000,23000
Q9D4H2,81000,82000,87000,77000,77000,78000,78000,80000
Q8CHG3,76000,76000,79000,71000,76000,74000,87000,87000
Q60759,97000,95000,97000,99000,94000,98000,90000,94000
Q8BKT3,51000,53000,51000,52000,50000,52000,55000,56000
P97494,91000,92000,90000,87000,91000,92000,89000,84000
O09172,80000,80000,75000,79000,80000,81000,95000,94000
Q9R111,17000,19000,19000,19000,15000,12000,13000,11000
Q9DBL2,22000,22000,21000,21000,21000,21000,24000,26000
P50396,160000,170000,160000,150000,150000,160000,140000,140000
Q61598,180000,180000,180000,170000,180000,180000,180000,180000
Q3TLS3,43000,44000,44000,41000,43000,43000,39000,41000
Q9CQQ4,65000,62000,67000,57000,60000,61000,74000,70000
Q8BHE1,19000,19000,18000,19000,20000,21000,25000,23000
Q9D1H7,55000,57000,56000,53000,58000,60000,65000,66000
P56213,39000,35000,51000,36000,40000,43000,40000,42000
Q8R2Q4,68000,66000,71000,69000,69000,69000,70000,70000
P47856,100000,100000,110000,100000,120000,120000,150000,150000
Q8R0H9,140000,130000,150000,130000,140000,140000,140000,140000
Q8BMI3,71000,69000,77000,69000,79000,78000,88000,85000
Q9D7X8,93000,96000,93000,84000,84000,85000,76000,76000
Q9Z0L8,42000,41000,45000,37000,31000,32000,32000,30000
Q9WTN0,130000,120000,130000,110000,120000,130000,110000,110000
Q60928,21000,20000,20000,19000,18000,20000,16000,15000
Q9Z2A9,46000,43000,44000,41000,40000,41000,34000,34000
Q99J23,9900,10000,11000,10000,11000,10000,11000,9800
Q91VC9,79000,89000,81000,120000,96000,96000,97000,93000
Q9D7M1,75000,76000,91000,75000,81000,84000,89000,89000
Q99MR1,51000,50000,54000,50000,53000,56000,56000,57000
P70224,110000,110000,110000,120000,98000,100000,94000,88000
Q3TFI6,110000,110000,110000,120000,99000,100000,92000,89000
Q99MI6,100000,100000,92000,98000,100000,100000,88000,90000
D3YTN4,220000,220000,210000,210000,210000,210000,180000,180000
Q99JY3,210000,210000,210000,210000,210000,210000,170000,170000
Q8BWF2,92000,92000,88000,93000,100000,97000,87000,88000
Q8K349,64000,61000,83000,81000,78000,75000,60000,57000
Q8R379,190000,190000,170000,190000,170000,170000,130000,140000
Q75N62,170000,160000,150000,160000,160000,160000,140000,140000
G3X987,170000,170000,160000,160000,160000,170000,150000,150000
Q9CY94,24000,24000,25000,23000,22000,21000,24000,22000
Q9Z0G0,37000,35000,36000,34000,35000,35000,44000,44000
Q9Z2H7,14000,15000,13000,11000,10000,13000,12000,13000
Q68FF6,56000,57000,60000,53000,60000,60000,61000,62000
Q5F258,56000,56000,59000,52000,61000,59000,63000,63000
E9PVA6,150000,140000,160000,150000,150000,150000,140000,140000
Q9JLQ2,150000,140000,160000,150000,150000,150000,140000,130000
Q9WU65,27000,27000,24000,26000,31000,30000,36000,38000
P51569,84000,77000,100000,93000,90000,96000,83000,89000
P23780,96000,100000,99000,92000,95000,98000,88000,87000
Q8R322,93000,91000,98000,91000,91000,90000,85000,88000
Q61543,110000,110000,98000,91000,100000,110000,130000,130000
Q9CWG1,36000,37000,38000,41000,35000,34000,29000,28000
Q9CYL5,100000,100000,85000,98000,90000,93000,100000,97000
Q9CPU0,200000,190000,210000,180000,180000,190000,160000,160000
F7BB55,100000,110000,120000,94000,95000,97000,100000,96000
Q9CPV4,170000,170000,180000,160000,160000,160000,170000,160000
E9Q2R6,100000,99000,100000,97000,98000,98000,98000,100000
Q9QUH0,48000,46000,44000,48000,47000,53000,44000,46000
Q80Y14,32000,33000,38000,29000,33000,31000,33000,33000
D3Z7P3,150000,150000,170000,150000,170000,170000,180000,180000
D3Z7P3-2,150000,150000,170000,150000,170000,170000,180000,180000
Q9JL62,180000,180000,170000,170000,160000,170000,140000,150000
F8VPZ9,62000,62000,71000,60000,57000,57000,53000,51000
Q8CHH5,36000,31000,38000,35000,35000,37000,30000,33000
P26443,200000,210000,210000,200000,200000,210000,200000,190000
Q8QZY2,82000,79000,78000,75000,75000,77000,65000,64000
Q922P9,160000,150000,100000,180000,140000,150000,160000,170000
E9Q3T0,10000,11000,9300,9900,11000,11000,13000,12000
G3UWG1,210000,210000,130000,220000,200000,190000,210000,210000
J3QNB0,140000,140000,150000,130000,140000,140000,150000,150000
P01642,12000,11000,13000,11000,14000,12000,15000,15000
A7VMS2,38000,36000,44000,47000,47000,47000,53000,53000
Q5NCB2,150000,140000,160000,140000,200000,210000,180000,200000
A2A4X6,160000,140000,170000,150000,150000,160000,160000,160000
A2AWR5,110000,100000,88000,100000,80000,83000,77000,74000
E9Q2E4,13000,12000,12000,13000,12000,13000,13000,11000
E0CX23,13000,18000,17000,14000,18000,15000,17000,19000
E0CYZ5,13000,18000,17000,14000,18000,15000,17000,19000
V9GXQ2,1700000,1800000,1800000,1800000,1800000,1700000,1700000,1500000
V9GX38,100000,110000,100000,120000,130000,150000,150000,200000
E9PY39,190000,180000,190000,180000,190000,190000,190000,190000
G3UYJ7,170000,180000,140000,160000,140000,150000,180000,150000
E9PVN6,100000,98000,99000,110000,110000,110000,140000,140000
G3UZK1,45000,47000,44000,45000,44000,46000,51000,50000
F6XX07,27000,28000,24000,26000,24000,27000,30000,29000
F7BGR7,130000,130000,130000,130000,130000,130000,130000,130000
E0CXC2,86000,78000,84000,81000,85000,86000,74000,73000
Q60648,180000,180000,97000,230000,130000,150000,100000,120000
F6RGI3,28000,28000,14000,24000,26000,26000,32000,32000
D3Z0Z9,7800000,7800000,7000000,7500000,7300000,7600000,7600000,7500000
P01639,17000,19000,19000,17000,16000,17000,18000,17000
P06327,110000,75000,120000,100000,98000,98000,63000,60000
J3QPY3,58000,56000,64000,51000,61000,61000,64000,70000
Q8VDR5,19000,19000,17000,19000,18000,19000,22000,23000
B7ZWJ3,28000,27000,24000,29000,33000,30000,39000,37000
E9PV04,190000,180000,160000,180000,200000,200000,220000,210000
Q920G9,31000,31000,32000,32000,30000,28000,27000,28000
Q8K0C9,76000,79000,80000,77000,73000,77000,71000,72000
Q9JL60,130000,130000,130000,120000,120000,120000,110000,110000
P58929,62000,63000,71000,59000,59000,58000,57000,56000
Q9CQI3,220000,220000,230000,210000,230000,220000,210000,220000
Q6PGG2,110000,100000,110000,99000,100000,100000,90000,93000
Q922H4,61000,60000,58000,59000,59000,60000,61000,60000
Q8BTZ7,120000,120000,130000,120000,130000,130000,130000,130000
Q99L27,130000,130000,120000,120000,120000,120000,120000,120000
Q3THK7,130000,120000,130000,120000,140000,140000,170000,170000
P21278,34000,32000,35000,34000,37000,34000,37000,38000
P27600,160000,160000,160000,160000,160000,150000,130000,130000
P27601,160000,160000,160000,150000,160000,160000,140000,140000
P30677,28000,24000,32000,29000,33000,30000,33000,36000
B2RSH2,150000,140000,170000,150000,150000,160000,130000,130000
P08752,170000,170000,180000,170000,160000,170000,150000,150000
Q9DC51,150000,140000,160000,150000,150000,160000,140000,140000
P18872,33000,39000,38000,39000,40000,44000,42000,39000
P21279,33000,29000,36000,32000,37000,34000,37000,39000
Q6R0H7,100000,96000,100000,97000,110000,110000,110000,110000
Q6R0H7-4,100000,96000,100000,97000,110000,110000,110000,110000
P62874,170000,160000,160000,160000,170000,180000,170000,180000
Q9EQ15,23000,23000,22000,23000,25000,23000,33000,32000
P62880,170000,160000,160000,160000,170000,180000,170000,180000
P29387,170000,160000,170000,150000,170000,170000,160000,160000
Q91WG8,90000,92000,92000,91000,85000,86000,91000,89000
Q9CXP8,53000,54000,51000,52000,50000,52000,57000,58000
P63213,41000,42000,40000,44000,38000,38000,32000,31000
Q80SZ7,120000,110000,89000,110000,120000,120000,130000,140000
P36916,38000,40000,37000,39000,43000,43000,49000,52000
P98192,70000,71000,75000,68000,75000,75000,75000,79000
O88958,130000,130000,130000,120000,120000,130000,120000,110000
Q9CRC9,120000,110000,120000,110000,110000,110000,96000,95000
Q9JK38,81000,83000,84000,76000,85000,83000,96000,97000
Q69ZN6,33000,31000,31000,30000,32000,31000,35000,34000
Q8BFR4,49000,52000,52000,50000,56000,57000,59000,59000
Q9CW79,25000,26000,26000,25000,26000,25000,30000,29000
Q921M4,60000,59000,56000,61000,65000,64000,73000,72000
P55937,91000,92000,86000,86000,95000,95000,98000,98000
Q91VW5,69000,70000,74000,67000,71000,72000,73000,74000
Q9QYE6,76000,73000,77000,73000,79000,79000,80000,79000
E9PVZ8,84000,83000,89000,82000,86000,88000,94000,95000
Q8BXA1,8800,9100,8800,9000,11000,10000,12000,12000
Q91XA2,48000,48000,49000,45000,47000,47000,51000,49000
Q9CRA5,110000,100000,110000,110000,130000,130000,130000,140000
Q8R088,52000,50000,52000,49000,46000,50000,46000,49000
Q9CR60,4700,4600,4900,4600,5100,5000,5600,5800
Q9DB00,46000,45000,45000,47000,52000,52000,59000,61000
Q8BH60,70000,69000,76000,69000,71000,74000,80000,84000
Q8BRM2,32000,32000,28000,31000,31000,31000,34000,35000
Q99JX3,110000,110000,120000,110000,120000,120000,140000,150000
O88630,80000,74000,76000,79000,75000,78000,94000,93000
O35166,59000,58000,58000,62000,66000,64000,65000,65000
P05201,140000,140000,150000,140000,160000,160000,200000,200000
P05202,200000,190000,200000,190000,190000,200000,200000,200000
Q9WTK3,64000,62000,65000,73000,61000,60000,60000,55000
Q69ZC8,62000,65000,58000,60000,59000,60000,56000,56000
Q61586,29000,28000,30000,27000,30000,29000,34000,34000
Q9DBM1,81000,77000,79000,74000,75000,80000,78000,77000
Q3UFS4,90000,89000,97000,84000,79000,81000,76000,73000
Q8BIY1,14000,14000,14000,14000,16000,16000,18000,18000
A2A6A1,100000,100000,110000,95000,100000,100000,100000,110000
Q6NZP2,10000,10000,10000,9000,12000,12000,12000,14000
Q8C0L9,41000,42000,41000,38000,35000,36000,41000,39000
P13707,56000,55000,57000,54000,49000,50000,42000,43000
Q3ULJ0,180000,170000,180000,160000,160000,160000,140000,140000
Q64521,180000,180000,190000,180000,190000,190000,180000,180000
P06745,200000,190000,200000,190000,190000,200000,210000,210000
Q56A08,92000,82000,69000,89000,91000,90000,97000,99000
Q8BUV8,44000,43000,45000,45000,49000,50000,50000,49000
Q91WD0,49000,49000,49000,50000,40000,43000,52000,50000
Q8K1Z6,45000,42000,34000,39000,31000,35000,33000,32000
Q3U6B2,64000,62000,66000,71000,90000,82000,75000,79000
Q61038,14000,16000,14000,18000,17000,16000,14000,13000
Q8BS95,35000,35000,31000,34000,35000,31000,41000,39000
Q5U4C1,11000,11000,8800,11000,13000,13000,15000,14000
Q99LD4,110000,110000,110000,110000,120000,120000,120000,120000
Q921N8,99000,89000,110000,100000,100000,110000,92000,94000
Q6IR34,50000,52000,50000,55000,56000,56000,69000,69000
Q8VDU0,55000,55000,46000,56000,53000,50000,59000,62000
Q3U1Z5,8100,8900,8700,8200,8500,8100,9900,9700
O70325,160000,160000,170000,150000,150000,150000,140000,130000
Q8VEF1,60000,58000,62000,60000,59000,57000,59000,56000
Q6PEM6,46000,42000,46000,40000,41000,44000,34000,33000
Q8CB44,82000,72000,83000,81000,71000,74000,70000,66000
O89100,160000,160000,170000,150000,150000,150000,120000,120000
Q60631,150000,160000,170000,150000,150000,160000,140000,150000
Q91Z53,130000,130000,130000,130000,120000,130000,100000,110000
Q61625,19000,20000,18000,20000,18000,18000,16000,16000
Q8VD04,96000,95000,100000,93000,97000,98000,97000,98000
O70293-2,73000,65000,53000,68000,62000,59000,53000,52000
O70293,72000,64000,53000,69000,63000,59000,53000,53000
Q9D8T2,110000,98000,110000,100000,100000,100000,87000,86000
Q3U3C9,36000,36000,38000,36000,34000,34000,34000,34000
Q2NL51,100000,97000,95000,95000,100000,100000,110000,110000
Q9WV60,110000,110000,100000,100000,100000,110000,100000,100000
P13020,220000,210000,230000,220000,200000,210000,160000,160000
P47791,110000,170000,85000,130000,180000,190000,160000,160000
P51855,120000,110000,120000,110000,110000,110000,110000,120000
P24472,36000,37000,33000,34000,32000,34000,29000,28000
Q9DCM2,90000,91000,92000,95000,87000,88000,68000,68000
P10649,100000,98000,100000,100000,98000,98000,85000,91000
Q8R5I6,44000,43000,46000,44000,44000,42000,39000,38000
O09131,100000,100000,110000,95000,110000,100000,150000,150000
P19157,150000,150000,150000,140000,140000,140000,120000,120000
Q61133,130000,130000,130000,130000,120000,120000,120000,120000
Q9WVL0,46000,46000,46000,45000,45000,45000,43000,42000
Q99PM3,110000,110000,120000,96000,100000,100000,93000,99000
Q80ZM7,97000,85000,100000,86000,95000,93000,87000,88000
P62915,130000,130000,130000,130000,130000,130000,140000,130000
Q9D0D5,59000,59000,64000,57000,73000,68000,87000,86000
Q3THK3,60000,55000,68000,64000,66000,65000,75000,76000
Q8R0A0,160000,160000,130000,160000,180000,170000,200000,200000
Q9DBA9,65000,64000,61000,61000,69000,69000,73000,73000
E9QKD9,66000,66000,62000,64000,69000,69000,74000,74000
Q9JIB4,30000,31000,31000,34000,35000,37000,35000,38000
Q8VD76,41000,42000,39000,40000,42000,44000,50000,47000
O70422,47000,50000,53000,51000,51000,50000,58000,55000
Q8K2X8,39000,41000,45000,37000,41000,42000,51000,47000
Q3UHU8,170000,160000,170000,160000,170000,170000,180000,180000
Q9ESZ8,170000,160000,170000,160000,170000,170000,180000,180000
Q8K284,79000,80000,81000,80000,83000,79000,85000,81000
Q8BL74,27000,26000,23000,28000,31000,31000,33000,34000
Q3TMP1,98000,96000,110000,91000,94000,95000,96000,96000
Q8BMQ2,67000,66000,69000,62000,72000,72000,67000,69000
Q8R2T8,64000,64000,67000,62000,64000,63000,66000,67000
Q9D8P7,16000,9000,25000,17000,18000,17000,13000,16000
O08582,100000,100000,63000,110000,100000,100000,120000,110000
Q8K013,43000,40000,40000,41000,44000,45000,47000,49000
Q3UJK4,54000,53000,42000,52000,40000,46000,40000,37000
Q923K4,30000,31000,34000,30000,30000,31000,31000,30000
Q9CY28,19000,19000,16000,20000,17000,18000,15000,14000
Q8C3X4,48000,51000,38000,48000,50000,49000,51000,51000
Q64520,100000,97000,100000,95000,96000,98000,110000,100000
Q564G0,98000,96000,100000,95000,96000,98000,110000,100000
P12265,53000,81000,31000,58000,43000,43000,61000,55000
Q80SU7,120000,110000,120000,120000,120000,120000,120000,110000
Q9R062,73000,74000,71000,67000,69000,69000,71000,71000
B1ASZ3,39000,41000,35000,38000,45000,43000,50000,51000
Q78HU7,25000,25000,14000,23000,23000,24000,31000,31000
Q9Z1E4,60000,62000,65000,57000,55000,56000,54000,53000
P11032,33000,35000,28000,45000,33000,28000,28000,26000
A3KGR9,120000,120000,120000,140000,130000,130000,150000,150000
P14434,42000,51000,42000,51000,41000,45000,42000,36000
P14483,19000,20000,21000,22000,20000,22000,21000,18000
P27661,17000000,13000000,16000000,28000000,18000000,18000000,23000000,22000000
P0C0S6,15000000,15000000,14000000,25000000,17000000,16000000,22000000,21000000
P14427,100000,96000,99000,97000,120000,120000,120000,110000
P01899,150000,150000,150000,160000,180000,190000,170000,180000
P14426,130000,130000,140000,130000,180000,180000,170000,170000
P01895,140000,120000,140000,130000,170000,180000,170000,170000
P01900,130000,130000,140000,130000,170000,180000,170000,170000
Q31621,14000,15000,16000,13000,15000,19000,14000,14000
P28078,21000,21000,23000,19000,22000,26000,21000,22000
P35737,34000,33000,44000,38000,32000,33000,34000,32000
Q31099,34000,32000,45000,37000,32000,33000,37000,35000
P01902,76000,74000,77000,79000,100000,100000,100000,110000
P04223,130000,120000,130000,130000,180000,180000,180000,180000
P01901,130000,120000,130000,130000,180000,180000,170000,180000
O35424,23000,20000,23000,19000,17000,17000,18000,15000
Q8HWB2,98000,97000,100000,100000,110000,120000,110000,110000
P79568,110000,110000,110000,110000,130000,130000,120000,120000
P14429,160000,160000,160000,160000,170000,180000,160000,160000
P14431,150000,150000,150000,150000,160000,170000,150000,150000
Q31615,55000,52000,55000,63000,65000,66000,77000,75000
P14432,88000,79000,68000,84000,100000,120000,100000,110000
P84244,2100000,2200000,1900000,3500000,2500000,2800000,2800000,3000000
Q8CFX1,51000,51000,54000,49000,49000,51000,48000,47000
Q78JT3,15000,16000,16000,16000,16000,17000,20000,20000
Q8K0D2,51000,53000,53000,50000,55000,53000,45000,44000
Q3U0D9,37000,37000,38000,36000,35000,34000,31000,28000
Q9QXE0,32000,33000,31000,31000,29000,29000,30000,29000
Q61425,210000,200000,200000,200000,190000,200000,170000,170000
Q8BMS1,220000,220000,120000,220000,190000,190000,190000,190000
Q99JY0,190000,200000,140000,200000,180000,180000,170000,170000
Q91VB8,94000,87000,130000,100000,93000,98000,85000,79000
Q99KB8,57000,57000,60000,54000,54000,53000,53000,54000
Q9NYQ2,58000,54000,47000,52000,49000,49000,52000,50000
Q61035,140000,130000,130000,130000,150000,150000,170000,170000
Q99KK9,120000,120000,110000,120000,120000,120000,130000,130000
Q8BHX1,43000,42000,45000,41000,42000,42000,41000,43000
Q9CQS9,32000,33000,31000,29000,29000,30000,31000,27000
Q8QZX2,57000,58000,59000,54000,54000,54000,53000,52000
Q8BFT2,56000,55000,55000,58000,52000,52000,50000,51000
Q9D786,64000,64000,64000,62000,58000,60000,58000,57000
Q6NV99,54000,53000,48000,45000,50000,50000,51000,50000
Q8BKT8,52000,51000,55000,51000,51000,53000,56000,58000
L7N209,30000,28000,26000,28000,30000,30000,34000,33000
Q69ZS7,56000,55000,51000,55000,62000,59000,76000,72000
Q61191,190000,190000,140000,180000,180000,180000,170000,170000
G5E837,68000,71000,66000,68000,65000,62000,66000,64000
Q9D968,36000,38000,35000,37000,35000,33000,35000,34000
P08103,100000,100000,97000,91000,120000,110000,120000,110000
P49710,430000,420000,420000,410000,410000,430000,390000,410000
O09106,150000,140000,160000,150000,150000,150000,150000,150000
Q6P3E7,31000,32000,35000,31000,29000,29000,27000,28000
P70288,120000,120000,120000,120000,130000,130000,130000,130000
O88895,95000,93000,99000,91000,99000,95000,110000,97000
Q6NZM9,57000,57000,57000,56000,61000,62000,58000,59000
Q9Z2V6,55000,54000,52000,54000,53000,55000,51000,48000
Q9Z2V5,22000,22000,21000,22000,22000,21000,22000,22000
Q3UG37,22000,22000,21000,22000,22000,21000,22000,22000
Q8VH37,71000,74000,74000,71000,67000,68000,67000,62000
Q3SXD3,30000,31000,28000,29000,29000,29000,25000,27000
P51859,170000,160000,180000,170000,180000,180000,180000,190000
Q3UMU9,140000,130000,140000,130000,130000,130000,120000,130000
Q9JMG7,140000,130000,120000,140000,140000,140000,130000,130000
Q3UGR5,160000,150000,150000,140000,140000,140000,140000,140000
D6RI20,130000,120000,100000,180000,120000,130000,190000,180000
B9EJR8,75000,67000,82000,74000,78000,77000,93000,94000
Q5PRF0,26000,23000,22000,23000,23000,22000,25000,26000
Q8C547,75000,76000,77000,72000,74000,72000,75000,76000
Q6P1G0,49000,49000,53000,49000,53000,53000,66000,66000
Q3V1N5,43000,45000,36000,44000,47000,46000,40000,40000
Q3U487,94000,95000,96000,89000,84000,86000,78000,75000
Q6NVF4,120000,110000,130000,120000,110000,120000,100000,110000
Q2VPA6,26000,25000,31000,27000,26000,25000,27000,27000
Q6DFV5,61000,61000,62000,60000,62000,61000,62000,62000
E9QAM5,90000,89000,90000,92000,94000,91000,99000,98000
E9PZP8,45000,46000,47000,44000,49000,49000,55000,55000
Q4U2R1,60000,61000,60000,58000,64000,62000,78000,76000
A6H6S0,30000,28000,30000,31000,24000,23000,26000,22000
Q6PAV2,110000,110000,120000,110000,110000,110000,100000,98000
Q9JJC9,35000,32000,36000,35000,39000,35000,48000,45000
P29416,110000,120000,110000,110000,110000,110000,94000,94000
P20060,140000,140000,140000,140000,130000,140000,110000,110000
Q8R409,110000,110000,120000,110000,120000,120000,130000,130000
Q99LI8,120000,120000,130000,110000,120000,120000,120000,130000
Q3UDW8,27000,27000,24000,25000,22000,25000,27000,24000
Q99L13,81000,82000,94000,78000,87000,87000,110000,100000
Q8QZS1,140000,140000,150000,130000,130000,130000,130000,130000
Q9JLZ6,21000,22000,21000,21000,21000,20000,20000,21000
Q8R1F6,64000,62000,75000,62000,61000,60000,53000,50000
Q8BLR9,43000,43000,44000,43000,54000,52000,63000,62000
P70349,130000,140000,130000,130000,140000,140000,140000,140000
Q9D0S9,110000,110000,130000,110000,100000,110000,91000,86000
Q9JKY5,34000,33000,35000,33000,34000,34000,39000,37000
Q61666,48000,46000,45000,48000,46000,46000,45000,44000
F8WIX8,17000000,14000000,16000000,27000000,18000000,18000000,23000000,22000000
P70696,7900000,7200000,8300000,9100000,8900000,9000000,9700000,9900000
Q64475,8200000,8100000,8100000,8500000,9000000,9100000,10000000,10000000
Q6ZWY9,6300000,6300000,6300000,6600000,6900000,7000000,7700000,7800000
P84228,2100000,2200000,1900000,3500000,2500000,2800000,2800000,3000000
P62806,400000,440000,410000,1000000,420000,480000,500000,530000
Q64522,17000000,13000000,16000000,27000000,18000000,18000000,23000000,21000000
Q64523,17000000,14000000,16000000,27000000,18000000,18000000,23000000,21000000
Q64524,4500000,4600000,4600000,4800000,5000000,5000000,5300000,5400000
Q8BFU2,17000000,14000000,16000000,27000000,18000000,18000000,23000000,22000000
Q9D2U9,6500000,6500000,6700000,6900000,7200000,7200000,7700000,7900000
Q3UHF7,65000,62000,26000,60000,49000,51000,43000,43000
P17710,170000,160000,160000,170000,180000,170000,150000,150000
Q3TRM8,56000,60000,56000,55000,68000,56000,63000,65000
Q920N2,72000,69000,75000,67000,63000,64000,57000,54000
Q6PCN7,98000,100000,93000,99000,89000,88000,81000,81000
Q9D8V0,130000,120000,140000,150000,140000,150000,170000,170000
H3BJ31,22000,22000,20000,21000,21000,22000,22000,21000
P22907,84000,85000,83000,83000,77000,76000,83000,79000
D3YXG0,5000,4800,6000,5100,5400,5600,4700,4100
Q9DC33,99000,97000,93000,94000,84000,87000,81000,87000
P63158,230000,220000,170000,240000,200000,200000,210000,200000
P30681,220000,210000,170000,240000,200000,210000,200000,200000
O54879,81000,75000,100000,130000,78000,74000,87000,79000
P38060,120000,120000,130000,120000,110000,120000,100000,100000
A3KGL9,95000,66000,77000,84000,120000,120000,120000,130000
P09602,94000,59000,68000,84000,120000,120000,120000,140000
Q9DCB1,7500,7300,4000,8000,8200,8200,8400,8500
Q9JL35,210000,190000,170000,200000,190000,200000,140000,150000
G3X9M3,9500,7700,4900,9600,12000,11000,14000,15000
Q80Y32,63000,65000,47000,70000,58000,59000,68000,72000
Q3TBD2,210000,200000,130000,200000,180000,190000,150000,150000
P14901,26000,27000,30000,27000,29000,26000,34000,37000
O70252,140000,120000,140000,140000,130000,140000,140000,140000
P97825,120000,100000,130000,110000,130000,130000,130000,140000
Q6PGH2,70000,68000,71000,68000,80000,78000,91000,91000
Q9CX86,190000,170000,150000,190000,190000,190000,200000,200000
O88569,810000,810000,840000,810000,810000,820000,770000,780000
Q8BG05,420000,430000,420000,430000,430000,440000,420000,420000
Q99020,170000,160000,130000,160000,180000,170000,200000,200000
Q9Z204-2,440000,430000,330000,430000,420000,430000,500000,510000
Q9Z204,440000,430000,330000,430000,420000,430000,510000,530000
E9Q5B6,210000,200000,140000,200000,180000,190000,180000,180000
G3X9W0,210000,200000,140000,210000,190000,190000,190000,190000
Q60668,210000,200000,140000,210000,190000,200000,190000,200000
Q60668-3,210000,200000,140000,210000,190000,200000,190000,200000
Q9Z130,150000,160000,120000,150000,160000,160000,190000,190000
Q9Z2X1,190000,190000,200000,190000,190000,190000,190000,180000
O35737,120000,120000,120000,120000,120000,120000,130000,120000
P70333,130000,120000,130000,120000,120000,130000,120000,120000
D3Z3N4,140000,140000,150000,140000,140000,140000,130000,130000
Q8BT23,350000,340000,350000,340000,360000,360000,350000,360000
P61979,400000,390000,390000,390000,420000,420000,410000,420000
P61979-2,400000,390000,390000,390000,420000,420000,410000,420000
H3BJS9,190000,160000,170000,170000,180000,190000,190000,180000
G5E924,670000,680000,690000,680000,660000,670000,640000,640000
Q8R081,670000,680000,690000,680000,660000,670000,640000,640000
Q921F4,170000,170000,180000,170000,170000,180000,180000,180000
Q9D0E1,210000,200000,180000,200000,210000,210000,200000,200000
Q8VHM5,160000,160000,87000,140000,160000,160000,200000,210000
Q8VEK3,1000000,1100000,700000,990000,1100000,1100000,1200000,1300000
Q8VDM6,190000,180000,180000,190000,170000,180000,140000,150000
Q00PI9,200000,200000,200000,200000,190000,200000,160000,160000
Q9Z2Y3,46000,45000,47000,41000,60000,56000,64000,66000
Q99JP6,19000,21000,19000,22000,20000,20000,18000,19000
Q8BUK6,63000,64000,68000,63000,71000,70000,75000,74000
Q3TEA8,110000,110000,84000,160000,130000,140000,200000,180000
P84075,140000,140000,150000,140000,130000,130000,110000,110000
P62748,190000,190000,200000,180000,170000,180000,150000,150000
P00493,160000,160000,160000,150000,170000,170000,190000,190000
O08983,17000,16000,16000,16000,17000,17000,19000,19000
Q91VB4,30000,31000,31000,28000,29000,28000,30000,29000
Q99KG7,25000,25000,28000,28000,28000,26000,27000,27000
P59438,35000,35000,36000,35000,36000,35000,35000,38000
Q8BLY7,28000,28000,27000,28000,26000,26000,27000,27000
Q61411,91000,90000,86000,88000,100000,100000,97000,98000
P52760,94000,93000,100000,86000,83000,87000,89000,90000
Q3TC93,33000,32000,36000,33000,30000,31000,29000,27000
Q8R3H7,27000,25000,25000,24000,29000,30000,32000,30000
Q9CQZ1,73000,67000,81000,64000,85000,81000,96000,89000
Q8K3A0,88000,87000,100000,87000,84000,86000,81000,80000
A2AFQ2,120000,140000,120000,130000,120000,120000,110000,100000
O08756,120000,130000,120000,130000,120000,120000,110000,100000
P51660,120000,110000,120000,110000,110000,120000,120000,120000
P50171,110000,110000,110000,100000,100000,98000,87000,88000
Q8BTX9,140000,140000,150000,140000,140000,140000,120000,120000
Q2TPA8,130000,120000,120000,120000,110000,120000,96000,95000
P38532,100000,100000,110000,94000,110000,100000,110000,110000
Q6VYH9,22000,25000,28000,25000,24000,24000,22000,24000
Q8K0U4,28000,27000,30000,25000,24000,26000,22000,21000
Q99M31,120000,120000,120000,120000,140000,130000,170000,160000
P17879,1800000,1700000,1700000,1900000,2300000,2200000,2500000,2400000
Q3U2G2,180000,180000,190000,170000,210000,210000,250000,260000
Q61316,180000,170000,190000,170000,210000,210000,250000,260000
Q9D6H2,22000,22000,26000,22000,20000,18000,22000,20000
Q8BK58,71000,73000,76000,73000,74000,76000,76000,75000
Q9Z2G9,84000,86000,83000,85000,80000,86000,79000,81000
Q8BGC0,120000,120000,130000,120000,120000,120000,120000,120000
Q9JIY5,46000,46000,49000,44000,44000,44000,43000,41000
P42859,81000,79000,83000,80000,83000,83000,98000,100000
Q8BQY8,46000,52000,47000,58000,44000,44000,33000,31000
Q7TMY8,120000,110000,130000,110000,120000,120000,140000,140000
Q9CXX0,12000,12000,10000,11000,11000,9900,10000,9000
Q9CR41,110000,110000,120000,100000,140000,130000,160000,160000
E9PV48,68000,68000,70000,65000,65000,68000,60000,59000
Q9DB29,110000,110000,110000,100000,100000,110000,81000,84000
Q8BIJ6,150000,160000,160000,150000,150000,150000,140000,140000
Q8CAK1,49000,49000,52000,49000,48000,50000,48000,46000
Q6ZPR6,39000,36000,35000,39000,41000,42000,41000,40000
P35330,91000,96000,86000,89000,100000,100000,130000,130000
E9Q286,69000,67000,66000,67000,82000,76000,95000,93000
Q3UZ18,50000,51000,45000,49000,51000,53000,63000,61000
Q8R035,12000,12000,12000,12000,13000,11000,16000,15000
Q9JHR7,150000,150000,160000,150000,160000,160000,230000,220000
F6RPJ9,150000,150000,160000,150000,160000,160000,230000,230000
O88844,110000,95000,100000,96000,93000,96000,77000,77000
P54071,200000,200000,180000,190000,180000,190000,160000,170000
Q9D6R2,170000,170000,190000,170000,180000,180000,180000,180000
Q91VA7,180000,180000,140000,170000,170000,170000,180000,180000
P70404,140000,140000,140000,140000,150000,150000,150000,160000
Q8R0J8,29000,27000,33000,30000,28000,30000,25000,25000
P48441,47000,47000,49000,40000,40000,40000,38000,34000
E9QAN9,86000,83000,48000,75000,70000,76000,64000,64000
O35368,37000,36000,23000,33000,33000,34000,28000,28000
P15092,28000,28000,23000,31000,27000,27000,25000,28000
E9QKL6,30000,28000,26000,31000,28000,29000,26000,27000
Q8CGE8,29000,29000,23000,31000,24000,27000,28000,27000
Q08619,30000,31000,24000,32000,28000,31000,28000,29000
Q9D8C4,170000,170000,200000,160000,170000,170000,150000,160000
Q61635,190000,190000,190000,180000,230000,240000,250000,260000
Q8R5F7,70000,70000,55000,70000,75000,79000,80000,79000
Q64282,130000,130000,110000,120000,110000,120000,93000,91000
Q64112,55000,52000,56000,55000,53000,55000,43000,42000
Q6GTM0,58000,55000,62000,58000,56000,58000,46000,45000
Q64345,67000,68000,70000,65000,65000,68000,60000,58000
O35664,29000,29000,29000,26000,26000,28000,29000,28000
P15261,55000,50000,46000,45000,36000,45000,35000,33000
P19182,52000,49000,47000,54000,50000,53000,56000,61000
E9PY46,21000,23000,21000,19000,19000,19000,24000,21000
Q61249,91000,87000,96000,85000,90000,90000,100000,100000
Q9CPN8,29000,29000,23000,30000,30000,29000,38000,38000
Q07113,90000,90000,91000,89000,98000,98000,100000,100000
Q3U4N7,38000,36000,32000,44000,23000,25000,31000,20000
P01867,17000,21000,19000,19000,18000,19000,13000,16000
A0A075B6A3,36000,35000,35000,35000,27000,28000,35000,25000
P01863,16000,17000,17000,16000,16000,16000,17000,17000
P01869,48000,50000,43000,41000,38000,42000,37000,36000
P01872,160000,150000,170000,160000,140000,140000,130000,120000
P40694,39000,39000,24000,42000,38000,36000,44000,41000
D3Z5P5,39000,39000,26000,41000,37000,36000,42000,41000
A0A075B5R6,6500,6100,8600,6600,7700,7000,7700,6200
A0A075B5T4,74000,57000,80000,71000,65000,71000,56000,54000
A0A075B5W1,5400,6100,7100,6000,4700,5300,4100,4600
A0A075B674,73000,66000,72000,73000,64000,73000,65000,73000
A0A075B5Y4,58000,49000,57000,57000,48000,56000,38000,39000
A0A075B5R5,36000,36000,43000,42000,35000,38000,31000,32000
A0A075B5R1,29000,28000,30000,27000,28000,27000,24000,25000
A0A087WNI6,32000,30000,33000,33000,27000,27000,25000,24000
A0A087WNI4,28000,29000,38000,35000,25000,29000,29000,25000
A0A075B5K3,74000,76000,78000,79000,70000,74000,72000,68000
A0A075B5M3,8200,8100,9300,12000,9300,9600,13000,10000
A0A075B5N7,11000,11000,9100,11000,12000,12000,13000,14000
A0A087WNJ8,21000,19000,20000,20000,21000,23000,28000,27000
A0A087WNJ6,21000,22000,23000,21000,19000,19000,16000,15000
A0A087WNJ5,21000,17000,25000,22000,19000,18000,13000,14000
A0A075B5K2,21000,21000,25000,22000,22000,23000,19000,19000
A0A075B663,22000,22000,27000,25000,22000,23000,18000,18000
A0A075B664,19000,21000,26000,23000,20000,23000,18000,18000
Q6ZQA6,6000,6800,7500,6100,10000,8500,9700,11000
Q9Z1M8,180000,160000,96000,200000,170000,170000,220000,230000
O88351,99000,100000,100000,97000,98000,97000,87000,89000
Q9R0T8,93000,88000,100000,94000,80000,86000,68000,67000
O88522,89000,91000,100000,88000,86000,85000,81000,81000
A3KG39,11000,9500,12000,11000,9900,11000,11000,9600
Q03267,150000,150000,110000,170000,150000,160000,140000,150000
G5E8H3,150000,150000,110000,170000,160000,160000,140000,150000
Q8C9X3,110000,100000,82000,140000,110000,110000,94000,110000
P81183,48000,48000,38000,62000,50000,52000,42000,50000
O08900,130000,130000,82000,150000,140000,140000,160000,170000
Q8BU00,24000,24000,23000,24000,21000,22000,21000,21000
O54824,220000,220000,200000,200000,190000,200000,150000,150000
Q60943,48000,48000,40000,32000,43000,46000,50000,50000
Q9JHX3,26000,25000,29000,28000,27000,25000,31000,32000
P16297,26000,27000,24000,24000,23000,24000,35000,34000
O09046,30000,32000,30000,31000,36000,36000,35000,34000
P16382,34000,35000,39000,37000,37000,47000,42000,42000
P22272,16000,16000,14000,15000,15000,15000,15000,14000
Q00560,32000,34000,34000,31000,26000,26000,30000,30000
Q9CXY6,160000,160000,160000,170000,160000,160000,160000,150000
Q9Z1X4,130000,130000,79000,140000,140000,140000,190000,180000
O55222,150000,140000,130000,140000,140000,140000,140000,140000
Q8R0F6,120000,120000,130000,110000,120000,120000,120000,120000
Q8BU33,42000,42000,44000,43000,40000,39000,38000,34000
Q8CAQ8,180000,170000,190000,170000,180000,180000,180000,190000
Q8CAQ8-2,180000,170000,190000,170000,180000,180000,180000,190000
E9Q800,180000,170000,190000,170000,180000,180000,180000,190000
Q8CAQ8-3,180000,170000,190000,170000,180000,180000,180000,190000
E9PVS5,150000,140000,170000,150000,160000,150000,160000,170000
O55023,200000,200000,210000,190000,190000,190000,170000,180000
Q924B0,200000,200000,210000,190000,190000,190000,170000,180000
Q91UZ5,80000,82000,89000,75000,77000,77000,71000,71000
P50096,140000,140000,150000,130000,170000,170000,200000,210000
Q63ZW7,34000,34000,36000,34000,34000,36000,40000,39000
A2ADT1,33000,32000,34000,36000,33000,35000,37000,37000
E9QLA5,43000,43000,41000,42000,44000,43000,44000,44000
Q0GNC1,42000,43000,41000,42000,45000,44000,44000,44000
Q9QXV3,41000,42000,31000,39000,38000,39000,33000,31000
Q8VEK6,100000,100000,120000,100000,100000,100000,93000,94000
Q8C0D7,29000,30000,25000,30000,27000,30000,28000,26000
Q9D8Y8,43000,40000,41000,45000,44000,44000,41000,38000
Q3TXT3,49000,46000,52000,48000,46000,50000,43000,43000
Q6ZPV2,12000,15000,12000,15000,13000,11000,14000,14000
Q99PT3,45000,43000,43000,40000,47000,46000,57000,57000
Q8BHA0,57000,54000,42000,68000,55000,54000,67000,67000
Q66JY2,34000,36000,36000,34000,37000,37000,42000,43000
D3Z3H0,37000,37000,38000,35000,37000,38000,45000,43000
P49442,180000,170000,180000,160000,150000,160000,120000,130000
Q9EPW0,54000,56000,52000,54000,59000,63000,57000,55000
D3Z230,52000,54000,53000,54000,59000,61000,59000,57000
Q6P1Y8,78000,78000,82000,76000,78000,78000,78000,79000
E9QAS7,36000,38000,36000,34000,39000,38000,39000,39000
Q8K337,160000,160000,170000,150000,160000,160000,140000,150000
Q9ES52,190000,180000,150000,180000,170000,180000,140000,150000
Q9JII1,16000,16000,16000,16000,15000,16000,18000,19000
Q8CDA1,97000,94000,88000,92000,97000,96000,100000,100000
Q8C5L6,23000,21000,25000,23000,23000,22000,21000,21000
Q6P549,110000,100000,97000,100000,98000,100000,81000,84000
Q6P4S8,91000,87000,90000,92000,94000,91000,99000,99000
Q8K2A7,110000,110000,110000,110000,110000,120000,130000,120000
Q9D168,63000,64000,44000,63000,60000,60000,86000,95000
Q80UK8,65000,63000,70000,62000,70000,67000,75000,75000
Q7TPD0,120000,120000,130000,120000,120000,120000,130000,130000
Q8CIM8,91000,90000,95000,90000,96000,93000,100000,99000
Q8CHT3,82000,84000,83000,81000,87000,85000,94000,90000
Q6PCM2,98000,99000,96000,96000,110000,100000,100000,100000
Q7TQK1,100000,95000,110000,97000,110000,100000,130000,120000
Q80V86,64000,64000,68000,65000,68000,67000,66000,69000
Q8K114,68000,68000,68000,68000,68000,69000,81000,84000
Q6PD10,32000,35000,36000,32000,37000,37000,40000,37000
Q5DU31-2,110000,98000,72000,110000,120000,110000,110000,120000
Q5DU31,110000,94000,73000,110000,120000,120000,110000,120000
Q8K0C1,33000,34000,36000,31000,36000,37000,39000,38000
Q7TMY7,44000,45000,49000,42000,47000,45000,59000,59000
Q91YE6,89000,86000,93000,90000,92000,95000,97000,100000
Q6P1C1,13000,12000,12000,13000,14000,13000,16000,15000
Q8BP00,19000,18000,19000,18000,20000,19000,24000,21000
Q6PCQ0,11000,9700,6500,18000,8900,10000,13000,11000
Q9JKF1,220000,200000,140000,220000,210000,210000,200000,190000
Q3UQ44,210000,200000,150000,200000,180000,190000,140000,140000
F8VQ29,78000,73000,53000,73000,77000,77000,72000,68000
Q8R0S2,54000,54000,50000,53000,51000,52000,50000,50000
B1AUW1,13000,13000,16000,10000,11000,14000,11000,11000
Q62406,19000,19000,23000,19000,26000,26000,23000,23000
Q8CFA1,13000,17000,21000,14000,22000,16000,28000,27000
Q8K4B2,6300,6400,5900,5400,5800,5700,4300,4500
Q8R4K2,120000,110000,120000,110000,100000,110000,92000,89000
Q811J3,30000,29000,32000,35000,31000,29000,33000,33000
P23906,67000,67000,58000,68000,49000,50000,54000,54000
Q8R3Y8,100000,97000,120000,100000,120000,110000,120000,120000
E9Q1P8,93000,95000,95000,92000,88000,89000,98000,100000
P70671,93000,87000,98000,88000,97000,96000,98000,110000
P56477,17000,16000,17000,16000,15000,16000,15000,15000
P97431,55000,54000,53000,52000,46000,47000,42000,44000
P70434,18000,15000,20000,19000,21000,21000,19000,17000
Q61179,95000,96000,98000,90000,87000,92000,88000,85000
Q8VIM9,43000,42000,39000,42000,39000,39000,39000,39000
P81122,17000,18000,16000,17000,17000,16000,17000,18000
Q9D924,44000,40000,37000,49000,51000,48000,62000,67000
Q9DCB8,98000,98000,110000,97000,100000,100000,110000,110000
Q9D7P6,120000,99000,130000,100000,110000,110000,130000,130000
Q64339,99000,100000,100000,95000,92000,96000,82000,77000
Q9JL16-2,77000,77000,70000,80000,70000,72000,51000,54000
Q9JL16,78000,77000,71000,80000,70000,73000,52000,55000
Q91V64,120000,120000,120000,110000,110000,110000,100000,98000
P85094,26000,27000,21000,25000,24000,26000,22000,21000
Q9DCC7,24000,24000,25000,23000,21000,22000,19000,18000
Q9CX00,140000,140000,140000,150000,150000,160000,150000,150000
Q69ZQ2,100000,91000,120000,100000,130000,120000,130000,130000
Q8C863,67000,69000,65000,64000,75000,74000,82000,79000
Q99KW9,8500,9200,7600,8300,8100,8100,7200,7400
Q91WI7,25000,23000,25000,21000,22000,22000,24000,25000
Q8C0Z1,25000,24000,23000,24000,23000,23000,24000,23000
Q00651,39000,41000,38000,36000,33000,35000,31000,31000
Q61739,46000,47000,46000,43000,40000,45000,47000,47000
P24063,150000,150000,160000,150000,170000,160000,200000,210000
P05555,57000,60000,50000,59000,45000,46000,43000,40000
P43406,73000,73000,50000,46000,81000,75000,77000,79000
Q9QXH4,54000,51000,53000,53000,45000,47000,45000,44000
O35671,34000,34000,31000,30000,32000,32000,31000,32000
P11835,160000,160000,150000,160000,160000,150000,170000,170000
Q3UV74,13000,13000,12000,11000,13000,12000,12000,12000
O54890,55000,43000,48000,45000,39000,40000,33000,35000
Q9CQ82,17000,18000,12000,19000,16000,14000,17000,16000
A6X935,51000,43000,130000,59000,43000,53000,47000,40000
Q03526,89000,83000,59000,59000,80000,86000,84000,85000
Q91VK4,19000,20000,21000,23000,21000,22000,28000,28000
Q9D892,100000,110000,110000,100000,100000,110000,110000,110000
Q8BYN3,35000,37000,37000,35000,37000,37000,38000,39000
B2RXC2,64000,67000,61000,64000,60000,62000,55000,55000
P11881,110000,100000,110000,100000,98000,96000,94000,89000
Q9Z329,110000,110000,110000,110000,100000,99000,88000,86000
P70227,140000,130000,130000,140000,120000,120000,100000,99000
Q3TNL8,88000,86000,95000,84000,89000,87000,68000,73000
A2ASA8,29000,28000,26000,29000,30000,29000,24000,28000
Q9Z0R4,26000,28000,23000,26000,25000,24000,25000,25000
Q9Z0R6,120000,120000,84000,120000,120000,120000,120000,120000
Q9JHI5,190000,180000,210000,180000,170000,180000,140000,140000
Q8C1D8,150000,150000,160000,150000,160000,160000,160000,170000
Q6ZPI0,24000,23000,18000,22000,22000,22000,27000,25000
Q6ZQF7,110000,100000,61000,110000,85000,88000,79000,82000
Q5XKN4,7700,7500,8000,8500,7600,7000,9300,9800
B1ASP2,100000,100000,82000,95000,72000,82000,74000,76000
P52332,100000,100000,82000,95000,72000,82000,74000,76000
Q5DTN8,61000,60000,57000,56000,51000,56000,43000,49000
G3UYW3,47000,46000,40000,50000,52000,50000,49000,52000
Q69ZK6,64000,61000,57000,66000,71000,69000,69000,70000
Q8BFT6,6100,6600,5500,6100,6700,7300,7900,8500
P0C872,20000,21000,21000,19000,20000,20000,20000,23000
Q9QXM1,37000,38000,30000,44000,47000,48000,53000,54000
Q9ET80,14000,15000,17000,14000,16000,14000,20000,17000
Q02257,51000,51000,49000,58000,60000,48000,44000,41000
Q80TG1,30000,29000,20000,29000,26000,27000,26000,28000
Q8BQR4,40000,42000,35000,38000,42000,39000,43000,42000
A2RSY1,72000,72000,55000,71000,74000,73000,66000,67000
Q9JHD2,65000,64000,64000,62000,69000,67000,66000,64000
Q9JHD1,38000,40000,38000,36000,39000,39000,33000,32000
Q8CHK4,34000,34000,31000,34000,33000,34000,31000,29000
Q8BZ21,40000,39000,26000,41000,42000,41000,46000,43000
Q8BRB7,30000,31000,24000,29000,31000,30000,34000,35000
Q5SVQ0,87000,79000,76000,91000,85000,86000,81000,80000
Q9D1P2,82000,77000,84000,78000,81000,83000,79000,79000
Q8BG40,31000,33000,28000,30000,27000,26000,31000,29000
Q6ZPU9,54000,51000,57000,48000,51000,51000,61000,59000
Q8BNW9,160000,160000,150000,160000,140000,150000,130000,120000
G3X9X1,67000,67000,77000,67000,71000,69000,67000,64000
Q8R179,47000,46000,48000,47000,49000,47000,51000,50000
Q80UY2,38000,28000,41000,36000,41000,40000,33000,40000
Q3UPV6,150000,150000,140000,150000,150000,150000,130000,130000
P62482,150000,150000,140000,160000,150000,150000,130000,130000
E9Q6T9,9300,8200,9500,8500,9000,8100,7100,8100
Q922M3,56000,56000,63000,59000,70000,67000,79000,75000
Q6WVG3,62000,62000,66000,62000,56000,57000,52000,47000
Q5EER8,5900,5300,5800,5900,4800,5700,5200,5100
Q5DTY9,14000,14000,14000,15000,12000,13000,13000,12000
E0CYQ0,17000,17000,16000,17000,18000,19000,24000,21000
E0CZ26,20000,21000,14000,20000,18000,17000,17000,17000
Q8CDD8,13000,13000,12000,12000,12000,12000,15000,14000
Q8BNL5,8900,8600,9100,10000,9000,9700,11000,12000
Q99JH8,22000,24000,22000,20000,20000,19000,16000,15000
Q6ZQ88,100000,100000,100000,97000,110000,110000,110000,100000
Q8CIG3,57000,58000,47000,57000,57000,54000,56000,56000
P59997,61000,63000,54000,59000,63000,64000,56000,55000
Q6PCM1,90000,90000,97000,91000,100000,100000,94000,96000
Q6ZPY7,90000,91000,88000,91000,90000,90000,90000,89000
B9EKS2,90000,91000,88000,91000,89000,91000,89000,90000
Q91VY5,15000,15000,14000,16000,17000,17000,24000,21000
Q3UXZ9,61000,60000,39000,63000,54000,54000,55000,55000
O70546,43000,40000,48000,42000,41000,42000,39000,39000
Q3UWM4,26000,26000,26000,33000,43000,39000,39000,34000
Q6GV12,93000,71000,100000,85000,91000,85000,79000,80000
Q9Z2X8,42000,44000,49000,45000,44000,43000,63000,61000
Q60749,200000,180000,91000,230000,140000,150000,160000,180000
Q9R226,160000,150000,93000,180000,140000,140000,160000,190000
Q80U38,39000,36000,36000,39000,33000,34000,31000,32000
Q3U0V1,200000,200000,210000,190000,200000,210000,230000,230000
Q5SYL3,35000,34000,35000,34000,38000,38000,33000,35000
Q7TSH8,17000,18000,16000,17000,17000,16000,17000,17000
Q8C2E7,110000,100000,110000,100000,99000,99000,96000,94000
Q8K135,52000,53000,55000,52000,52000,51000,51000,50000
Q8JZY4,55000,51000,50000,55000,53000,54000,62000,64000
Q3TCX3,66000,64000,71000,64000,71000,72000,72000,73000
Q3UMB9,84000,83000,88000,78000,81000,82000,73000,77000
A2AAE1,18000,17000,16000,17000,20000,20000,19000,19000
A2AIV2,100000,98000,91000,100000,110000,100000,110000,110000
Q148V7,65000,61000,67000,61000,63000,66000,63000,64000
Q5DTW7,40000,41000,24000,42000,40000,44000,55000,52000
Q8K2Q9,9500,10000,8800,9100,9700,8800,8300,8200
Q8BQ48,30000,28000,20000,29000,32000,30000,28000,29000
Q91X21,21000,20000,19000,20000,22000,22000,23000,23000
E9Q4K7,45000,45000,36000,45000,46000,45000,48000,49000
Q6P9L6,23000,24000,25000,23000,29000,29000,31000,32000
B1AVY7,40000,39000,37000,39000,39000,39000,42000,42000
P33173,48000,47000,45000,47000,51000,54000,51000,47000
Q60575-3,47000,46000,42000,48000,49000,52000,45000,46000
Q60575-2,54000,54000,52000,53000,59000,63000,52000,52000
Q60575,53000,54000,52000,53000,59000,63000,52000,52000
O35071,35000,31000,27000,33000,34000,37000,35000,31000
Q9QXL1,83000,81000,51000,88000,72000,73000,73000,72000
P28740-2,98000,94000,57000,100000,94000,92000,100000,99000
P28740,98000,94000,57000,100000,94000,92000,100000,99000
P28741,35000,35000,27000,34000,35000,35000,34000,37000
Q61771,38000,37000,22000,38000,37000,37000,44000,43000
Q61768,150000,150000,100000,150000,160000,160000,160000,170000
P28738,130000,140000,93000,140000,140000,140000,140000,150000
Q9QWT9,65000,67000,63000,62000,57000,56000,48000,48000
E9PUA5,66000,66000,62000,63000,55000,56000,48000,48000
Q8K339,48000,46000,29000,63000,47000,46000,64000,62000
F6UYN4,86000,85000,82000,81000,93000,91000,100000,110000
Q8CD76,120000,110000,120000,110000,130000,130000,140000,140000
O88447,120000,110000,110000,110000,130000,130000,140000,140000
O88448,72000,72000,72000,70000,74000,72000,80000,82000
Q91YS4,72000,72000,73000,70000,74000,72000,80000,81000
Q91W40,72000,69000,70000,68000,67000,66000,67000,64000
Q9DBS5,79000,76000,78000,72000,73000,73000,69000,68000
Q9JJZ6,58000,58000,26000,53000,33000,39000,40000,42000
Q60980,72000,75000,28000,84000,42000,48000,41000,41000
Q8VEM9,35000,31000,32000,32000,40000,39000,42000,48000
Q9JI74,24000,26000,23000,25000,26000,25000,31000,32000
A2AAX3,27000,27000,29000,26000,27000,27000,29000,28000
Q8JZP3,8300,8500,8600,8500,9500,8200,10000,9900
Q8VCK5,19000,19000,18000,17000,25000,20000,26000,25000
Q8R2P1,33000,34000,31000,30000,28000,30000,32000,31000
Q8BGY4,18000,15000,15000,17000,16000,17000,13000,14000
E0CZ16,9700,8800,7800,11000,10000,9200,11000,12000
Q6V595,22000,23000,28000,24000,19000,20000,27000,28000
Q8BUL5,9800,9500,9200,11000,11000,11000,14000,14000
P27814,24000,27000,31000,25000,21000,22000,19000,19000
Q91WN4,33000,32000,31000,33000,27000,28000,26000,25000
P55200,54000,54000,27000,56000,49000,47000,43000,45000
O08550,60000,54000,47000,58000,55000,57000,64000,62000
Q8BRH4,31000,33000,28000,31000,26000,27000,28000,27000
Q6PDK2,65000,66000,38000,68000,65000,60000,65000,66000
Q3UG20,70000,68000,50000,70000,65000,62000,58000,61000
Q60960,81000,82000,85000,82000,110000,100000,120000,110000
O35344,140000,130000,150000,140000,170000,170000,180000,190000
O35343,150000,140000,150000,140000,160000,160000,170000,180000
O35345,46000,46000,50000,47000,59000,57000,70000,66000
P70168,180000,180000,190000,170000,190000,190000,210000,200000
Q8VCX6,49000,51000,52000,49000,54000,54000,67000,67000
P32883,120000,110000,110000,120000,170000,160000,150000,160000
P32883-2,120000,110000,110000,120000,170000,160000,150000,160000
F6WIU1,79000,79000,53000,81000,82000,80000,110000,110000
Q8VDQ9,79000,78000,53000,80000,82000,81000,110000,110000
Q6S5J6,77000,72000,67000,75000,77000,78000,73000,77000
Q3UV17,510000,490000,490000,570000,610000,450000,370000,410000
E9Q0F0,570000,520000,510000,560000,510000,480000,390000,410000
Q5RL79,31000,29000,31000,45000,28000,28000,32000,30000
Q80XH1,29000,31000,30000,27000,27000,28000,29000,29000
G3X9Z9,29000,31000,31000,28000,28000,29000,33000,34000
Q91YP0,44000,43000,47000,42000,44000,45000,44000,45000
P59178,36000,36000,36000,36000,44000,40000,52000,50000
Q8BLB7,41000,43000,34000,38000,35000,35000,37000,37000
G5E8I4,59000,57000,61000,52000,57000,56000,60000,61000
D3YU13,64000,60000,81000,69000,60000,54000,72000,69000
Q3V384,78000,76000,66000,75000,68000,70000,59000,58000
Q9EP89,160000,140000,140000,160000,150000,160000,130000,130000
Q99KR3,100000,100000,100000,95000,97000,97000,100000,100000
Q9CR70,49000,47000,50000,53000,54000,54000,56000,58000
Q8BG84,28000,18000,27000,19000,24000,26000,18000,21000
P19137,73000,67000,61000,57000,54000,56000,58000,68000
Q61789,11000,9100,4500,9200,9900,12000,15000,14000
P11438,120000,120000,130000,120000,120000,120000,140000,140000
P17047,52000,51000,60000,50000,69000,65000,76000,74000
Q9CQ22,49000,55000,59000,55000,56000,55000,59000,60000
Q9JHS3,87000,88000,92000,81000,83000,86000,87000,86000
O88653,25000,30000,34000,29000,32000,30000,29000,32000
Q9D1L9,41000,46000,49000,41000,63000,59000,79000,65000
O89112,72000,73000,75000,67000,64000,66000,53000,59000
Q9JJK2,75000,75000,76000,71000,69000,72000,66000,68000
Q9CPY7,120000,110000,120000,110000,140000,130000,160000,170000
Q8VDC0,83000,81000,84000,80000,80000,82000,88000,85000
Q61792,220000,210000,220000,200000,200000,200000,150000,160000
O54957,110000,120000,110000,110000,110000,110000,110000,110000
Q9CX60,42000,44000,45000,37000,35000,36000,31000,29000
Q3U9G9,280000,240000,190000,260000,170000,180000,290000,280000
Q3UHG7,24000,23000,25000,25000,24000,24000,25000,24000
P06240,160000,160000,150000,150000,150000,150000,140000,140000
Q3UN02,27000,27000,25000,26000,26000,25000,25000,26000
A2RTH5,86000,88000,94000,82000,82000,84000,79000,79000
P11672,16000,15000,14000,16000,16000,15000,16000,16000
Q61233,510000,520000,530000,490000,530000,530000,500000,500000
P70662,26000,26000,25000,29000,28000,27000,25000,25000
P06151,200000,200000,210000,220000,210000,210000,220000,210000
P16125,190000,190000,190000,180000,170000,180000,150000,150000
Q8C142,61000,59000,54000,66000,52000,52000,40000,40000
P27782,110000,110000,99000,120000,82000,85000,73000,75000
Q8BGZ9,100000,100000,95000,120000,78000,82000,69000,71000
Q6DVA0,61000,58000,57000,60000,59000,59000,55000,57000
Q9WU40,61000,59000,58000,68000,56000,55000,63000,61000
Q8CBY3,98000,83000,77000,98000,92000,94000,89000,91000
Q5XJE5,110000,110000,130000,110000,120000,120000,130000,130000
Q9Z2I0,190000,190000,190000,180000,180000,190000,180000,180000
Q924L1,28000,27000,26000,28000,31000,28000,30000,31000
O09010,16000,15000,9700,10000,9700,12000,16000,17000
P16045,150000,150000,170000,150000,140000,140000,110000,110000
P16110,47000,40000,49000,48000,46000,46000,44000,45000
Q07797,57000,60000,63000,56000,53000,55000,49000,51000
Q9JL15,33000,34000,31000,35000,32000,31000,29000,29000
O08573,160000,160000,160000,160000,140000,140000,110000,110000
Q8VED9,8200,9200,8600,7700,9200,8700,11000,11000
Q3U4X8,82000,81000,68000,84000,74000,73000,90000,93000
P37913,69000,69000,57000,70000,62000,62000,76000,78000
P97386,70000,62000,34000,85000,61000,59000,95000,86000
Q80ZH7,70000,62000,34000,84000,61000,59000,94000,86000
Q9ERG0,130000,130000,130000,120000,120000,120000,91000,98000
Q9QXD8,62000,62000,63000,56000,62000,63000,65000,67000
Q8BGB5,150000,140000,160000,150000,130000,140000,100000,110000
Q9EQR5,24000,26000,21000,25000,22000,22000,20000,22000
O54785,80000,80000,71000,80000,77000,77000,70000,69000
Q99JW4,98000,91000,74000,88000,90000,91000,89000,93000
Q9D8N6,17000,15000,14000,17000,16000,16000,22000,21000
Q8CD94,35000,35000,32000,34000,36000,34000,35000,35000
Q571G4,37000,37000,22000,36000,35000,34000,36000,35000
O88952,67000,69000,67000,68000,89000,82000,100000,98000
Q8C735,47000,46000,25000,52000,47000,49000,49000,48000
Q9Z0M5,150000,150000,160000,150000,140000,150000,130000,120000
P54310,24000,23000,23000,25000,24000,24000,26000,26000
Q3UT41,26000,28000,26000,29000,26000,26000,24000,25000
Q8VCM4,38000,36000,33000,35000,38000,35000,42000,41000
Q9D009,23000,20000,21000,23000,23000,21000,24000,22000
Q80Y17,54000,56000,55000,52000,58000,58000,64000,61000
Q3TJ91,18000,18000,17000,19000,19000,20000,20000,18000
Q9DBH5,140000,140000,130000,140000,150000,150000,180000,170000
P59481,41000,41000,40000,42000,42000,41000,42000,42000
Q8C561,32000,30000,32000,29000,34000,30000,41000,41000
Q3U3R4,46000,50000,43000,50000,40000,39000,46000,49000
Q8C3X8,42000,41000,44000,44000,39000,39000,36000,35000
P48678,160000,160000,170000,170000,150000,160000,130000,130000
P14733,1100000,1100000,1000000,1100000,990000,990000,870000,850000
P21619,160000,160000,170000,160000,150000,150000,140000,130000
E9PYF4,12000,12000,15000,11000,11000,12000,11000,11000
Q3TYD6,26000,25000,25000,26000,28000,28000,27000,29000
Q8C129,150000,150000,160000,140000,140000,140000,130000,120000
Q91XL2,40000,42000,43000,40000,50000,53000,55000,53000
Q9D920,71000,75000,75000,67000,63000,64000,64000,63000
Q8CGK3,130000,140000,120000,130000,130000,130000,140000,140000
Q3TFD2,47000,43000,45000,47000,45000,47000,45000,46000
Q91V01,110000,99000,86000,110000,97000,97000,100000,100000
Q6NVG1,32000,31000,34000,28000,28000,27000,32000,30000
Q91YX5,49000,48000,47000,43000,52000,49000,62000,62000
Q91ZP3,41000,44000,46000,41000,31000,35000,31000,30000
Q99PI5,47000,49000,46000,47000,35000,35000,36000,33000
Q8BFW7,21000,23000,26000,22000,22000,23000,19000,18000
Q99N69,120000,120000,110000,100000,100000,110000,95000,100000
E9Q3Y4,130000,120000,130000,120000,120000,130000,120000,120000
Q9ESE1,130000,120000,130000,120000,120000,130000,120000,120000
P62046,73000,74000,77000,71000,78000,77000,79000,80000
Q8BVU0,79000,82000,83000,76000,92000,91000,95000,95000
Q921G6,120000,120000,120000,110000,110000,110000,87000,84000
Q8CDD9,47000,47000,35000,48000,45000,45000,50000,48000
P70193,8100,7800,8400,7400,7700,8300,7800,8900
Q60664,62000,59000,65000,60000,62000,59000,88000,87000
G5E880,61000,59000,64000,59000,62000,59000,90000,88000
O88572,7300,7600,7200,7600,8700,9700,11000,11000
Q6PB66,150000,150000,160000,150000,180000,170000,210000,210000
Q80VQ1,24000,23000,25000,24000,23000,22000,22000,22000
Q8VC16,26000,24000,25000,25000,27000,26000,28000,30000
Q6EDY6,72000,74000,18000,58000,50000,56000,63000,70000
Q8CI70,56000,60000,63000,57000,59000,57000,69000,66000
Q8K1T1,24000,23000,24000,23000,25000,25000,25000,25000
Q9CRC8,88000,88000,88000,84000,86000,84000,100000,100000
Q8CIM1,43000,45000,43000,44000,40000,41000,40000,42000
Q505F5,130000,130000,89000,130000,120000,120000,140000,140000
Q8JZX5,53000,51000,50000,52000,55000,55000,62000,62000
Q9D1G5,53000,51000,51000,51000,55000,54000,61000,62000
Q922Q8,93000,91000,71000,100000,93000,88000,130000,130000
Q80TE7,78000,77000,79000,71000,88000,84000,82000,76000
Q80WG5,40000,38000,40000,39000,38000,39000,38000,36000
Q8R502,66000,67000,69000,66000,63000,67000,55000,55000
Q8BGR2,32000,35000,37000,35000,40000,36000,39000,44000
Q69ZB0,22000,23000,21000,20000,18000,19000,22000,21000
Q3UZ39-2,130000,130000,130000,130000,140000,150000,140000,140000
Q3UZ39,160000,150000,170000,150000,160000,170000,150000,150000
Q91WK0,79000,81000,83000,75000,81000,82000,88000,89000
Q80ZI6,6200,6700,5900,6000,5300,7100,6800,5600
Q8VC85,59000,62000,61000,55000,65000,66000,68000,76000
Q8K2F8,83000,84000,60000,84000,89000,88000,93000,97000
F6X2V9,66000,65000,47000,67000,70000,69000,73000,79000
O35900,190000,190000,190000,180000,180000,180000,160000,160000
P62311,65000,66000,67000,61000,60000,61000,57000,55000
Q9QXA5,79000,78000,56000,83000,74000,74000,80000,81000
P62313,170000,160000,170000,150000,160000,150000,140000,140000
Q9CQQ8,12000,7300,18000,10000,13000,11000,10000,9400
Q6ZWM4,170000,180000,190000,170000,160000,170000,150000,150000
A2A6J7,170000,160000,180000,150000,150000,150000,130000,120000
P19973,160000,150000,180000,160000,150000,150000,130000,120000
P24527,190000,190000,200000,180000,180000,190000,150000,150000
P41155,6600,6700,6700,6100,8300,9500,7800,7600
Q6A009,89000,83000,89000,85000,94000,88000,100000,100000
Q9CYI4,140000,130000,140000,130000,140000,140000,140000,150000
Q7TNC4,140000,130000,140000,130000,140000,150000,140000,140000
Q5SUF2,170000,150000,170000,160000,180000,170000,170000,180000
P70202,78000,84000,92000,73000,70000,73000,53000,53000
P35459,38000,37000,34000,39000,35000,33000,31000,31000
Q60767,100000,95000,100000,93000,100000,110000,110000,100000
Q01965,120000,110000,110000,120000,150000,150000,170000,170000
P25911,100000,100000,110000,99000,120000,110000,99000,100000
P97823,120000,110000,140000,110000,110000,120000,110000,110000
Q9WTL7,190000,180000,200000,180000,180000,180000,160000,160000
Q8R033,42000,42000,43000,42000,40000,41000,47000,46000
Q8K215,47000,46000,40000,51000,51000,49000,58000,59000
Q9D0E3,33000,32000,35000,30000,31000,28000,30000,28000
Q9D7V2,22000,23000,25000,19000,21000,22000,26000,25000
Q99LE3,14000,14000,15000,13000,14000,15000,13000,12000
P97412,63000,64000,65000,61000,59000,59000,59000,57000
G5E8Q0,63000,64000,65000,61000,59000,60000,59000,57000
P08905,5900,5200,4600,5200,5300,4800,4800,4600
Q8K3C3,130000,120000,130000,120000,130000,130000,140000,140000
Q9JHQ5,100000,98000,110000,97000,91000,91000,110000,110000
Q9QXZ0,130000,130000,93000,130000,120000,120000,120000,120000
F7ACR9,130000,130000,91000,120000,120000,120000,120000,120000
Q922B1,27000,28000,22000,28000,25000,26000,24000,24000
Q9WTX8,120000,110000,120000,110000,110000,110000,100000,110000
Q9Z1B5,130000,130000,150000,130000,120000,120000,120000,110000
Q9DCX1,61000,60000,69000,66000,62000,62000,53000,54000
Q80U28-14,89000,83000,91000,82000,80000,79000,65000,68000
A2AGQ4,140000,130000,140000,130000,130000,130000,110000,110000
Q80U28,80000,81000,82000,79000,75000,83000,61000,63000
Q80U28-11,140000,130000,140000,130000,130000,130000,110000,110000
Q80U28-10,140000,130000,140000,130000,130000,130000,110000,110000
Q4VC33,31000,32000,31000,33000,36000,37000,40000,40000
Q9D0U6,31000,31000,34000,29000,26000,26000,25000,27000
Q6PCZ4,11000,9900,12000,11000,13000,14000,16000,14000
Q9CQL1,190000,200000,200000,200000,190000,190000,190000,170000
Q9CQY5,93000,87000,64000,100000,95000,91000,100000,100000
Q2TBA3-2,63000,64000,68000,63000,80000,75000,91000,90000
Q2TBA3,49000,49000,51000,48000,62000,58000,70000,71000
Q6T264,19000,19000,17000,19000,20000,19000,16000,17000
F6U238,37000,37000,36000,38000,45000,42000,46000,47000
P45700,45000,47000,48000,44000,55000,54000,64000,61000
P39098,97000,95000,97000,92000,100000,99000,110000,100000
A2AJ15,46000,46000,48000,45000,49000,49000,52000,51000
P27046,70000,71000,72000,68000,68000,69000,68000,69000
Q8BRK9-2,51000,51000,52000,48000,50000,46000,51000,50000
Q8BRK9,52000,49000,48000,48000,50000,47000,52000,51000
O09159,110000,110000,110000,100000,110000,110000,99000,100000
O54782,44000,44000,47000,42000,42000,42000,38000,37000
Q91W89,82000,83000,85000,78000,77000,78000,72000,70000
D6RGR1,37000,38000,40000,37000,35000,35000,26000,26000
Q8K2I4,130000,130000,130000,120000,120000,120000,100000,97000
Q6NXH2,15000,16000,15000,15000,14000,15000,13000,15000
Q9CXI5,96000,95000,73000,97000,110000,110000,120000,130000
Q3TMX5,130000,130000,95000,130000,140000,140000,170000,180000
Q64133,18000,18000,18000,18000,20000,19000,26000,26000
Q8C052,100000,93000,60000,96000,100000,100000,110000,110000
G3UZJ2,16000,15000,13000,17000,18000,18000,18000,19000
P31938,140000,140000,130000,140000,140000,140000,150000,150000
Q63932,130000,130000,120000,130000,130000,140000,140000,140000
P47809,70000,73000,65000,69000,76000,76000,80000,75000
Q9WVS7,12000,13000,14000,12000,11000,12000,12000,11000
P70236,160000,150000,140000,150000,160000,160000,140000,140000
Q8CE90,71000,75000,69000,73000,81000,78000,95000,94000
P53349,40000,40000,36000,42000,40000,41000,45000,40000
A2AQW0,22000,21000,19000,23000,21000,21000,23000,21000
Q61083,37000,37000,38000,36000,40000,40000,35000,36000
Q61084,57000,56000,54000,52000,50000,52000,46000,45000
O08648,44000,44000,45000,44000,44000,40000,43000,41000
O35099,59000,59000,58000,58000,55000,56000,58000,57000
Q62073,33000,32000,32000,30000,35000,34000,40000,39000
Q07174,15000,14000,16000,14000,19000,17000,20000,21000
P27546,150000,160000,54000,110000,160000,170000,150000,160000
P70218,130000,130000,130000,130000,110000,110000,120000,120000
Q61161,49000,51000,48000,48000,46000,48000,40000,39000
Q99JP0,19000,19000,19000,21000,18000,19000,17000,18000
P97820,74000,73000,73000,72000,75000,74000,73000,69000
F8VPL5,74000,73000,72000,71000,75000,74000,74000,70000
Q8BPM2,21000,23000,17000,22000,20000,20000,20000,21000
O88735,5400,5700,5600,6000,6400,6600,7100,7800
P63085,150000,150000,160000,150000,150000,150000,150000,140000
Q9WUI1,21000,20000,20000,21000,25000,24000,27000,27000
O08911,5400,6400,6600,5900,6000,6300,5500,6300
P47811,150000,150000,140000,140000,140000,140000,140000,140000
Q9D7G9,28000,30000,26000,27000,25000,28000,21000,20000
Q63844,120000,120000,120000,130000,120000,120000,100000,98000
Q6P5G0,19000,19000,17000,24000,27000,27000,25000,25000
Q9WVS8,45000,44000,39000,42000,47000,47000,44000,46000
Q91Y86,67000,70000,65000,70000,78000,81000,83000,88000
G3X8U9,74000,77000,71000,77000,86000,89000,97000,98000
Q9ESN9,53000,51000,60000,51000,65000,60000,56000,60000
Q9WTU6,55000,54000,55000,53000,57000,55000,55000,54000
Q8BKH7,30000,25000,19000,32000,27000,27000,38000,33000
P49138,100000,100000,89000,97000,110000,110000,110000,120000
Q3UMW7,78000,78000,65000,76000,89000,88000,97000,98000
Q61166,190000,180000,160000,180000,200000,200000,220000,230000
D3Z6G3,99000,100000,93000,97000,110000,110000,120000,130000
Q922Q1,190000,180000,170000,190000,170000,170000,160000,160000
Q6ZQ89,22000,21000,21000,23000,24000,22000,29000,28000
Q60754,6000,5300,9900,7300,7700,7600,7600,6600
Q8BJ34,43000,42000,35000,42000,44000,44000,51000,51000
Q8VHJ5,50000,45000,33000,66000,54000,53000,62000,57000
Q05512,84000,70000,57000,130000,90000,79000,100000,87000
F7CVZ7,19000,16000,13000,29000,21000,17000,24000,20000
Q03141,67000,57000,44000,97000,75000,71000,84000,75000
Q68FL6,140000,140000,130000,140000,150000,150000,200000,200000
Q499X9,32000,33000,34000,30000,36000,34000,40000,39000
P98064-2,69000,89000,67000,55000,38000,50000,34000,31000
Q60592,23000,24000,19000,25000,27000,27000,26000,27000
Q3U214,31000,30000,19000,30000,34000,34000,35000,36000
Q811L6,24000,23000,14000,21000,22000,22000,22000,20000
Q99LB6,130000,130000,140000,130000,130000,130000,130000,120000
P41242,62000,60000,58000,55000,52000,54000,42000,43000
D3Z4T5,72000,70000,68000,65000,63000,65000,51000,53000
Q8K310,160000,160000,150000,170000,160000,160000,180000,180000
Q9D2X5,71000,74000,74000,76000,72000,74000,71000,74000
Q8VCF0,74000,72000,68000,76000,71000,72000,70000,69000
B2RS19,88000,88000,100000,90000,94000,93000,81000,88000
P28574,77000,76000,90000,79000,82000,81000,70000,77000
P56671,18000,19000,8200,24000,18000,17000,22000,24000
Q8C6L5,24000,23000,18000,29000,30000,27000,38000,33000
Q9Z2E2,77000,78000,36000,71000,69000,72000,69000,71000
Q9Z2E1,160000,150000,110000,150000,160000,160000,160000,170000
Q99LQ1,22000,25000,25000,23000,24000,24000,26000,25000
Q8BL86,28000,27000,26000,28000,22000,24000,20000,18000
Q9JKP5,120000,110000,120000,110000,110000,110000,90000,96000
Q8C181,86000,84000,85000,77000,84000,83000,69000,75000
Q8R003,88000,82000,91000,81000,83000,83000,68000,75000
Q8BH98,13000,12000,12000,13000,11000,12000,11000,11000
Q8CHK3,54000,42000,58000,57000,53000,54000,61000,67000
P04370,64000,63000,64000,58000,85000,82000,86000,84000
Q6P5G3,62000,60000,58000,63000,65000,62000,70000,67000
Q8R3F5,73000,74000,78000,72000,74000,76000,75000,79000
Q99MR8,79000,80000,78000,76000,76000,77000,73000,72000
Q3ULD5,98000,99000,95000,95000,94000,96000,84000,85000
Q9D1I5,20000,21000,20000,20000,18000,20000,20000,21000
A2AEU1,89000,84000,75000,68000,72000,70000,67000,61000
Q9WUU9,63000,61000,39000,63000,60000,61000,62000,63000
P49717,130000,130000,96000,140000,130000,130000,190000,190000
Q8R3C0,75000,77000,73000,76000,75000,76000,96000,95000
Q99L90,28000,28000,24000,29000,28000,28000,35000,34000
Q5RJH2,6000,6800,5800,5700,5700,6200,5600,5300
Q9DB27,83000,89000,69000,94000,87000,90000,110000,120000
Q3UMR5,77000,77000,73000,75000,80000,81000,90000,87000
Q9CXD6,78000,75000,81000,76000,80000,79000,79000,76000
Q5PSV9,48000,45000,22000,42000,51000,57000,52000,56000
P14152,1400000,1300000,1200000,1400000,1200000,1300000,1000000,970000
P08249,800000,800000,800000,770000,810000,810000,800000,800000
Q9D067,56000,54000,45000,57000,50000,50000,42000,42000
B2RPU6,55000,54000,46000,57000,51000,50000,43000,43000
Q9D967,110000,110000,110000,95000,93000,95000,86000,84000
Q99KE1,170000,170000,170000,170000,160000,170000,140000,150000
Q2VPQ9,100000,98000,86000,92000,94000,93000,91000,90000
Q9DCS3,65000,71000,71000,72000,76000,72000,76000,72000
Q9CXU0,35000,36000,43000,39000,45000,45000,48000,47000
A2AGH6,75000,68000,70000,73000,84000,78000,94000,93000
Q8BQM9,16000,14000,16000,14000,16000,15000,18000,16000
Q5SWW4,36000,36000,41000,35000,40000,40000,37000,39000
Q6JPI3,32000,32000,30000,30000,32000,32000,29000,27000
A2ABV5,56000,54000,59000,55000,63000,61000,62000,61000
Q924H2,63000,64000,68000,67000,73000,73000,89000,87000
Q6PGF3,60000,62000,67000,62000,59000,58000,61000,60000
Q8VCD5,91000,91000,92000,91000,100000,100000,120000,120000
Q9CZ82,27000,28000,27000,26000,29000,29000,33000,35000
Q9R0X0,37000,37000,37000,35000,37000,38000,44000,42000
Q9R0X0-2,32000,32000,34000,31000,34000,34000,38000,37000
Q9CQ39,30000,32000,32000,29000,39000,37000,38000,42000
Q62276,63000,61000,65000,62000,69000,70000,81000,87000
Q80YQ2,91000,84000,95000,85000,97000,94000,100000,100000
Q99K74,89000,88000,98000,81000,84000,88000,90000,90000
Q8VCB2,25000,28000,26000,26000,30000,28000,29000,30000
Q7TN02,29000,30000,25000,30000,33000,32000,36000,39000
Q9DB40,49000,50000,50000,50000,54000,54000,62000,63000
Q920D3,31000,30000,36000,30000,32000,34000,38000,35000
Q9DB91,36000,37000,43000,36000,48000,43000,49000,52000
Q9CQI9,25000,27000,26000,26000,30000,29000,35000,35000
Q9CXU1,53000,54000,57000,50000,56000,53000,61000,55000
Q9CQA5,58000,59000,64000,55000,69000,65000,77000,80000
Q921D4,30000,31000,30000,30000,32000,31000,35000,35000
Q9CZB6,40000,39000,47000,39000,48000,46000,52000,51000
Q9D7W5,66000,58000,69000,62000,72000,70000,82000,86000
Q60929,58000,58000,52000,59000,62000,61000,59000,61000
Q60929-3,44000,45000,41000,46000,49000,48000,46000,47000
Q63943,78000,78000,73000,81000,79000,81000,70000,72000
Q63943-2,69000,70000,67000,74000,71000,72000,63000,63000
O88559,45000,44000,40000,46000,43000,43000,43000,41000
Q8K3A9,79000,75000,61000,88000,77000,78000,82000,84000
Q9ERE7,93000,95000,90000,92000,100000,100000,110000,110000
Q8BP48,45000,48000,41000,47000,52000,50000,63000,64000
Q9CPW9,8900,9000,8400,8400,8700,8800,7400,8200
Q9Z120,23000,22000,22000,22000,25000,25000,25000,28000
Q9D853,68000,72000,75000,64000,68000,71000,75000,73000
Q3UIK4,91000,84000,69000,89000,79000,80000,79000,81000
Q9DCL4,13000,14000,13000,14000,13000,13000,11000,10000
Q9CQG2,100000,110000,98000,100000,120000,120000,150000,130000
Q3U2U7,47000,46000,44000,47000,45000,45000,52000,51000
Q9CZ09,25000,27000,28000,29000,28000,28000,34000,36000
Q8BMK1,23000,22000,23000,23000,27000,26000,31000,31000
Q80ZM3,22000,23000,24000,22000,21000,25000,26000,26000
Q9CQL0,24000,28000,27000,26000,26000,26000,33000,32000
Q6NXH8,26000,27000,25000,27000,28000,28000,35000,34000
Q8C3P7,120000,130000,120000,120000,120000,130000,120000,120000
G5E922,99000,100000,99000,96000,100000,100000,95000,100000
Q3U034,48000,47000,49000,46000,51000,48000,59000,59000
Q8C6B0,58000,56000,56000,64000,54000,56000,47000,47000
A2AUU0,21000,19000,18000,18000,18000,19000,22000,22000
G3UYU0,80000,80000,67000,70000,78000,79000,94000,95000
Q69Z36,57000,60000,50000,52000,53000,53000,55000,58000
Q3UE17,53000,53000,47000,48000,53000,55000,70000,69000
Q9CQU1,140000,130000,150000,130000,140000,140000,140000,140000
Q6PCP5,110000,110000,100000,100000,100000,110000,110000,110000
F7BC60,100000,96000,110000,100000,110000,110000,110000,110000
Q811U4,33000,35000,37000,35000,36000,36000,43000,43000
Q80U63,73000,72000,77000,70000,73000,73000,81000,79000
Q9DC37,21000,23000,24000,24000,26000,24000,22000,26000
Q9D2V8,49000,46000,54000,52000,39000,39000,42000,40000
Q5U419,50000,47000,53000,43000,46000,45000,48000,47000
Q8CBH5-2,78000,75000,76000,69000,69000,75000,59000,59000
D3Z183,78000,75000,76000,69000,69000,75000,59000,59000
Q8CBH5,76000,74000,78000,70000,69000,73000,58000,60000
A2AWL7,27000,27000,18000,29000,27000,30000,30000,30000
P27808,43000,43000,41000,42000,42000,43000,47000,50000
Q921V5,33000,33000,31000,33000,35000,35000,41000,39000
Q8R4G6,13000,12000,13000,13000,18000,18000,18000,19000
Q9EQQ9,94000,89000,99000,90000,100000,100000,110000,110000
A9XX86,33000,34000,31000,40000,34000,34000,33000,34000
P26187,72000,75000,80000,71000,65000,66000,67000,63000
J3KMG3,100000,96000,120000,100000,120000,120000,130000,130000
Q8BI84,110000,99000,120000,110000,130000,120000,130000,130000
Q80SY4,36000,35000,32000,35000,38000,38000,43000,45000
Q8R516,25000,26000,26000,26000,26000,25000,24000,24000
Q8VC42,53000,51000,54000,49000,51000,50000,48000,49000
Q8VDP3,130000,130000,140000,130000,120000,120000,100000,100000
Q8CJ19,43000,44000,39000,42000,43000,42000,40000,40000
Q8BGT6,85000,86000,52000,76000,77000,78000,71000,72000
Q8VCX5,67000,60000,66000,67000,63000,65000,65000,65000
Q8CD10,46000,45000,41000,45000,43000,45000,48000,47000
Q3TPJ7,8100,8700,8800,16000,12000,9000,19000,19000
Q8BGV8,28000,26000,28000,27000,29000,28000,27000,31000
Q9CQ86,97000,82000,91000,100000,94000,93000,86000,92000
Q5UAK0,66000,64000,75000,65000,69000,68000,65000,62000
P34884,83000,85000,89000,79000,97000,93000,120000,120000
Q3UBZ5,29000,31000,32000,31000,30000,32000,39000,39000
Q8CD15,130000,130000,120000,130000,130000,140000,160000,170000
Q9JM52,81000,77000,75000,75000,85000,87000,89000,90000
Q8VE19,91000,93000,93000,82000,96000,94000,100000,97000
A6H611,84000,80000,86000,85000,79000,79000,94000,92000
Q9CY25,35000,39000,39000,37000,32000,33000,41000,41000
Q8VDV8,11000,8300,11000,11000,11000,12000,9600,11000
E9PVX6,7500,6900,7200,7500,5500,5500,5000,5400
Q8K4J6,88000,87000,67000,79000,86000,89000,84000,83000
P59759,88000,86000,74000,85000,88000,88000,87000,95000
O08605,29000,31000,29000,30000,32000,30000,38000,37000
Q9ERV1,67000,67000,69000,65000,68000,67000,74000,76000
Q6ZQI3,150000,130000,140000,150000,130000,130000,130000,120000
Q9JK91,94000,90000,98000,87000,93000,93000,110000,110000
A2AM29,50000,49000,51000,50000,50000,52000,57000,60000
Q9QZQ1,12000,10000,9400,11000,11000,12000,11000,11000
B1AR09,38000,37000,26000,35000,35000,34000,34000,33000
B1AR10,28000,25000,19000,25000,26000,25000,25000,25000
Q9DCJ1,23000,22000,28000,23000,21000,21000,24000,23000
O08609,14000,15000,16000,15000,18000,17000,21000,21000
Q2VPU4,61000,59000,63000,59000,70000,69000,71000,70000
Q99J39,100000,100000,110000,100000,100000,110000,83000,75000
Q9D273,97000,97000,100000,93000,97000,95000,97000,97000
P41245,17000,17000,16000,14000,12000,14000,13000,11000
Q9D071,93000,95000,100000,95000,99000,97000,99000,100000
Q99LX5,97000,99000,100000,90000,98000,92000,96000,94000
P51949,68000,68000,73000,64000,70000,70000,88000,86000
D0QMC3,59000,62000,33000,68000,50000,52000,53000,53000
O08789,50000,46000,54000,48000,62000,60000,64000,62000
Q921Y0,130000,120000,120000,120000,140000,140000,140000,140000
Q8VI63,130000,130000,130000,130000,130000,130000,120000,120000
Q8BSU7,40000,40000,40000,42000,40000,37000,36000,34000
Q6PEB6,54000,46000,53000,49000,49000,48000,41000,37000
Q5RKZ7,74000,75000,70000,72000,66000,67000,70000,68000
Q9Z224,41000,41000,45000,38000,38000,39000,40000,41000
F6ZGI7,38000,40000,45000,34000,43000,41000,47000,47000
Q80UM7,130000,120000,130000,130000,130000,130000,150000,160000
Q6PDG8,31000,34000,34000,31000,31000,33000,32000,30000
Q8BMQ8,14000,14000,16000,14000,15000,14000,15000,15000
Q80TL7,67000,66000,69000,65000,67000,65000,75000,73000
Q80TL7-2,67000,66000,68000,64000,68000,65000,76000,74000
Q69ZX6,74000,70000,51000,78000,80000,76000,95000,90000
Q8C5W4,32000,28000,23000,32000,36000,33000,37000,37000
F7BJB9,110000,110000,120000,110000,120000,120000,110000,120000
P60762-2,84000,77000,66000,100000,94000,84000,110000,110000
P60762,81000,75000,64000,99000,91000,80000,110000,100000
Q9R0Q4,13000,11000,10000,20000,17000,15000,24000,20000
Q8VEL0,26000,25000,25000,29000,21000,21000,30000,29000
Q9CWP6,20000,21000,20000,19000,21000,20000,22000,23000
Q8BGG6,17000,15000,14000,18000,13000,12000,17000,17000
P23249,130000,130000,130000,130000,120000,130000,110000,100000
P56379,34000,35000,33000,32000,35000,35000,36000,34000
P63030,21000,20000,20000,20000,21000,19000,22000,21000
Q9D023,53000,54000,48000,57000,52000,53000,59000,60000
Q9R0Q9,56000,57000,55000,58000,54000,53000,54000,54000
Q04841,22000,21000,17000,24000,20000,20000,22000,21000
Q9D1Q1,110000,100000,110000,110000,110000,110000,130000,130000
Q3TYA6,51000,50000,24000,46000,58000,58000,70000,71000
A6H5Y1,29000,30000,27000,30000,30000,31000,31000,31000
Q924M7,70000,72000,73000,70000,63000,69000,63000,57000
Q3TV65,27000,25000,27000,23000,25000,24000,26000,24000
P11247,23000,26000,23000,28000,20000,21000,19000,19000
P70290,81000,82000,80000,80000,76000,76000,69000,68000
Q9JLB2,25000,27000,26000,25000,29000,28000,35000,35000
Q80XL7,31000,31000,29000,32000,28000,29000,25000,25000
Q5SWZ5,43000,44000,45000,43000,47000,45000,48000,49000
P97434,43000,44000,44000,43000,47000,44000,48000,49000
Q99J99,81000,81000,88000,78000,71000,74000,66000,67000
P19258,12000,13000,12000,11000,11000,12000,9900,11000
Q8VIK2,10000,11000,9900,9600,11000,10000,14000,13000
Q61216,87000,85000,63000,86000,84000,85000,90000,90000
Q9DAT2,65000,63000,56000,63000,62000,64000,63000,62000
Q9CQT1,160000,150000,170000,150000,150000,150000,140000,140000
Q99J25,32000,31000,28000,35000,35000,33000,31000,30000
E0CZ22,21000,22000,21000,21000,18000,18000,18000,17000
Q3TBW2,57000,59000,46000,64000,63000,61000,81000,81000
Q9CQF0,93000,91000,68000,100000,95000,92000,130000,130000
Q9D1P0,91000,95000,92000,93000,97000,97000,130000,130000
Q9D1I6,23000,23000,21000,41000,27000,25000,48000,47000
Q99N93,11000,12000,10000,15000,12000,12000,17000,16000
Q9D8P4,86000,80000,81000,88000,91000,88000,110000,110000
Q9D338,38000,38000,30000,41000,39000,36000,54000,51000
Q8BU88,48000,47000,41000,60000,55000,53000,79000,75000
Q9CQ06,79000,77000,62000,84000,84000,79000,110000,120000
Q99N92,22000,23000,18000,22000,23000,23000,28000,29000
Q9D1B9,53000,50000,41000,58000,55000,50000,71000,70000
Q921S7,87000,84000,84000,85000,88000,88000,100000,100000
Q8K2M0,90000,82000,80000,86000,92000,90000,100000,100000
Q9JKF7,120000,120000,120000,110000,120000,120000,160000,160000
Q9DCU6,32000,32000,29000,34000,36000,34000,41000,43000
Q9CPV3,9900,9800,9100,11000,13000,11000,12000,17000
Q9CY73,110000,100000,89000,100000,110000,110000,140000,140000
Q9D0Q7,53000,53000,46000,50000,53000,52000,69000,67000
Q9EQI8,22000,21000,23000,21000,22000,22000,26000,29000
Q8JZS9,37000,33000,27000,41000,42000,39000,55000,58000
Q9CQ40,76000,77000,82000,76000,80000,78000,97000,92000
Q8VDT9,29000,29000,32000,29000,31000,31000,37000,37000
Q9CPY1,41000,39000,35000,59000,51000,47000,73000,69000
Q9D1H8,78000,76000,82000,72000,79000,79000,100000,100000
Q9CZ83,13000,14000,12000,13000,12000,14000,18000,16000
Q99N94,25000,25000,23000,35000,29000,28000,43000,41000
Q80ZK0,58000,58000,60000,57000,61000,61000,74000,73000
Q9DCA2,33000,33000,19000,40000,30000,31000,47000,47000
Q9CR88,39000,41000,39000,56000,48000,46000,57000,59000
Q9DC71,55000,55000,42000,79000,78000,72000,110000,110000
Q9CPX7,38000,37000,32000,42000,39000,38000,57000,52000
Q9CQE3,44000,40000,38000,55000,53000,47000,64000,55000
Q99N85,46000,42000,35000,57000,52000,46000,78000,75000
Q924T2,50000,50000,51000,53000,56000,57000,62000,62000
P58059,8700,7700,8000,11000,11000,8600,17000,15000
Q9CXW2,120000,120000,130000,120000,130000,130000,170000,170000
Q8VE22,100000,100000,81000,100000,100000,100000,130000,130000
Q80ZS3,59000,57000,53000,57000,56000,57000,77000,73000
Q8BK72,82000,83000,85000,82000,89000,90000,100000,100000
Q9CY16,76000,79000,81000,77000,84000,86000,98000,99000
Q9D0G0,77000,77000,69000,84000,87000,81000,100000,97000
Q61733,81000,81000,52000,87000,83000,78000,110000,110000
Q9JIK9,79000,81000,74000,75000,83000,85000,100000,92000
Q8BJZ4,76000,70000,44000,82000,76000,72000,100000,110000
Q80X85,79000,74000,65000,93000,80000,73000,120000,110000
Q9D7N3,110000,100000,92000,110000,110000,110000,130000,130000
Q5NCE8,24000,24000,23000,20000,22000,21000,25000,24000
P19437,60000,62000,60000,58000,58000,58000,52000,47000
Q9ES61,98000,110000,84000,98000,96000,110000,96000,99000
Q9D3F6,100000,130000,88000,110000,100000,120000,100000,110000
Q99N09,8500,8600,8000,8200,9100,10000,10000,11000
Q6NZR2,32000,31000,36000,38000,40000,38000,39000,38000
P43247,140000,140000,150000,140000,140000,140000,140000,140000
A0A087WQ16,78000,78000,55000,82000,76000,77000,65000,68000
P13705,78000,77000,55000,82000,77000,77000,65000,69000
P54276,170000,160000,170000,160000,170000,170000,170000,180000
Q920Q6,95000,96000,90000,86000,94000,92000,100000,98000
Q6PDM1,21000,20000,10000,24000,17000,19000,20000,21000
Q69ZF8,33000,32000,21000,31000,32000,32000,31000,31000
Q9WVG9,34000,34000,29000,33000,33000,31000,32000,32000
P26041,1700000,1700000,1300000,1700000,1600000,1600000,1400000,1400000
Q9D6Y7,97000,99000,100000,96000,95000,96000,89000,90000
Q9JLC3,32000,21000,38000,29000,27000,30000,20000,22000
Q78J03,43000,44000,47000,41000,36000,40000,31000,31000
F8WHY8,140000,120000,76000,180000,130000,130000,190000,190000
Q8K4B0,140000,120000,76000,180000,130000,130000,190000,190000
Q9R190,150000,140000,78000,200000,140000,150000,220000,220000
Q3UII8,130000,130000,110000,140000,120000,120000,130000,130000
Q924K8,130000,130000,110000,140000,120000,120000,120000,130000
Q9CQ65,140000,140000,150000,140000,150000,150000,160000,160000
Q7JCY9,41000,40000,45000,53000,41000,42000,44000,40000
P03930,69000,69000,64000,88000,66000,69000,66000,64000
Q791T5,44000,45000,45000,48000,43000,43000,39000,39000
Q791V5,120000,120000,110000,130000,120000,120000,120000,120000
Q9MD68,98000,97000,110000,180000,85000,85000,55000,55000
P00405,65000,68000,62000,66000,67000,68000,63000,63000
P00416,13000,19000,20000,28000,23000,24000,20000,23000
P00158,11000,11000,14000,17000,10000,10000,9500,8600
Q8CHZ9,32000,33000,29000,35000,31000,29000,36000,37000
Q8BKY8,21000,21000,20000,21000,19000,20000,19000,19000
Q8BVN4,27000,26000,31000,25000,27000,27000,32000,31000
Q07243,13000,14000,7800,13000,17000,17000,21000,21000
Q9D799,21000,23000,22000,22000,25000,24000,30000,27000
Q9CWE0,26000,26000,25000,28000,24000,22000,24000,24000
Q8R2R6,17000,17000,12000,22000,18000,16000,23000,21000
A2AFK4,15000,15000,13000,17000,17000,17000,22000,23000
Q3V3R1,190000,180000,190000,180000,190000,190000,200000,200000
D3YZG8,72000,70000,79000,76000,95000,93000,98000,100000
Q9WU20,18000,20000,18000,18000,18000,19000,17000,18000
Q9D110,110000,110000,100000,110000,100000,100000,91000,90000
Q3URQ7,43000,42000,39000,43000,42000,42000,47000,45000
D3Z4L1,37000,33000,38000,35000,35000,36000,36000,37000
L7N466,110000,110000,100000,110000,100000,110000,88000,90000
Q91YJ5,89000,87000,40000,120000,86000,79000,99000,97000
Q9CZD5,57000,55000,48000,55000,59000,64000,56000,68000
Q9Z2C5,34000,35000,35000,33000,33000,33000,30000,30000
Q9Z2C4,110000,93000,110000,98000,100000,110000,98000,97000
Q7TPM9,24000,24000,23000,26000,23000,24000,24000,23000
Q80TA6,72000,72000,67000,68000,70000,69000,64000,62000
Q9Z2D1,32000,28000,32000,30000,32000,33000,26000,28000
Q8K296,80000,80000,86000,78000,82000,84000,86000,86000
B1ATD4,80000,80000,86000,78000,82000,84000,86000,86000
Q91XS1,82000,71000,74000,74000,80000,78000,79000,80000
Q8VE11,47000,45000,48000,47000,45000,47000,48000,48000
Q9Z2D0,41000,39000,35000,38000,39000,38000,40000,38000
P03893,26000,31000,44000,60000,36000,35000,38000,40000
Q7JCY6,24000,38000,38000,49000,33000,19000,26000,39000
P03921,28000,29000,28000,30000,26000,27000,26000,26000
Q923Z3,48000,50000,49000,50000,48000,49000,51000,51000
Q9JLN9,56000,55000,57000,53000,58000,55000,69000,69000
Q9D0D3,70000,63000,64000,72000,72000,72000,77000,80000
P62774,180000,180000,190000,160000,180000,180000,170000,170000
A6H5Y3,76000,75000,81000,72000,76000,77000,77000,78000
Q8BJU9,14000,15000,12000,16000,14000,14000,17000,15000
Q8R1S4,36000,37000,28000,35000,32000,34000,31000,32000
O08601,31000,32000,33000,31000,30000,30000,27000,27000
Q8CGA4,51000,49000,53000,46000,43000,46000,39000,37000
Q5HZI1,31000,35000,29000,27000,33000,34000,30000,27000
G3UXB5,33000,34000,36000,34000,40000,39000,46000,45000
F7C846,90000,88000,89000,91000,100000,100000,130000,120000
P47802,89000,87000,89000,91000,100000,100000,130000,130000
O88441,30000,32000,33000,29000,30000,32000,33000,34000
Q6DID5,53000,45000,37000,73000,43000,41000,46000,43000
Q91ZJ0,25000,25000,21000,25000,23000,21000,24000,20000
P16332,100000,100000,100000,100000,96000,96000,91000,88000
Q78HU3,28000,30000,22000,29000,27000,28000,32000,31000
Q6KAU4,7000,7200,6400,5300,6100,6000,5100,5600
Q99JF5,73000,70000,77000,70000,71000,72000,78000,75000
Q9R008,39000,39000,37000,37000,35000,35000,35000,33000
Q9EQK5,110000,100000,110000,100000,120000,120000,130000,130000
O35682,6400,5100,5900,6400,5100,4600,3900,3700
Q9EQS3,150000,140000,160000,140000,140000,150000,150000,150000
Q7TPH6,100000,99000,47000,99000,97000,92000,110000,100000
P22366,89000,96000,85000,99000,100000,110000,100000,110000
Q8C854,110000,110000,110000,110000,110000,110000,100000,100000
Q9JK81,120000,120000,130000,120000,120000,120000,130000,140000
Q61879,350000,350000,350000,340000,350000,350000,310000,310000
O08638,360000,350000,360000,350000,350000,350000,300000,300000
Q6URW6,350000,360000,350000,340000,350000,360000,300000,300000
E9Q264,17000,17000,14000,16000,17000,18000,15000,15000
G3UW82,21000,19000,21000,19000,25000,22000,20000,20000
Q02566,32000,50000,40000,40000,37000,35000,33000,33000
Q91Z83,30000,50000,39000,41000,34000,33000,32000,32000
Q8VDD5,1300000,1300000,1300000,1200000,1300000,1300000,1100000,1100000
Q6ZWQ9,270000,280000,220000,250000,260000,270000,240000,240000
Q3THE2,270000,280000,220000,260000,260000,270000,240000,240000
Q60605-2,200000,190000,220000,190000,200000,210000,180000,180000
Q60605,200000,190000,220000,190000,200000,200000,180000,180000
Q8CI43,120000,130000,140000,120000,130000,140000,120000,120000
Q8VCR8,8000,9200,7500,9000,9000,8800,9600,9400
F8VQB6,66000,57000,87000,89000,87000,88000,89000,85000
Q9JMH9,150000,150000,150000,140000,140000,140000,120000,120000
K3W4L0,150000,150000,150000,140000,140000,140000,120000,120000
Q5SV80,29000,30000,37000,29000,29000,28000,23000,21000
Q5SYD0,130000,130000,120000,120000,120000,130000,130000,120000
E9Q634,24000,24000,14000,32000,24000,25000,28000,26000
Q8CG29,37000,37000,24000,47000,34000,35000,36000,34000
P70248,40000,40000,27000,51000,37000,38000,39000,37000
Q5SUA5,180000,180000,170000,170000,170000,170000,150000,140000
Q99104,55000,53000,54000,52000,62000,61000,78000,77000
D3Z4J3,54000,53000,53000,52000,62000,60000,79000,79000
E9Q1F5,23000,23000,20000,21000,26000,22000,31000,28000
Q64331,20000,20000,20000,20000,22000,21000,22000,19000
E9PZW8,110000,110000,80000,100000,110000,100000,100000,98000
Q9QY06,110000,110000,81000,100000,110000,100000,99000,98000
Q69Z66,51000,49000,41000,51000,48000,49000,46000,46000
Q9D8I1,75000,67000,87000,76000,69000,76000,62000,61000
Q8BUR9,16000,15000,17000,15000,13000,15000,15000,13000
Q9CQ25,14000,13000,11000,14000,11000,12000,11000,12000
F8VQG7,120000,110000,75000,120000,110000,110000,110000,110000
Q3V2Q8,110000,78000,98000,100000,95000,110000,81000,83000
Q8JZS6,110000,100000,130000,110000,110000,110000,120000,120000
Q6SKR2,47000,49000,45000,44000,47000,47000,49000,49000
Q9CY45,44000,46000,50000,44000,50000,49000,56000,60000
P04212,100000,100000,97000,86000,74000,86000,88000,85000
P18528,32000,29000,24000,28000,25000,25000,25000,27000
Q8WUR0,22000,23000,19000,25000,19000,19000,16000,15000
P01670,9600,10000,10000,9600,8600,8800,7200,6600
P01741,10000,9200,12000,9400,8300,8200,7100,6400
P04945,24000,21000,23000,22000,17000,19000,20000,18000
Q8BR90-2,44000,41000,46000,38000,36000,35000,37000,35000
Q9CRC3,73000,70000,61000,66000,67000,64000,61000,58000
Q8C708,15000,17000,14000,14000,13000,15000,15000,15000
P06320,32000,31000,30000,27000,25000,26000,29000,32000
A6H630,91000,92000,97000,86000,82000,86000,72000,72000
Q8K2W9,6300,6100,5400,5600,5900,5600,5600,5300
P01662,15000,17000,17000,17000,15000,14000,13000,12000
Q9D1I2,71000,67000,72000,71000,64000,65000,54000,52000
Q8BZR9-2,92000,93000,85000,78000,88000,92000,83000,82000
Q8VDP2,130000,120000,87000,120000,110000,120000,130000,120000
Q91V76,27000,26000,28000,27000,25000,26000,21000,21000
Q3TYS2,150000,150000,160000,170000,140000,150000,130000,130000
P06330,36000,31000,40000,34000,31000,24000,33000,28000
Q3UPC7,40000,39000,39000,38000,36000,39000,36000,35000
Q8VE95,66000,64000,73000,66000,59000,59000,58000,53000
Q8BZR9,160000,160000,160000,150000,150000,160000,140000,140000
Q6PIU9,70000,71000,74000,67000,69000,70000,61000,61000
Q6PD19-2,47000,48000,51000,46000,43000,43000,43000,46000
Q6PD19,48000,49000,53000,48000,44000,44000,44000,46000
Q3UNZ8,15000,15000,17000,14000,14000,15000,13000,14000
Q91W34,16000,15000,16000,16000,16000,15000,14000,14000
Q8CFE2,130000,130000,110000,130000,130000,120000,130000,130000
P04214,57000,55000,52000,53000,55000,57000,52000,55000
P01634,32000,29000,34000,29000,28000,28000,31000,26000
Q8BHN7,38000,37000,31000,35000,31000,35000,44000,45000
Q9D6W8,44000,49000,48000,47000,47000,45000,46000,42000
Q9CQ90,19000,19000,17000,20000,17000,18000,19000,18000
Q8K039,50000,50000,47000,52000,48000,52000,48000,48000
Q05AH6-2,12000,13000,12000,12000,14000,13000,12000,11000
Q8CAK3-2,22000,22000,23000,21000,22000,21000,22000,21000
Q8K2T4,41000,41000,49000,40000,36000,38000,40000,40000
Q922M7,18000,18000,16000,17000,17000,17000,20000,18000
Q8BVA5,83000,74000,84000,77000,76000,80000,79000,75000
Q8BVA5-2,74000,66000,74000,68000,68000,71000,70000,66000
P01735,52000,54000,50000,48000,52000,54000,60000,55000
Q8K0Y7,25000,26000,27000,25000,27000,26000,25000,25000
Q149G0,38000,38000,38000,38000,39000,38000,36000,40000
Q3TEI4-2,19000,18000,18000,16000,21000,22000,19000,19000
Q80X32,81000,78000,58000,78000,85000,86000,89000,91000
A0A087WPQ5,96000,94000,82000,91000,97000,96000,100000,110000
Q9D735,120000,110000,93000,130000,110000,110000,120000,120000
Q3TEI4,17000,17000,17000,16000,19000,19000,19000,19000
Q9CQE8,140000,140000,150000,130000,140000,140000,150000,150000
Q8C5K5,70000,71000,84000,65000,69000,70000,75000,76000
Q8C5K5-2,59000,62000,75000,55000,60000,62000,63000,63000
Q6NV72,12000,12000,12000,11000,13000,13000,14000,10000
Q8BHE8,95000,95000,100000,110000,97000,93000,93000,96000
Q9D7E4,18000,17000,16000,16000,20000,18000,22000,20000
P01643,15000,16000,16000,17000,16000,17000,16000,16000
Q8BHG2,120000,110000,130000,110000,120000,130000,110000,120000
Q9CQT9,24000,23000,21000,23000,23000,26000,30000,28000
Q0VG49,15000,16000,23000,16000,16000,17000,15000,15000
Q9CRC6,60000,65000,69000,67000,66000,70000,63000,66000
Q3TTL0,42000,45000,46000,45000,46000,48000,45000,49000
Q8C3W1,10000,10000,11000,9400,12000,12000,11000,11000
Q3UY34,50000,51000,55000,47000,51000,51000,63000,61000
P03987,16000,14000,15000,17000,18000,15000,17000,17000
Q9CRW3,13000,15000,12000,13000,16000,16000,17000,17000
Q3TQI7,110000,110000,120000,110000,120000,120000,140000,140000
Q9CR13,14000,13000,13000,19000,14000,15000,14000,15000
Q8BGA7,32000,32000,31000,37000,36000,36000,37000,37000
Q8BGX2,37000,33000,39000,37000,40000,38000,42000,41000
Q80VP5,31000,27000,28000,30000,35000,33000,34000,36000
Q80UY1,47000,48000,46000,45000,53000,50000,65000,66000
Q9CQF4,54000,52000,48000,58000,57000,55000,73000,75000
Q5EBG8,20000,20000,21000,19000,23000,22000,26000,28000
Q499E6,29000,29000,34000,29000,32000,30000,41000,40000
Q3USZ8,8800,8300,8500,9100,11000,9000,12000,11000
Q8BGC1,14000,12000,13000,13000,16000,15000,16000,18000
Q80WR5,20000,16000,16000,24000,22000,22000,22000,23000
A2AG58-2,91000,85000,74000,97000,110000,110000,130000,130000
P0C8B4,8700,9100,28000,23000,7100,8700,9100,7700
P10404,32000,32000,36000,38000,48000,43000,49000,47000
Q8CES0,72000,71000,75000,72000,88000,83000,93000,94000
Q6PHQ8,86000,86000,80000,83000,98000,94000,120000,120000
Q9D2U5,31000,26000,31000,29000,31000,36000,45000,58000
Q8VE10,46000,42000,33000,48000,49000,47000,55000,56000
Q9D7V9,36000,37000,36000,34000,33000,34000,31000,32000
Q61122,47000,47000,52000,49000,59000,57000,60000,59000
A0A087WSU4,43000,43000,48000,44000,54000,53000,55000,54000
Q8C5H8,73000,74000,79000,72000,72000,72000,70000,66000
Q711T7,40000,40000,40000,35000,36000,36000,34000,34000
Q8VBW6,86000,86000,94000,83000,85000,87000,90000,93000
Q9QWR8,120000,120000,130000,110000,110000,120000,90000,87000
Q9QZ08,24000,24000,25000,23000,23000,23000,21000,20000
O88325,90000,92000,82000,83000,83000,85000,75000,73000
Q8BJ48,26000,26000,28000,25000,30000,28000,38000,37000
Q9QUK4,18000,18000,18000,19000,19000,18000,18000,17000
Q9JIB3,16000,16000,16000,16000,17000,17000,19000,18000
Q99KQ4,130000,120000,120000,120000,150000,150000,180000,180000
Q9CPT3,54000,57000,57000,51000,58000,59000,56000,57000
Q99J77,190000,190000,200000,180000,190000,190000,170000,160000
Q562D6,10000,11000,10000,10000,11000,10000,12000,12000
Q78ZA7,130000,130000,140000,130000,150000,150000,150000,160000
Q9DB05,110000,110000,110000,110000,120000,120000,130000,140000
P28663,49000,51000,53000,51000,56000,55000,62000,65000
Q9CWZ7,140000,140000,150000,130000,130000,130000,120000,130000
O09043,44000,42000,52000,43000,37000,42000,35000,31000
Q9CYQ7,49000,48000,55000,53000,42000,46000,45000,45000
Q7TMW6,62000,59000,63000,59000,61000,62000,64000,64000
Q8BGV0,74000,72000,71000,71000,75000,77000,81000,82000
Q99MD9,160000,160000,190000,160000,190000,190000,230000,230000
B1AU75,160000,160000,190000,160000,190000,190000,230000,230000
P50295,110000,110000,110000,110000,100000,100000,82000,81000
Q3UG98,18000,17000,15000,17000,16000,17000,22000,22000
E9Q411,74000,72000,80000,71000,72000,71000,77000,76000
Q9EPN1,43000,44000,44000,42000,43000,44000,47000,45000
Q6ZQA0,70000,70000,72000,69000,64000,63000,68000,67000
Q9R207,67000,68000,62000,67000,74000,74000,78000,78000
P13595,19000,53000,76000,47000,31000,11000,17000,16000
P55066,68000,43000,160000,130000,89000,89000,120000,100000
Q8K2Z4,99000,98000,90000,100000,87000,86000,97000,94000
Q6ZQK0,34000,35000,33000,35000,35000,36000,46000,43000
E9PWG6,39000,41000,31000,40000,35000,34000,36000,36000
Q6DFV1,30000,29000,33000,30000,28000,28000,31000,31000
Q8C156,26000,27000,28000,26000,24000,25000,28000,30000
Q8BSP2,23000,23000,24000,22000,24000,23000,25000,24000
Q3UYV9,150000,150000,160000,150000,160000,150000,160000,160000
Q9CQ49,95000,86000,100000,90000,91000,92000,85000,90000
Q8BLF1,91000,85000,98000,87000,87000,86000,86000,84000
Q09014,38000,37000,31000,41000,36000,37000,39000,36000
P97369,62000,61000,57000,65000,49000,47000,42000,41000
Q99M51,120000,120000,110000,110000,120000,120000,120000,110000
O55033,91000,90000,80000,82000,87000,87000,84000,86000
P28660,40000,39000,38000,37000,43000,41000,40000,40000
Q8K1X4,160000,150000,150000,150000,160000,160000,140000,140000
Q6GQX2,60000,61000,36000,62000,65000,65000,67000,66000
Q9ESJ4,26000,27000,26000,26000,23000,25000,28000,27000
P70365,44000,47000,51000,45000,42000,41000,37000,37000
Q61026,81000,83000,91000,81000,82000,81000,74000,73000
O09000,82000,81000,91000,85000,110000,110000,120000,120000
Q05BA5,82000,81000,90000,84000,110000,110000,120000,120000
B7ZC24,100000,98000,100000,99000,110000,110000,110000,110000
Q91W39,130000,130000,140000,130000,140000,140000,140000,160000
Q9JL19,72000,74000,40000,66000,64000,64000,67000,65000
Q5XJV5,71000,73000,44000,66000,64000,65000,66000,65000
Q6DFV7,36000,37000,28000,35000,34000,35000,33000,32000
F6TRR6,22000,24000,22000,23000,22000,23000,18000,19000
E9Q2B2,100000,100000,98000,100000,100000,100000,96000,97000
Q60974,100000,100000,98000,100000,100000,100000,95000,97000
Q9WU42,76000,77000,68000,74000,86000,85000,82000,83000
F8VQL9,76000,76000,69000,75000,87000,84000,82000,84000
P57716,60000,61000,57000,70000,72000,70000,78000,90000
Q8VCB1,82000,75000,89000,72000,80000,77000,87000,84000
Q9CZA6,66000,69000,76000,68000,91000,85000,96000,98000
Q9ERR1,62000,63000,71000,61000,87000,83000,87000,86000
Q9CPR8,89000,90000,86000,84000,86000,89000,80000,80000
A2AI05,14000,13000,12000,16000,17000,17000,20000,21000
Q62433,51000,53000,52000,50000,59000,59000,59000,57000
E9PZC7,22000,23000,22000,22000,33000,33000,29000,32000
Q9QYG0,29000,29000,31000,27000,27000,27000,26000,23000
Q9QYF9,95000,97000,100000,89000,90000,91000,87000,85000
Q3UHN9,16000,18000,16000,16000,19000,17000,20000,21000
O35683,69000,68000,59000,67000,65000,65000,67000,63000
Q99LC3,170000,160000,180000,160000,160000,160000,160000,160000
Q9D8B4,66000,65000,64000,56000,61000,64000,55000,58000
Q7TMF3,92000,99000,91000,100000,89000,91000,79000,70000
Q9ERS2,140000,140000,120000,140000,130000,130000,130000,130000
Q9CQ75,160000,160000,160000,150000,150000,160000,150000,150000
Q9CQ91,120000,120000,120000,110000,120000,120000,120000,110000
Q62425,200000,210000,190000,220000,200000,210000,180000,170000
Q9CPP6,170000,160000,190000,150000,160000,150000,150000,150000
Q9CQZ5,150000,150000,120000,150000,150000,150000,170000,170000
Q9Z1P6,110000,120000,91000,120000,110000,110000,110000,110000
Q9DCJ5,110000,110000,110000,110000,110000,110000,110000,110000
Q9DC69,140000,140000,140000,150000,140000,140000,130000,130000
Q9CR21,71000,73000,71000,72000,76000,78000,84000,85000
Q9CWX2,82000,82000,87000,81000,86000,84000,94000,95000
Q59J78,87000,84000,94000,85000,110000,100000,120000,130000
Q9JKL4,17000,17000,17000,16000,14000,15000,15000,14000
Q9D1H6,86000,84000,86000,84000,86000,87000,82000,79000
A2APY7,29000,30000,28000,29000,31000,30000,30000,30000
A2AIL4,39000,45000,37000,38000,44000,44000,58000,53000
Q9CWG8,79000,80000,86000,77000,77000,76000,80000,84000
Q9DCS9,57000,58000,52000,54000,55000,56000,55000,54000
O09111,80000,83000,74000,79000,80000,82000,83000,86000
Q9CPU2,37000,36000,31000,37000,33000,34000,35000,36000
Q9CQZ6,70000,72000,70000,62000,66000,69000,62000,64000
Q9CQC7,99000,97000,93000,100000,100000,100000,100000,95000
Q9CQH3,130000,130000,120000,130000,130000,140000,140000,130000
Q3UIU2,79000,80000,69000,80000,76000,78000,74000,72000
Q9CR61,48000,48000,46000,54000,52000,50000,56000,55000
Q9D6J5,91000,92000,89000,87000,89000,90000,86000,80000
Q9CQJ8,94000,98000,90000,95000,95000,96000,90000,87000
Q9CQ54,84000,84000,83000,87000,84000,84000,86000,78000
A0A087WSU3,110000,110000,110000,100000,97000,110000,100000,110000
Q91VD9,170000,180000,180000,170000,170000,180000,170000,180000
Q91WD5,100000,110000,110000,100000,100000,100000,100000,97000
Q9DCT2,110000,100000,110000,100000,100000,110000,100000,100000
Q9CXZ1,180000,170000,120000,200000,160000,160000,180000,170000
Q99LY9,71000,71000,65000,70000,71000,72000,71000,70000
P52503,57000,58000,63000,55000,58000,60000,60000,58000
Q9DC70,130000,130000,120000,140000,130000,130000,120000,120000
Q8K3J1,130000,130000,130000,120000,120000,120000,110000,110000
D3YUM1,180000,180000,160000,170000,170000,170000,170000,170000
Q91YT0,180000,180000,160000,170000,170000,180000,170000,170000
Q9D6J6,140000,130000,160000,130000,140000,140000,140000,140000
Q3U422,63000,62000,61000,61000,59000,63000,54000,55000
Q8BK30,16000,17000,18000,16000,15000,17000,16000,17000
E9Q1W3,72000,66000,58000,60000,72000,73000,69000,62000
Q9DC07,30000,25000,32000,32000,29000,29000,27000,26000
Q9CR95,36000,33000,37000,37000,49000,46000,49000,52000
Q9D1J1,98000,90000,100000,90000,99000,100000,86000,88000
P33215,85000,88000,74000,79000,90000,87000,95000,92000
P46935,40000,39000,39000,39000,34000,35000,32000,30000
Q8CFI0,55000,54000,53000,53000,51000,50000,45000,42000
P29595,130000,130000,130000,130000,140000,140000,150000,160000
O35177,51000,51000,52000,48000,55000,54000,59000,60000
Q8K4Q6,18000,17000,13000,18000,17000,16000,18000,17000
Q6R2P8,8900,8600,7900,9000,8600,7300,7400,7700
Q8K203,65000,42000,100000,110000,81000,85000,130000,110000
P51954,46000,44000,43000,43000,39000,39000,42000,42000
Q9R0A5,58000,59000,55000,57000,56000,57000,55000,54000
Q9Z1J2,12000,13000,11000,11000,13000,12000,14000,15000
Q9ES74,120000,120000,110000,120000,110000,110000,110000,110000
Q8K1R7,120000,120000,130000,120000,120000,120000,110000,120000
Q8BG30,100000,100000,63000,110000,94000,91000,110000,99000
Q8C4Y3,90000,84000,98000,82000,85000,80000,89000,79000
Q922L6,78000,80000,82000,75000,75000,75000,76000,77000
P19426,84000,80000,62000,74000,82000,82000,96000,96000
O35657,36000,36000,39000,36000,40000,39000,45000,45000
Q9JMH7,61000,55000,51000,49000,40000,46000,43000,40000
Q7TPW1,8600,7500,8000,7800,9500,8200,5500,5600
Q04690,10000,11000,9900,11000,12000,12000,14000,16000
P46662,20000,21000,18000,19000,23000,20000,23000,22000
B5B2N2,83000,85000,85000,87000,110000,100000,120000,130000
O88942,82000,83000,84000,87000,110000,110000,120000,130000
Q60591,78000,76000,84000,77000,70000,71000,58000,62000
O09130,95000,85000,87000,93000,87000,88000,69000,68000
P97305,72000,71000,83000,74000,72000,71000,63000,65000
Q02780,49000,50000,38000,42000,42000,46000,34000,33000
B1AUB8,50000,53000,43000,51000,49000,52000,41000,38000
P70255,70000,71000,64000,64000,58000,58000,48000,47000
P70257,71000,70000,78000,94000,76000,76000,68000,67000
O54910,48000,46000,50000,47000,44000,45000,43000,49000
Q6PIJ4,89000,87000,48000,91000,91000,87000,94000,94000
Q9Z1J3,120000,110000,100000,120000,110000,110000,120000,120000
D3Z285,110000,110000,120000,100000,110000,110000,120000,130000
Q9QZ23,97000,98000,110000,96000,100000,100000,120000,120000
P23708,17000,17000,12000,17000,16000,16000,18000,15000
P63139,140000,130000,160000,130000,140000,140000,110000,120000
P70353,120000,120000,130000,110000,110000,120000,95000,97000
Q9JI78,110000,100000,110000,110000,100000,100000,81000,81000
Q8BZW8,110000,100000,110000,100000,110000,110000,110000,110000
Q8CCH2,15000,14000,14000,15000,15000,16000,16000,15000
Q9CRB2,93000,89000,84000,87000,97000,100000,110000,120000
Q9D0T1,150000,150000,150000,140000,160000,160000,160000,170000
B1AXH1,4000,3800,3600,3300,3800,3200,3500,3200
Q9EQ80,110000,110000,120000,120000,120000,120000,130000,130000
Q61043,70000,73000,74000,68000,65000,67000,53000,52000
E9Q4S3,78000,80000,81000,76000,72000,75000,58000,58000
Q8BGN5,6400,7600,6200,7200,5700,6300,5600,5800
Q6KCD5,96000,84000,53000,86000,95000,93000,83000,84000
O55125,120000,110000,110000,110000,110000,120000,110000,120000
Q9CQE1,86000,120000,87000,110000,93000,98000,96000,78000
Q80TM9,86000,89000,85000,79000,90000,91000,96000,96000
Q8VDK1,63000,61000,53000,53000,58000,57000,58000,57000
Q9JHW2,160000,160000,170000,160000,150000,160000,150000,140000
Q9D0F4,15000,15000,16000,14000,16000,15000,17000,17000
Q9CR56,49000,49000,47000,47000,50000,50000,49000,48000
P30415,41000,43000,45000,40000,42000,41000,43000,44000
O54949,25000,25000,24000,22000,23000,23000,20000,21000
Q91YP2,84000,85000,85000,77000,86000,84000,100000,100000
Q5DU56,28000,29000,29000,29000,26000,25000,23000,23000
C3VPR6,44000,46000,45000,42000,48000,47000,46000,45000
Q3TL44,47000,47000,49000,47000,44000,44000,38000,38000
Q9WV85,76000,77000,73000,74000,74000,70000,62000,58000
Q9WV84,47000,45000,53000,47000,44000,45000,44000,41000
O88425,18000,19000,18000,19000,20000,19000,25000,26000
Q9QXL8,58000,62000,55000,61000,53000,58000,60000,63000
Q8BUH2,58000,61000,57000,61000,54000,58000,60000,62000
O35309,110000,120000,130000,110000,110000,120000,110000,110000
Q99JR6,27000,27000,27000,25000,26000,26000,27000,27000
Q8K2T1,100000,100000,110000,98000,93000,97000,95000,92000
Q91W63,21000,24000,28000,22000,20000,20000,17000,14000
Q9JJF3,37000,38000,36000,35000,40000,39000,48000,47000
Q99K48,260000,260000,250000,260000,270000,270000,260000,270000
Q9CQS2,32000,32000,30000,34000,34000,33000,35000,34000
Q9D6Z1,130000,140000,97000,160000,180000,170000,190000,190000
Q6DFW4,130000,140000,100000,140000,160000,170000,200000,210000
Q8BMC4,73000,68000,57000,78000,76000,71000,93000,95000
Q9D6T0,92000,92000,94000,90000,96000,95000,120000,130000
O35604,56000,54000,55000,58000,51000,53000,49000,47000
Q6T3U4,24000,25000,27000,23000,21000,22000,18000,19000
Q9Z0J0,110000,110000,99000,120000,110000,120000,110000,120000
Q6NSR8,170000,170000,170000,160000,160000,160000,150000,160000
Q11011,170000,160000,170000,160000,160000,170000,160000,160000
Q9DCJ9,30000,32000,31000,30000,26000,27000,25000,24000
P60670,130000,120000,120000,120000,130000,130000,140000,140000
Q9CPP0,77000,79000,82000,78000,87000,87000,100000,100000
Q9WUE4,44000,46000,43000,45000,51000,51000,50000,54000
Q9JI75,78000,79000,81000,77000,70000,71000,58000,55000
Q505F1,12000,13000,11000,13000,13000,13000,16000,16000
P49117,85000,85000,42000,82000,74000,76000,64000,60000
Q3TV70,51000,47000,65000,55000,57000,56000,61000,63000
P06537,140000,130000,110000,130000,130000,130000,100000,100000
P08556,100000,99000,91000,96000,110000,110000,110000,110000
Q8VCQ3,55000,54000,56000,53000,58000,59000,60000,60000
Q99J45,100000,110000,100000,94000,98000,100000,100000,100000
Q8BHG1,130000,130000,140000,120000,140000,140000,170000,170000
Q80XC6,64000,61000,61000,60000,58000,59000,56000,54000
Q9WU00,130000,110000,120000,120000,120000,120000,97000,100000
Q99K73,140000,130000,120000,130000,130000,140000,130000,130000
F6XZB0,10000,9000,10000,9500,9700,11000,10000,9000
P60761,20000,19000,17000,21000,15000,16000,12000,13000
Q8CBD1,15000,17000,14000,16000,20000,19000,20000,19000
Q8VC65,68000,65000,68000,74000,54000,61000,56000,55000
Q9R1J0,66000,64000,66000,64000,66000,66000,74000,77000
P46460,180000,180000,180000,170000,180000,180000,170000,170000
Q9CZ44,150000,150000,170000,150000,170000,170000,180000,180000
O35242,33000,31000,34000,31000,30000,31000,31000,32000
Q9D720,69000,66000,67000,65000,64000,64000,62000,63000
Q91VT1,58000,59000,50000,61000,55000,55000,57000,56000
G3XA30,82000,85000,88000,78000,82000,86000,78000,79000
Q5NCR9,87000,83000,78000,84000,91000,92000,91000,94000
Q9CZ57,59000,60000,62000,60000,62000,60000,78000,76000
Q7TS68,27000,27000,29000,27000,31000,30000,30000,30000
Q9JM14,140000,140000,150000,130000,130000,130000,110000,110000
Q3V1L4,85000,86000,87000,86000,91000,87000,100000,99000
Q9D020,93000,93000,99000,87000,91000,91000,92000,91000
Q9D020-1,93000,93000,98000,87000,91000,91000,91000,90000
Q3UFY7,140000,140000,140000,130000,130000,140000,130000,130000
Q8C5P5,120000,110000,120000,110000,110000,110000,120000,120000
Q91X76,15000,16000,15000,15000,15000,15000,21000,20000
Q61503,23000,24000,19000,22000,23000,24000,23000,23000
Q8VCE6,48000,50000,46000,47000,45000,48000,44000,41000
Q64311,93000,91000,97000,84000,87000,87000,85000,83000
Q9CQA9,76000,78000,74000,72000,69000,72000,64000,64000
P54729,120000,120000,100000,120000,110000,120000,110000,110000
Q9R061,82000,81000,85000,76000,90000,90000,120000,120000
Q9CWD8,100000,96000,98000,97000,96000,100000,96000,100000
Q02819,130000,120000,140000,120000,140000,140000,180000,180000
P81117,21000,22000,25000,22000,21000,21000,18000,19000
Q80XU3,220000,170000,250000,200000,200000,210000,160000,160000
Q6PIP5,89000,88000,92000,85000,94000,95000,110000,110000
Q9CQ48,110000,110000,120000,98000,110000,110000,140000,140000
Q8JZU0,44000,44000,47000,41000,40000,42000,37000,36000
Q9D142,15000,17000,15000,15000,15000,16000,13000,13000
Q8BG93,32000,32000,31000,29000,30000,31000,26000,26000
Q6P3D0,78000,79000,81000,76000,75000,75000,66000,64000
Q8VHN8,140000,140000,130000,140000,130000,130000,130000,120000
Q3U2V3,37000,37000,37000,35000,35000,35000,31000,30000
P11930,8800,9200,8400,9000,9900,9500,11000,11000
P56380,33000,32000,34000,31000,31000,31000,34000,34000
Q9CQF3,190000,180000,190000,180000,190000,190000,180000,180000
Q9JI46,110000,110000,120000,100000,110000,110000,97000,110000
Q8CH40,17000,17000,18000,17000,15000,16000,14000,14000
Q9CR24,22000,22000,25000,23000,22000,22000,20000,19000
E9Q7G0,210000,200000,110000,190000,190000,190000,170000,170000
F6ZQA3,190000,180000,96000,170000,170000,180000,150000,150000
Q9QZS3,67000,69000,57000,63000,65000,65000,60000,58000
Q8BH74,160000,160000,170000,160000,170000,170000,180000,170000
Q8R0G9,170000,170000,180000,170000,180000,180000,200000,200000
E9Q3G8,190000,180000,78000,200000,160000,170000,190000,190000
Q99P88,140000,140000,150000,140000,150000,140000,160000,160000
Q9Z0W3,120000,120000,120000,110000,120000,120000,130000,130000
Q6ZQH8,110000,110000,110000,110000,130000,130000,150000,150000
B9EJ54,140000,130000,140000,130000,140000,140000,150000,150000
Q9QY81,160000,160000,170000,160000,160000,160000,150000,150000
Q80U93,130000,130000,120000,120000,140000,140000,150000,150000
Q8R4R6,110000,110000,110000,100000,100000,110000,110000,110000
Q9CWU9,150000,150000,170000,150000,140000,150000,150000,140000
P59235,77000,79000,85000,73000,81000,82000,93000,84000
Q9JIH2,140000,140000,150000,130000,150000,150000,170000,170000
Q8BTS4,120000,120000,130000,120000,130000,130000,130000,130000
Q63850,94000,96000,110000,91000,100000,100000,110000,110000
Q8R480,120000,120000,130000,120000,120000,120000,130000,120000
Q8CEC0,120000,110000,120000,120000,120000,120000,130000,130000
Q8BJ71,160000,150000,180000,150000,170000,170000,190000,190000
Q6PFD9,130000,130000,140000,130000,160000,150000,160000,170000
Q8R332,71000,72000,68000,69000,79000,80000,80000,81000
Q8CIC2,83000,85000,86000,86000,80000,83000,92000,86000
P61971,150000,160000,150000,140000,150000,150000,160000,150000
Q99JX7,180000,170000,140000,190000,190000,190000,190000,190000
P97346,42000,45000,46000,40000,46000,45000,59000,60000
B9EKK6,28000,28000,27000,26000,27000,29000,32000,31000
Q3UNA4,5200,6200,6400,4700,6300,5500,5500,5700
Q8R5F3,130000,120000,110000,120000,110000,110000,94000,93000
P11928,77000,76000,71000,73000,69000,74000,64000,62000
Q8VI93,73000,69000,69000,77000,71000,70000,63000,61000
Q8VI94,34000,34000,32000,33000,34000,33000,33000,33000
Q9Z2F2,25000,25000,22000,25000,22000,29000,23000,26000
P29758,120000,120000,130000,120000,140000,140000,170000,160000
Q8K2X3,130000,130000,150000,120000,120000,120000,120000,110000
Q9CRD0,76000,80000,79000,80000,91000,88000,100000,110000
Q6NVF0,9300,9600,8400,8800,9800,9600,11000,12000
A3KGV9,53000,56000,47000,51000,58000,56000,57000,55000
F6Y325,28000,31000,25000,29000,30000,30000,32000,30000
A3KGV1,54000,50000,47000,50000,58000,58000,54000,56000
Q4PJX1,39000,38000,42000,40000,40000,39000,41000,39000
Q80Z25,59000,60000,63000,56000,57000,58000,60000,60000
Q60597,160000,160000,160000,150000,160000,160000,160000,170000
Q3U0K8,72000,75000,80000,69000,83000,80000,100000,110000
Q99PG2,110000,100000,110000,100000,120000,120000,120000,130000
O08760,33000,32000,28000,36000,32000,31000,31000,31000
Q8CGY8,120000,120000,120000,110000,140000,140000,170000,170000
Q9CZ30,160000,150000,120000,150000,160000,160000,200000,190000
Q9JHB2,15000,15000,13000,13000,15000,16000,16000,14000
Q8VGY7,31000,33000,14000,31000,24000,26000,24000,28000
Q9D8H7,38000,40000,38000,38000,35000,35000,38000,36000
P58281,120000,120000,130000,120000,120000,120000,120000,120000
P58281-2,120000,120000,130000,120000,120000,120000,120000,120000
Q9Z1N2,16000,19000,16000,20000,14000,14000,22000,23000
Q60862,25000,25000,18000,25000,26000,24000,36000,34000
Q9WUV0,38000,38000,39000,38000,37000,35000,50000,47000
D3Z0X3,38000,37000,37000,38000,36000,37000,52000,49000
Q9ERY9,64000,58000,59000,62000,47000,44000,65000,60000
Q921I0,17000,20000,18000,17000,17000,18000,20000,20000
Q3B7Z2,93000,90000,90000,85000,89000,91000,82000,83000
Q8CI95,64000,65000,69000,65000,67000,68000,66000,66000
Q8BX94,70000,71000,72000,70000,71000,76000,74000,77000
Q9DBS9,14000,14000,15000,14000,13000,13000,12000,12000
Q9ER64,25000,25000,25000,25000,23000,23000,20000,19000
A2A716,45000,46000,46000,46000,43000,43000,41000,41000
B9EJ86,89000,85000,92000,89000,98000,97000,100000,100000
A2A8Z1,140000,140000,140000,140000,140000,140000,140000,140000
Q8BWU5,130000,130000,140000,130000,120000,120000,110000,110000
E9QMF4,67000,65000,71000,62000,63000,64000,57000,55000
Q62422,140000,140000,150000,130000,130000,130000,120000,120000
Q7TQI3,130000,130000,130000,120000,130000,130000,120000,130000
Q9CUB6,28000,28000,27000,25000,38000,33000,37000,36000
Q3UCV8,130000,120000,130000,120000,120000,120000,120000,120000
Q9D7E3,19000,20000,20000,20000,19000,19000,20000,19000
Q8BGA9,67000,64000,63000,63000,71000,68000,91000,96000
Q9D0K2,210000,200000,210000,200000,190000,190000,170000,160000
Q4KMM3,90000,90000,84000,85000,80000,84000,64000,66000
Q9D404,34000,37000,38000,37000,37000,37000,34000,36000
Q6P9R2,130000,130000,120000,130000,130000,130000,130000,130000
Q9JJX6,22000,23000,20000,22000,23000,24000,18000,18000
Q9Z1M0,24000,25000,25000,22000,19000,20000,18000,16000
P09103,250000,240000,280000,240000,290000,290000,350000,350000
Q8CCS6,200000,180000,150000,200000,190000,200000,200000,220000
Q8K212,120000,120000,96000,120000,110000,110000,90000,91000
Q3V3Q7,18000,18000,16000,19000,18000,17000,18000,17000
Q61644,170000,170000,190000,160000,170000,170000,160000,170000
Q9WVE8,120000,130000,140000,130000,130000,130000,140000,160000
Q08642,120000,120000,120000,110000,110000,110000,82000,82000
Q9Z183,8100,7900,6200,7600,7700,7500,9600,8800
Q8K2T8,130000,140000,150000,130000,140000,140000,160000,160000
P63005,160000,160000,170000,150000,160000,170000,160000,160000
Q61206,130000,120000,110000,110000,120000,120000,140000,140000
Q61205,45000,46000,46000,44000,42000,45000,38000,34000
Q8VDG7,37000,38000,43000,38000,34000,33000,33000,31000
Q3U1F9,50000,52000,43000,45000,45000,44000,38000,38000
Q99L02,27000,27000,29000,23000,23000,23000,20000,20000
Q8VE62,77000,78000,85000,80000,89000,86000,90000,94000
Q9D6V8,52000,49000,52000,43000,48000,49000,64000,63000
O88643,100000,100000,100000,98000,110000,110000,110000,110000
Q9DCE5,150000,140000,100000,150000,150000,140000,200000,190000
Q8CIN4,170000,170000,160000,160000,170000,180000,180000,180000
Q9Z0P4,26000,25000,22000,22000,21000,23000,22000,20000
F7AA26,58000,58000,56000,56000,56000,58000,50000,50000
Q8BGF7,43000,43000,48000,43000,43000,43000,42000,38000
Q640Q5,98000,96000,94000,94000,100000,99000,97000,94000
Q3U4S0,81000,80000,77000,78000,78000,81000,76000,74000
Q8R2W9,36000,35000,35000,36000,46000,44000,52000,51000
Q80YV4,120000,110000,120000,110000,110000,110000,100000,100000
Q9JIP4,21000,21000,24000,21000,24000,23000,25000,24000
Q8C0L6,62000,63000,62000,60000,61000,60000,61000,64000
E9QAY4,94000,97000,90000,92000,100000,99000,110000,110000
Q61183,120000,120000,120000,120000,120000,120000,130000,130000
Q60967,96000,94000,86000,91000,88000,88000,87000,87000
O88428,22000,23000,30000,23000,21000,24000,24000,22000
Q80ZE5,29000,28000,25000,28000,31000,31000,38000,36000
Q99NH2,50000,40000,62000,53000,51000,52000,52000,44000
G3X8U8,67000,67000,62000,62000,66000,66000,71000,71000
O88622,67000,67000,62000,61000,66000,66000,71000,71000
Q99LX0,210000,200000,220000,200000,190000,190000,160000,160000
Q5XJY4,63000,55000,54000,59000,67000,65000,76000,74000
Q8VDG3,140000,140000,140000,130000,130000,130000,130000,140000
Q921K2,98000,87000,49000,150000,69000,73000,110000,100000
P11103,98000,86000,51000,140000,70000,74000,110000,100000
Q8CIE4,73000,75000,76000,70000,77000,79000,69000,69000
Q8BZ20,7700,7500,9100,8900,8100,7800,7800,8000
Q2EMV9,120000,120000,120000,120000,150000,170000,140000,140000
Q7TMM8,24000,23000,24000,26000,21000,22000,19000,16000
O88554,42000,41000,31000,45000,41000,40000,44000,43000
Q3ULW8,200000,180000,140000,190000,170000,180000,140000,140000
Q8CFB8,200000,180000,140000,200000,170000,180000,140000,140000
E9PYK3,47000,47000,45000,48000,48000,50000,48000,47000
Q3UD82,33000,32000,30000,34000,35000,35000,38000,40000
Q8CAS9,95000,94000,100000,95000,100000,110000,100000,97000
Q8CFI5,52000,53000,49000,52000,53000,53000,49000,46000
Q9ERD8,130000,130000,140000,120000,120000,130000,130000,130000
Q3TC46,77000,79000,74000,79000,86000,85000,93000,94000
Q5NBY9,23000,21000,17000,25000,21000,22000,23000,22000
P58501,97000,95000,93000,93000,100000,100000,100000,100000
Q6NZQ4,42000,43000,44000,44000,43000,41000,41000,39000
Q9D0B6,120000,120000,120000,110000,120000,120000,150000,150000
F6THL5,140000,120000,58000,150000,120000,120000,130000,120000
Q8BSQ9,140000,120000,60000,150000,120000,120000,130000,120000
O35984,58000,55000,66000,60000,63000,61000,58000,60000
Q3TVI8,32000,30000,36000,32000,27000,28000,30000,29000
Q9CZL5,110000,110000,120000,110000,100000,100000,99000,95000
P60335,480000,470000,510000,470000,520000,510000,580000,570000
Q61990,480000,460000,520000,480000,530000,510000,580000,560000
P57722,490000,460000,510000,470000,530000,520000,570000,570000
Q91ZA3,140000,130000,140000,130000,130000,130000,120000,120000
Q99MN9,95000,94000,86000,93000,90000,93000,76000,76000
Q6P1Z5,74000,71000,55000,75000,45000,46000,49000,47000
Q8BGX1,110000,110000,80000,110000,74000,73000,74000,75000
G3X9Z4,95000,100000,59000,86000,110000,100000,120000,120000
Q8R023,45000,40000,39000,38000,39000,35000,50000,44000
P23798,94000,92000,96000,90000,97000,94000,130000,140000
Q3UK78,12000,11000,12000,12000,12000,13000,15000,14000
Q99NA9,30000,30000,31000,32000,40000,38000,44000,45000
Q8BFV2,120000,110000,120000,120000,130000,130000,140000,140000
P59114,91000,90000,94000,85000,89000,89000,79000,78000
Q8BH04,110000,120000,120000,110000,110000,110000,92000,92000
Q9QYX7,18000,19000,19000,17000,21000,20000,22000,21000
Q9R0L6,73000,72000,72000,72000,76000,76000,84000,90000
Q9R0L6-2,73000,72000,72000,72000,76000,76000,84000,90000
P23506,160000,150000,170000,150000,160000,160000,150000,160000
Q8BHD8,45000,48000,42000,46000,29000,33000,33000,32000
Q6P8I4,140000,120000,140000,130000,150000,140000,150000,150000
P48725,90000,89000,63000,91000,85000,86000,79000,78000
F8VPV0,90000,88000,63000,90000,85000,86000,79000,78000
Q8VI59,18000,20000,17000,18000,20000,19000,20000,18000
P53808,53000,54000,53000,50000,50000,49000,40000,40000
E9QPD7,28000,29000,29000,27000,29000,28000,29000,29000
Q9CQF9,45000,46000,45000,46000,45000,46000,46000,44000
P49586,46000,47000,49000,44000,42000,45000,40000,41000
Q811Q9,24000,27000,25000,26000,22000,25000,20000,21000
Q922E4,120000,110000,120000,110000,130000,130000,130000,130000
A2ABY3,130000,130000,140000,120000,140000,140000,150000,150000
Q8VE70,170000,170000,160000,160000,170000,170000,160000,160000
P56812,170000,160000,180000,150000,180000,180000,240000,250000
P12815,140000,140000,140000,130000,140000,140000,130000,140000
P12815-2,120000,120000,130000,110000,130000,130000,120000,130000
Q9WU78,210000,200000,210000,190000,200000,200000,180000,190000
Q3U2X6,20000,19000,18000,20000,20000,20000,18000,19000
Q9WTY1,14000,15000,11000,14000,15000,16000,16000,16000
Q9DBX2,39000,40000,44000,39000,40000,40000,52000,54000
Q8BVF2,130000,130000,150000,130000,150000,150000,160000,160000
Q8BFQ8,37000,36000,39000,36000,36000,36000,40000,35000
Q3TIU4,58000,58000,49000,56000,63000,63000,64000,65000
Q922S4,93000,93000,95000,89000,86000,89000,67000,67000
Q9Z0X4,42000,44000,50000,43000,39000,44000,34000,34000
Q61409,67000,65000,66000,61000,60000,58000,54000,52000
B1AWC9,16000,17000,18000,18000,21000,21000,15000,14000
A6XDB1,22000,21000,18000,20000,17000,17000,17000,16000
Q80YT7,39000,39000,42000,38000,39000,41000,35000,37000
O55057,30000,30000,32000,26000,28000,28000,34000,32000
P35486,180000,180000,200000,180000,180000,180000,180000,180000
Q9D051,180000,180000,190000,170000,170000,180000,170000,170000
Q8BKZ9,140000,140000,140000,140000,130000,140000,130000,130000
P27773,280000,280000,310000,280000,290000,300000,300000,300000
P08003,150000,140000,140000,150000,150000,150000,150000,150000
Q921X9,21000,23000,24000,24000,21000,21000,20000,20000
Q8BFP9,180000,180000,190000,180000,160000,160000,130000,130000
Q9JK42,150000,140000,160000,140000,130000,130000,110000,110000
Q922H2,120000,110000,120000,120000,110000,110000,110000,110000
O70400,170000,170000,180000,160000,170000,170000,150000,160000
Q8R1G6,140000,140000,150000,130000,130000,130000,100000,100000
P70271,94000,96000,98000,89000,85000,87000,67000,67000
Q8CI51,100000,100000,110000,100000,120000,110000,120000,120000
Q3TJD7,31000,32000,32000,31000,30000,30000,28000,27000
Q3UV70,90000,88000,96000,86000,89000,91000,87000,86000
Q504M2,15000,14000,21000,14000,17000,18000,19000,19000
Q9Z2A0,120000,120000,110000,120000,120000,130000,120000,130000
Q7TSQ8,87000,85000,92000,83000,81000,84000,71000,73000
P59048,30000,33000,33000,31000,41000,40000,44000,46000
Q6A026,210000,200000,150000,200000,200000,200000,190000,190000
Q4VA53,190000,180000,120000,180000,180000,180000,160000,160000
Q4VA53-2,160000,150000,99000,160000,160000,160000,140000,140000
Q99K01,76000,73000,82000,73000,90000,86000,110000,100000
Q8K183,69000,72000,69000,82000,70000,70000,75000,77000
P60487,41000,43000,38000,39000,43000,41000,40000,40000
Q9CZG9,48000,46000,50000,45000,48000,46000,58000,58000
B9EJ80,59000,58000,63000,59000,70000,68000,76000,76000
Q62048,55000,57000,53000,48000,48000,53000,42000,43000
Q62048-2,45000,45000,43000,38000,39000,43000,35000,35000
D3Z375,45000,48000,49000,45000,42000,46000,37000,36000
Q69Z38,40000,40000,37000,39000,49000,49000,56000,57000
P70296,330000,350000,340000,320000,320000,340000,340000,330000
Q08481,55000,55000,50000,53000,50000,53000,45000,45000
Q8BFY6,94000,93000,100000,89000,90000,93000,83000,83000
Q8C669,64000,65000,63000,63000,92000,86000,83000,87000
Q9DBD5,52000,52000,55000,51000,57000,54000,63000,60000
Q8CIW5,7600,7600,5900,7900,8900,7500,12000,10000
Q11136,120000,130000,110000,110000,130000,130000,150000,150000
P0DJF2,23000,25000,26000,25000,24000,22000,26000,22000
Q5BL07,32000,32000,34000,32000,35000,34000,41000,42000
Q9Z210,27000,26000,31000,28000,29000,30000,25000,26000
Q8VC48,20000,21000,21000,21000,23000,23000,28000,30000
Q9D0K1,31000,30000,33000,32000,37000,36000,46000,46000
Q9R0A0,66000,61000,68000,63000,73000,71000,86000,84000
Q91XC9,26000,22000,21000,26000,28000,28000,28000,29000
Q8VCI5,75000,74000,82000,75000,85000,84000,110000,110000
Q8BGI5,18000,19000,20000,18000,19000,19000,21000,20000
Q9QXY9,14000,15000,15000,15000,16000,15000,16000,13000
O09012,45000,46000,53000,43000,57000,55000,64000,64000
Q99LC9,30000,28000,27000,28000,29000,27000,36000,36000
P97865,10000,10000,9900,9300,13000,11000,14000,14000
Q5SUR0,120000,130000,130000,130000,130000,130000,140000,150000
Q9CWM4,140000,130000,150000,130000,150000,150000,180000,190000
O70591,120000,130000,130000,120000,160000,150000,180000,180000
Q3UWL8,78000,78000,81000,75000,91000,89000,110000,120000
P70265,100000,100000,99000,100000,100000,100000,88000,92000
A7UAK5,95000,94000,89000,99000,110000,110000,120000,120000
Q6DTY7,41000,46000,40000,41000,39000,41000,40000,38000
P12382,150000,150000,140000,140000,150000,150000,170000,170000
P47857,140000,130000,120000,130000,130000,130000,130000,130000
Q9WUA3,160000,150000,140000,150000,160000,160000,200000,200000
P62962,5800000,5700000,5700000,5600000,5300000,5500000,4700000,4500000
Q9JJV2,17000,17000,18000,17000,16000,17000,12000,12000
Q9DBJ1,120000,120000,130000,120000,140000,140000,170000,180000
O70250,120000,120000,130000,120000,140000,140000,160000,180000
Q8BX10,110000,110000,120000,110000,120000,120000,130000,130000
Q3UUQ7,38000,38000,41000,38000,35000,34000,33000,32000
Q9DCD0,250000,250000,240000,240000,250000,250000,260000,260000
Q8BUY9,71000,72000,77000,78000,77000,76000,78000,80000
P09411,310000,310000,290000,300000,310000,310000,340000,350000
P09041,120000,120000,120000,110000,120000,120000,130000,140000
Q9CQ60,150000,160000,170000,150000,150000,160000,150000,150000
Q9D0F9,180000,180000,170000,180000,170000,170000,140000,140000
Q7TSV4,170000,170000,190000,170000,160000,170000,130000,130000
Q8CAA7,73000,74000,74000,70000,66000,70000,59000,59000
Q9CYR6,67000,68000,67000,64000,66000,69000,69000,68000
Q8CHP8,130000,130000,130000,120000,120000,120000,120000,120000
O55022,91000,93000,100000,95000,93000,94000,89000,92000
Q80UU9,120000,120000,130000,130000,120000,120000,120000,130000
Q8BHF7,22000,24000,24000,26000,26000,24000,28000,26000
Q501J7,32000,34000,30000,35000,34000,35000,36000,39000
Q9JJT9,98000,91000,100000,96000,110000,110000,130000,130000
P67778,170000,160000,170000,160000,190000,190000,230000,230000
O35129,190000,180000,140000,210000,190000,180000,240000,220000
E0CYV8,17000,17000,15000,19000,16000,16000,15000,16000
Q9QWH1,17000,18000,17000,18000,20000,19000,23000,24000
Q8CHP6,36000,36000,39000,36000,38000,39000,38000,42000
Q9Z1B8,50000,50000,44000,51000,46000,47000,37000,38000
Q9D8M7,37000,36000,40000,37000,42000,41000,51000,50000
Q5SPL2,17000,17000,14000,16000,16000,16000,17000,16000
Q9D4H9-2,93000,87000,89000,93000,87000,88000,78000,84000
Q9D4H9,94000,86000,89000,93000,87000,88000,77000,83000
Q9WTU0,52000,51000,34000,47000,51000,52000,45000,45000
Q8CCJ9,85000,84000,58000,86000,78000,80000,77000,80000
A2AHG2,42000,41000,26000,39000,35000,35000,38000,37000
Q8BSN5,75000,70000,69000,71000,73000,74000,77000,75000
Q8BSN5-2,75000,71000,76000,70000,73000,73000,78000,77000
B2RQG2,70000,68000,30000,81000,61000,64000,68000,70000
P83870,130000,130000,130000,130000,140000,140000,140000,150000
Q80TJ7,52000,49000,34000,51000,49000,50000,60000,53000
Q61753,170000,170000,180000,160000,170000,170000,200000,210000
Q8VDD9,48000,46000,31000,49000,47000,47000,59000,53000
F8VQ93,48000,46000,31000,50000,47000,47000,59000,54000
Q8BWJ3,21000,20000,21000,20000,19000,19000,19000,18000
Q7TSH2,39000,40000,41000,37000,37000,37000,32000,34000
Q9D9M5,48000,48000,51000,50000,49000,47000,46000,47000
Q9DAK9,62000,61000,74000,68000,64000,63000,62000,61000
A6H619,120000,110000,110000,110000,110000,120000,110000,110000
Q8CB19,34000,33000,32000,33000,36000,36000,34000,34000
O35386,50000,55000,59000,50000,39000,40000,39000,40000
Q8R1K4,66000,71000,76000,73000,68000,68000,57000,62000
Q2TBE6,32000,32000,35000,31000,35000,35000,40000,39000
E9Q3L2,86000,86000,91000,83000,95000,92000,110000,110000
Q8BKC8-2,55000,56000,60000,59000,59000,59000,60000,62000
Q8BKC8,55000,56000,59000,59000,59000,59000,61000,63000
O88907,55000,58000,60000,58000,62000,62000,64000,64000
Q8C5D8,47000,49000,48000,47000,49000,50000,50000,50000
Q9JM05,30000,26000,34000,30000,31000,30000,37000,34000
E9Q6K3,35000,37000,36000,34000,35000,36000,36000,37000
Q7M6Y3,74000,71000,79000,73000,92000,89000,86000,86000
Q7M6Y3-2,74000,71000,79000,73000,93000,89000,86000,86000
Q9JJQ0,12000,10000,9700,12000,11000,11000,13000,11000
Q9CXY9,100000,97000,110000,94000,98000,99000,110000,110000
Q8C2R7,14000,12000,15000,13000,14000,15000,13000,13000
Q562G0,39000,38000,38000,40000,36000,36000,45000,45000
Q9JJI6,44000,44000,44000,45000,42000,41000,54000,52000
Q9QYT7,26000,25000,28000,26000,26000,25000,25000,24000
Q6PD26,89000,88000,91000,87000,90000,91000,92000,92000
Q8BXQ2,78000,76000,79000,75000,81000,79000,81000,81000
Q8K358,70000,68000,70000,67000,76000,77000,93000,90000
Q8C398,20000,18000,18000,20000,19000,19000,23000,21000
Q9CQJ2,44000,45000,46000,42000,45000,45000,62000,61000
Q61194,42000,42000,42000,40000,43000,43000,46000,46000
Q6PF93,120000,120000,130000,120000,120000,120000,120000,120000
P42337,33000,34000,33000,32000,35000,34000,35000,34000
Q8BTI9,160000,150000,150000,140000,140000,150000,130000,130000
O35904,190000,190000,190000,180000,170000,180000,150000,150000
Q3T9Y0,190000,190000,190000,180000,170000,180000,150000,150000
Q9JHG7,40000,39000,39000,40000,35000,35000,27000,27000
P26450,120000,120000,120000,110000,110000,110000,95000,96000
O08908,88000,90000,85000,77000,77000,86000,69000,71000
Q8VD65,110000,100000,110000,99000,100000,100000,110000,110000
Q5SW28,28000,28000,21000,27000,24000,25000,23000,20000
Q9Z1T6,72000,70000,74000,69000,77000,76000,79000,76000
Q9CWW6,53000,52000,37000,53000,52000,53000,66000,63000
O70172,160000,150000,150000,150000,140000,150000,130000,120000
Q80XI4,150000,140000,150000,140000,140000,140000,120000,120000
Q91XU3,73000,75000,71000,72000,80000,78000,81000,78000
O70161,42000,43000,42000,42000,53000,50000,56000,55000
Q8BWR2,95000,90000,82000,94000,95000,94000,93000,98000
P53810,190000,190000,190000,190000,190000,190000,180000,180000
Q8K4R4-2,83000,79000,86000,78000,75000,78000,66000,68000
Q8K4R4,79000,79000,89000,82000,76000,80000,66000,64000
O35954,87000,86000,87000,91000,86000,86000,70000,71000
Q6ZPQ6,31000,31000,26000,29000,29000,28000,26000,27000
Q8K411,150000,140000,130000,150000,170000,160000,190000,190000
O55176,21000,17000,19000,17000,20000,21000,23000,23000
P53657,170000,170000,160000,160000,170000,170000,170000,200000
P52480,540000,540000,490000,530000,550000,560000,600000,580000
P52480-2,540000,530000,480000,530000,550000,560000,600000,590000
Q9ESG9,13000,15000,12000,11000,14000,15000,16000,17000
P70268,110000,100000,110000,100000,94000,97000,80000,80000
Q8BWW9,96000,85000,82000,86000,96000,95000,89000,96000
O70477,90000,61000,110000,90000,110000,100000,54000,75000
Q8VEB4,35000,35000,34000,32000,32000,32000,31000,30000
Q8R3U1,50000,51000,53000,50000,48000,51000,67000,67000
Q60963,12000,12000,12000,12000,11000,12000,11000,10000
P27612,160000,160000,160000,140000,150000,160000,160000,160000
P35456,13000,12000,12000,13000,18000,16000,18000,17000
Q8VCI0,44000,45000,46000,45000,40000,41000,36000,37000
Q3TCN2,79000,79000,79000,73000,88000,85000,110000,110000
A3KGF7,80000,81000,65000,78000,72000,74000,64000,63000
P51432,31000,32000,24000,31000,31000,31000,31000,31000
Q62077,170000,170000,160000,160000,160000,160000,140000,140000
Q8CIH5,41000,40000,39000,44000,37000,37000,36000,35000
Q3USB7,45000,46000,48000,45000,48000,47000,42000,40000
Q8K394,74000,74000,51000,73000,72000,72000,73000,73000
Q9Z280,11000,8400,11000,9900,12000,12000,13000,13000
O35405,89000,90000,90000,83000,95000,91000,97000,99000
Q8BG07,29000,29000,28000,28000,24000,26000,23000,21000
Q9QXS1-10,180000,180000,200000,180000,170000,170000,140000,140000
Q9QXS1-3,180000,180000,200000,180000,170000,170000,140000,140000
Q9JHK5,9200,9300,10000,11000,8800,9400,11000,9100
Q8BUL6,47000,47000,39000,46000,49000,50000,51000,52000
Q8BUL6-2,43000,44000,37000,44000,48000,48000,48000,49000
Q9ERS5,100000,95000,86000,99000,94000,93000,92000,92000
Q9ERS4,23000,25000,24000,21000,26000,28000,33000,33000
E9Q6H8,68000,65000,54000,68000,68000,67000,69000,69000
Q3UIL6-2,33000,33000,24000,36000,31000,31000,34000,31000
Q91WB4,40000,39000,43000,43000,33000,34000,39000,36000
Q7TSI1,21000,21000,19000,18000,18000,19000,19000,20000
Q80TQ5,30000,30000,29000,30000,32000,31000,32000,35000
Q9JIY0,28000,28000,20000,29000,27000,28000,32000,31000
Q8K124,73000,69000,61000,71000,66000,67000,57000,58000
Q9D3P8,160000,160000,160000,160000,150000,160000,140000,130000
Q9DBG5,97000,97000,110000,94000,89000,92000,80000,80000
Q64702,34000,35000,27000,34000,34000,34000,37000,35000
Q922V4,120000,110000,77000,120000,110000,110000,130000,130000
Q3V0K9,130000,130000,150000,110000,140000,130000,110000,110000
Q99K51,170000,180000,180000,160000,180000,190000,170000,170000
Q9JIZ9,15000,14000,14000,17000,15000,16000,18000,19000
B2RXS4,44000,47000,46000,44000,46000,44000,54000,49000
Q9CPV5,14000,15000,16000,14000,14000,13000,18000,17000
Q60953,130000,130000,150000,130000,130000,130000,120000,120000
O35621,87000,89000,83000,86000,95000,96000,120000,120000
Q9Z2M7,170000,170000,180000,170000,170000,170000,160000,160000
Q9DC61,130000,130000,130000,120000,130000,130000,130000,140000
Q9CXT8,120000,120000,130000,110000,120000,120000,150000,140000
Q8K119,43000,44000,37000,44000,45000,44000,56000,57000
P54279,46000,47000,41000,44000,43000,43000,49000,47000
B9EJ22,46000,46000,41000,43000,43000,43000,48000,47000
A2AJT4,85000,83000,95000,84000,94000,95000,97000,100000
Q69ZP3-2,24000,23000,27000,25000,26000,25000,32000,31000
Q69ZP3,17000,17000,20000,18000,19000,19000,23000,22000
Q9JLV6,190000,200000,190000,180000,180000,180000,170000,170000
O35691,170000,170000,170000,160000,170000,170000,180000,170000
P23492,130000,140000,150000,130000,140000,140000,140000,150000
Q8BJ56,22000,20000,20000,22000,20000,25000,32000,30000
Q3TRM4,18000,17000,18000,18000,19000,18000,25000,23000
A2AJ88,41000,38000,40000,38000,39000,41000,43000,43000
Q8K1N1,42000,42000,42000,40000,41000,40000,43000,41000
Q91XF0,65000,64000,62000,62000,66000,70000,70000,73000
Q8K1R3,130000,130000,110000,130000,140000,140000,160000,160000
Q3TWH3,65000,60000,62000,58000,53000,53000,52000,46000
Q8JZX3,64000,67000,57000,57000,61000,58000,65000,59000
Q8BHD1,64000,61000,61000,65000,56000,51000,44000,41000
Q9DBS8,65000,65000,53000,67000,60000,58000,47000,47000
Q91ZW2,30000,32000,31000,30000,37000,37000,41000,43000
Q8VHI3,16000,18000,18000,17000,19000,20000,19000,21000
Q8BYB9,75000,74000,77000,73000,85000,82000,96000,96000
Q8BZH4,140000,130000,99000,140000,140000,130000,150000,150000
P33609,73000,69000,67000,72000,70000,68000,90000,92000
P33611,47000,46000,48000,46000,49000,47000,63000,65000
Q8K409,130000,120000,100000,130000,120000,120000,130000,140000
P52431,99000,97000,100000,99000,94000,96000,120000,120000
O35654,30000,30000,33000,32000,34000,33000,39000,38000
Q9EQ28,70000,62000,64000,66000,68000,69000,85000,84000
Q9CWP8,28000,32000,33000,29000,31000,37000,32000,35000
Q8BG81,55000,52000,38000,70000,56000,56000,83000,87000
P54099,34000,37000,31000,35000,36000,35000,34000,35000
Q75WC0,43000,45000,38000,44000,45000,44000,42000,43000
Q9QZM2,41000,43000,39000,39000,38000,41000,36000,35000
E9QJU6,21000,21000,22000,20000,19000,18000,17000,17000
Q6R3M4,21000,21000,22000,21000,18000,18000,16000,17000
E9Q3H9,54000,53000,60000,53000,53000,49000,48000,44000
Q9QUG2,20000,20000,11000,22000,24000,22000,29000,29000
Q9QXE2,23000,23000,19000,22000,20000,20000,18000,19000
Q9JIW4,27000,26000,24000,27000,26000,26000,27000,27000
P08775,180000,180000,140000,170000,170000,170000,180000,180000
Q8CFI7,170000,170000,160000,160000,170000,160000,170000,170000
P97760,110000,110000,120000,110000,110000,110000,110000,110000
Q99M46,110000,110000,120000,110000,110000,110000,110000,110000
Q9D7M8,35000,38000,41000,36000,40000,39000,41000,43000
Q80UW8,110000,110000,120000,110000,120000,120000,150000,150000
P62488,140000,140000,150000,130000,140000,130000,150000,150000
Q923G2,81000,82000,89000,78000,92000,89000,100000,100000
P60898,55000,50000,48000,51000,50000,52000,56000,59000
O08740,53000,52000,55000,48000,58000,56000,68000,68000
P62876,60000,62000,64000,60000,68000,72000,84000,87000
Q6P6I6,33000,28000,32000,28000,31000,30000,26000,27000
B2RXC6,90000,87000,85000,87000,100000,97000,110000,110000
Q9D483,67000,69000,71000,67000,67000,67000,80000,75000
Q9CZT4,67000,69000,72000,67000,81000,80000,98000,99000
Q921X6,39000,39000,37000,38000,42000,42000,45000,46000
Q6NXY9,94000,92000,94000,84000,95000,94000,110000,100000
Q8K3Z9,50000,42000,24000,58000,42000,38000,59000,51000
Q91X88,18000,20000,21000,17000,20000,19000,21000,20000
Q3TUA9,13000,14000,13000,14000,14000,13000,18000,18000
Q62086,100000,100000,99000,100000,92000,99000,100000,96000
Q62087,22000,19000,24000,24000,20000,22000,18000,17000
Q9CR08,28000,27000,26000,33000,29000,29000,36000,36000
P37040,120000,120000,130000,130000,130000,130000,130000,130000
Q91WC1,92000,88000,87000,84000,81000,83000,85000,84000
H7BX60,40000,39000,40000,38000,36000,36000,36000,35000
P25425,120000,120000,120000,120000,130000,140000,160000,170000
P25425-10,120000,120000,120000,120000,130000,140000,160000,170000
Q5U4D4,5800,6000,6600,5100,6000,6000,4600,4000
Q91VM9,120000,120000,130000,120000,110000,110000,99000,97000
Q9D4F2,13000,15000,15000,18000,14000,13000,13000,13000
Q8VDG5,140000,140000,140000,130000,130000,140000,130000,130000
B2RXQ2,52000,51000,51000,52000,66000,63000,72000,75000
Q8BSS9,37000,37000,37000,36000,47000,46000,48000,50000
Q8K2H1-2,54000,51000,48000,51000,60000,58000,63000,72000
Q8K2H1,53000,52000,51000,55000,63000,61000,71000,78000
G3X959,52000,52000,53000,55000,64000,61000,71000,77000
P17742,5000000,5200000,5300000,4900000,5100000,5100000,5100000,5100000
P24369,190000,200000,160000,200000,200000,200000,210000,210000
P30412,40000,44000,36000,40000,43000,45000,48000,48000
Q9QZH3,150000,160000,170000,160000,160000,170000,170000,170000
Q99KR7,160000,160000,180000,150000,180000,170000,200000,200000
A2AR02,120000,120000,140000,120000,130000,130000,140000,140000
Q9D868,160000,160000,160000,150000,150000,150000,140000,150000
Q9D868-2,160000,160000,160000,150000,150000,150000,140000,150000
Q9D0W5,150000,140000,150000,140000,140000,140000,130000,130000
Q9D787,120000,120000,96000,110000,110000,110000,130000,130000
Q9D6L8,110000,110000,110000,100000,110000,100000,140000,130000
Q9CXG3,100000,98000,81000,93000,99000,97000,100000,100000
A2ARP1,22000,23000,14000,23000,24000,23000,27000,28000
Q6ZQB6,55000,53000,30000,57000,59000,59000,69000,73000
P49443,110000,110000,110000,100000,110000,110000,99000,100000
P36993,140000,140000,150000,130000,130000,140000,120000,120000
Q99NF7,140000,140000,150000,130000,130000,140000,120000,120000
Q9QZ67,31000,28000,24000,33000,30000,29000,33000,33000
Q8CGA0,88000,88000,90000,82000,86000,89000,88000,89000
Q61074,180000,170000,180000,160000,170000,180000,180000,190000
Q3UYC0,120000,120000,130000,120000,110000,110000,96000,95000
Q8BXN7,19000,19000,20000,19000,17000,17000,18000,17000
E9Q2I3,50000,45000,47000,46000,41000,43000,37000,36000
Q8BU27,47000,44000,45000,44000,41000,41000,38000,36000
Q8BVQ5,140000,130000,150000,140000,150000,140000,140000,140000
P51175,70000,71000,69000,74000,71000,73000,66000,65000
P62137,170000,170000,140000,170000,150000,150000,150000,150000
P62141,130000,130000,120000,130000,120000,120000,120000,120000
P63087,120000,120000,100000,120000,110000,110000,110000,110000
P63087-2,140000,140000,120000,130000,120000,120000,120000,120000
Q80W00,44000,40000,18000,40000,46000,45000,58000,59000
A5A4Y9,28000,29000,31000,29000,30000,30000,31000,29000
Q8K1L5,27000,29000,30000,29000,31000,31000,31000,30000
Q9DBR7,140000,140000,140000,140000,150000,150000,140000,150000
F6XWD4,57000,57000,45000,51000,56000,57000,57000,59000
Q3UMT1,57000,56000,47000,51000,56000,57000,56000,59000
Q62415,37000,33000,19000,40000,38000,38000,36000,39000
Q8BQ30,84000,77000,84000,77000,74000,77000,66000,68000
Q9DCL8,61000,60000,63000,60000,63000,63000,65000,67000
Q3TDD9,92000,87000,88000,88000,81000,81000,69000,68000
Q8BKR5,26000,27000,25000,23000,28000,27000,27000,28000
Q3UM45,160000,160000,170000,150000,160000,160000,150000,160000
Q8R3G1,63000,64000,58000,60000,60000,59000,59000,57000
H3BJD6,81000,77000,81000,76000,71000,68000,60000,65000
Q6R891,91000,93000,92000,89000,83000,85000,72000,75000
P63330,150000,140000,160000,140000,160000,160000,170000,190000
P62715,120000,120000,130000,120000,130000,130000,150000,150000
Q76MZ3,220000,220000,240000,220000,230000,230000,240000,240000
Q6P1F6,150000,140000,130000,140000,160000,160000,180000,190000
Q925E7,100000,100000,92000,95000,110000,120000,120000,130000
Q9JK24,40000,39000,40000,38000,36000,36000,36000,34000
Q9Z176,46000,43000,47000,41000,57000,52000,63000,59000
P58389,180000,180000,190000,170000,170000,180000,150000,150000
Q6PD03,160000,160000,150000,160000,150000,150000,130000,140000
Q6PD28,85000,86000,75000,78000,81000,80000,67000,73000
Q60996,130000,130000,120000,120000,130000,130000,140000,130000
Q91V89,130000,130000,120000,130000,130000,130000,140000,140000
Q61151,110000,100000,100000,110000,110000,110000,110000,110000
P63328,140000,140000,150000,150000,140000,140000,120000,120000
P48453,140000,140000,140000,130000,140000,140000,140000,130000
P48455,74000,70000,73000,70000,67000,69000,65000,65000
Q63810,150000,150000,160000,140000,150000,150000,140000,140000
P97470,87000,86000,97000,90000,96000,95000,100000,100000
Q8K2V1,35000,38000,41000,35000,39000,38000,40000,41000
E0CX37,23000,24000,29000,22000,26000,23000,27000,24000
Q0VGB7,84000,84000,95000,82000,97000,100000,110000,110000
Q60676,99000,98000,92000,95000,110000,100000,130000,130000
Q9CQR6,150000,130000,150000,140000,140000,150000,140000,150000
Q7TSI3,120000,130000,130000,130000,130000,130000,120000,130000
Q8R3Q2,65000,67000,67000,69000,66000,64000,54000,55000
Q922D4,120000,120000,140000,120000,140000,140000,150000,160000
O88531,110000,100000,120000,97000,95000,98000,89000,91000
Q6NVE9,26000,28000,28000,29000,30000,30000,30000,30000
Q8CEC6,100000,110000,110000,100000,100000,100000,96000,98000
Q91VJ5,130000,140000,140000,130000,130000,140000,150000,150000
Q80XM9,48000,47000,55000,58000,48000,47000,47000,47000
Q8C6U2,74000,70000,61000,78000,54000,57000,60000,54000
Q9JIG8,40000,39000,39000,42000,38000,39000,44000,46000
Q9EQC8,81000,75000,80000,79000,77000,80000,76000,71000
Q7TMR0,52000,51000,55000,49000,53000,52000,55000,51000
Q3UTQ7,21000,23000,11000,22000,18000,20000,18000,18000
A2A7B5,22000,22000,8900,18000,20000,20000,22000,22000
P35700,410000,420000,430000,390000,440000,440000,470000,480000
Q61171,200000,200000,200000,190000,180000,190000,170000,170000
P20108,170000,170000,180000,160000,170000,170000,180000,180000
O08807,240000,250000,280000,250000,260000,270000,270000,290000
P99029,180000,190000,190000,170000,170000,170000,140000,150000
O08709,580000,570000,580000,540000,560000,570000,560000,550000
Q6GT24,580000,570000,580000,540000,560000,580000,550000,550000
Q9WUQ2,93000,84000,81000,91000,95000,92000,97000,98000
Q9QUR6,110000,110000,120000,110000,130000,120000,160000,170000
Q8C167,20000,20000,21000,20000,20000,20000,24000,24000
Q69ZK0,79000,78000,73000,77000,74000,77000,68000,68000
Q61878,93000,89000,92000,120000,77000,76000,60000,57000
P33610,64000,63000,64000,62000,63000,61000,85000,89000
Q5EG47,110000,110000,97000,120000,110000,110000,98000,93000
Q9R078,82000,84000,84000,76000,83000,81000,70000,71000
P05132,140000,130000,130000,130000,120000,130000,110000,110000
P05132-2,140000,130000,130000,130000,130000,130000,110000,110000
P68181,170000,160000,150000,160000,150000,150000,130000,130000
P68181-4,160000,160000,150000,160000,150000,150000,130000,130000
O54950,170000,170000,180000,170000,170000,180000,150000,150000
Q91WG5,130000,130000,130000,130000,130000,130000,120000,120000
Q9DBC7,190000,190000,180000,180000,180000,190000,170000,160000
P12849,160000,150000,150000,150000,150000,150000,140000,140000
P12367,100000,100000,110000,97000,100000,100000,100000,100000
Q8K1M3,110000,100000,110000,100000,110000,110000,110000,110000
P31324,76000,78000,77000,78000,73000,75000,78000,70000
P20444,110000,110000,110000,110000,110000,120000,140000,140000
Q4VA93,140000,130000,130000,130000,140000,140000,160000,160000
P68404,180000,170000,170000,170000,160000,170000,140000,140000
P68404-2,180000,170000,170000,170000,160000,170000,140000,140000
P28867,110000,110000,110000,110000,110000,110000,120000,120000
P63318,49000,52000,47000,46000,50000,51000,59000,61000
P23298,97000,98000,89000,90000,99000,100000,94000,93000
Q02111,160000,160000,140000,140000,120000,130000,110000,110000
O08795,160000,150000,180000,150000,170000,170000,190000,200000
O08795-2,160000,150000,180000,150000,170000,170000,190000,200000
Q02956,14000,13000,12000,12000,12000,12000,12000,11000
Q8BZ03,140000,140000,130000,130000,120000,130000,100000,100000
Q8K1Y2,120000,120000,110000,110000,110000,110000,98000,95000
P97313,130000,120000,140000,120000,120000,120000,110000,110000
Q9WTX2,27000,29000,21000,23000,18000,20000,21000,19000
Q9CWV6,110000,100000,94000,110000,110000,120000,130000,140000
Q9CUX1,56000,57000,60000,56000,62000,63000,64000,60000
Q922R0,79000,73000,76000,80000,71000,73000,63000,64000
Q9JIF0,130000,130000,140000,130000,150000,160000,190000,200000
Q6NZB1,32000,33000,31000,30000,37000,36000,41000,41000
Q3U3W5,79000,82000,79000,73000,71000,71000,77000,79000
Q9D820,82000,91000,93000,86000,78000,81000,72000,73000
Q9Z2Y8,130000,130000,140000,130000,140000,140000,130000,140000
Q8BM39,80000,79000,81000,80000,87000,85000,97000,98000
Q99KP6,170000,170000,180000,170000,180000,190000,200000,200000
Q8CCF0,170000,160000,140000,160000,180000,180000,220000,220000
Q4FK66,97000,95000,100000,89000,92000,93000,100000,100000
Q80SY5,160000,160000,150000,160000,160000,160000,150000,150000
Q8K2Z2,65000,65000,75000,65000,69000,70000,73000,70000
E9QJV4,66000,64000,74000,65000,69000,70000,72000,71000
Q9DAW6,140000,140000,140000,140000,150000,150000,160000,170000
Q9R1C7,180000,180000,200000,180000,190000,190000,190000,200000
Q80W14,68000,65000,64000,65000,68000,69000,82000,88000
Q61136,140000,130000,130000,130000,150000,150000,150000,160000
Q91YR7,160000,150000,130000,150000,150000,150000,150000,160000
Q99PV0,200000,190000,210000,180000,200000,200000,220000,220000
Q8C5R8,83000,78000,85000,86000,85000,87000,91000,98000
G3UXL2,110000,110000,110000,110000,120000,120000,120000,130000
Q9CS42,130000,130000,140000,130000,130000,130000,130000,140000
Q9D0M1,76000,79000,77000,78000,78000,78000,77000,75000
B1AT82,76000,78000,76000,78000,78000,79000,78000,75000
Q8R574,110000,110000,110000,100000,110000,110000,110000,100000
E9PYL2,28000,29000,18000,30000,27000,26000,25000,24000
Q7TPN9,29000,28000,20000,44000,27000,28000,34000,32000
Q3UPH1,83000,78000,88000,76000,84000,80000,92000,91000
Q80UR4,19000,20000,18000,22000,17000,17000,15000,15000
Q8BIW1,45000,43000,47000,45000,43000,42000,44000,45000
Q52KR3,76000,65000,90000,60000,62000,56000,79000,74000
Q61207,130000,120000,150000,83000,110000,110000,130000,120000
Q8BLR5,120000,120000,120000,110000,120000,120000,110000,110000
P49769,7200,7000,7000,6900,8300,8400,9600,10000
A2BI12,150000,140000,100000,140000,150000,160000,170000,180000
Q99JF8,160000,140000,95000,140000,150000,160000,170000,180000
Q9R1P4,410000,390000,410000,380000,410000,420000,440000,460000
P49722,160000,160000,160000,160000,160000,160000,180000,180000
O70435,190000,180000,190000,180000,180000,190000,190000,200000
Q9R1P0,230000,220000,240000,220000,230000,240000,250000,260000
Q9Z2U1,160000,170000,170000,160000,180000,180000,210000,210000
Q9QUM9,210000,210000,230000,200000,210000,210000,230000,230000
Q9Z2U0,190000,180000,190000,190000,210000,210000,230000,240000
O09061,130000,140000,130000,130000,140000,140000,150000,150000
O35955,160000,160000,170000,160000,150000,160000,120000,130000
Q9R1P3,140000,150000,140000,150000,150000,150000,150000,160000
Q9R1P1,130000,130000,130000,120000,120000,130000,130000,130000
P99026,110000,120000,120000,110000,120000,120000,130000,130000
P28063,200000,200000,200000,190000,190000,200000,190000,190000
P28076,150000,150000,150000,130000,140000,150000,140000,140000
P62192,160000,160000,140000,160000,170000,170000,220000,230000
O88685,150000,150000,160000,140000,160000,160000,210000,210000
P54775,140000,140000,140000,130000,150000,150000,190000,200000
P62334,140000,140000,140000,130000,150000,150000,180000,180000
Q3TXS7,170000,170000,180000,170000,200000,190000,250000,250000
Q9Z2X2,100000,100000,110000,99000,99000,100000,97000,97000
Q8BG32,170000,170000,170000,170000,190000,190000,230000,220000
G3UZ28,130000,130000,130000,130000,150000,140000,170000,170000
Q9D8W5,160000,150000,160000,150000,170000,170000,190000,190000
Q9WVJ2,180000,180000,190000,170000,190000,190000,240000,240000
O35593,130000,130000,130000,130000,140000,140000,160000,160000
Q8VDM4,160000,160000,160000,150000,180000,180000,230000,230000
P14685,170000,160000,170000,170000,190000,180000,210000,210000
O35226,150000,140000,140000,150000,170000,170000,200000,220000
Q8BJY1,140000,140000,140000,140000,140000,140000,140000,140000
Q99JI4,140000,140000,140000,140000,150000,150000,180000,180000
P26516,130000,130000,120000,130000,140000,140000,160000,160000
Q9CX56,94000,95000,91000,96000,100000,100000,130000,130000
Q9CR00,96000,91000,100000,88000,93000,89000,100000,92000
P97371,180000,180000,190000,170000,180000,180000,180000,170000
P97372,170000,180000,180000,170000,180000,190000,170000,170000
Q5SSW2,37000,37000,40000,36000,40000,39000,53000,52000
Q8BHL8,87000,86000,88000,87000,92000,93000,110000,110000
Q9EST4,100000,98000,100000,96000,110000,100000,140000,140000
Q8R326,220000,210000,210000,210000,210000,220000,210000,220000
Q99LS3,89000,93000,95000,87000,92000,90000,110000,110000
P97814,120000,120000,120000,110000,110000,110000,92000,92000
Q99M15,22000,21000,19000,21000,22000,21000,23000,23000
E9QAB6,38000,39000,39000,37000,47000,47000,57000,57000
P17225,190000,190000,170000,190000,200000,200000,210000,200000
Q922I7,190000,190000,180000,200000,200000,210000,200000,200000
Q91Z31,170000,180000,150000,170000,170000,180000,160000,160000
G3UXA6,190000,180000,180000,190000,200000,200000,190000,180000
Q8BHD7,180000,180000,180000,190000,200000,200000,180000,190000
Q8R3K3,95000,88000,100000,95000,95000,89000,120000,110000
Q14C51,110000,100000,110000,100000,120000,110000,140000,140000
Q99LH2,41000,39000,27000,39000,46000,44000,51000,54000
Q9Z1X2,17000,16000,20000,16000,15000,16000,17000,16000
O08586,37000,37000,36000,37000,35000,38000,33000,33000
Q8BWM0,68000,64000,69000,65000,62000,63000,77000,74000
Q9R0Q7,160000,150000,160000,150000,190000,180000,220000,230000
Q8VDQ1,83000,83000,86000,78000,74000,76000,70000,69000
P22437,10000,11000,12000,12000,11000,11000,9800,9700
P34152,57000,57000,57000,56000,60000,61000,62000,63000
E9Q2A6,150000,150000,150000,140000,150000,150000,170000,170000
Q9QVP9,150000,150000,150000,140000,150000,150000,170000,170000
P26350,360000,350000,410000,340000,380000,380000,430000,430000
Q9D0J8,150000,140000,150000,140000,130000,140000,130000,130000
Q63739,140000,140000,130000,130000,140000,140000,140000,140000
O70274,130000,130000,110000,120000,130000,130000,120000,130000
Q8K2C9,180000,170000,150000,190000,160000,160000,140000,150000
Q9D3B1,23000,14000,27000,30000,25000,25000,24000,28000
Q66GT5,9300,9200,9100,8700,9000,9000,12000,11000
P35821,150000,150000,160000,160000,150000,150000,150000,150000
P35235,140000,130000,140000,130000,140000,140000,130000,130000
P35831,100000,97000,100000,93000,92000,92000,82000,84000
Q61152,46000,46000,56000,48000,45000,46000,48000,49000
Q06180,96000,90000,74000,100000,96000,95000,110000,110000
Q6PB44,69000,68000,72000,70000,80000,77000,83000,84000
Q9WU22,18000,15000,15000,17000,15000,17000,18000,18000
P29351,150000,150000,95000,150000,140000,140000,120000,120000
Q8BUM3,120000,130000,130000,110000,110000,110000,99000,96000
O35239,50000,48000,53000,50000,51000,51000,51000,51000
P18052,57000,57000,55000,52000,53000,52000,51000,49000
Q91V35,57000,56000,54000,52000,53000,52000,52000,50000
P06800,260000,250000,270000,250000,320000,320000,300000,300000
Q64697,60000,62000,63000,76000,65000,64000,74000,74000
P49446,67000,67000,67000,60000,58000,57000,51000,48000
E9Q612,5800,5200,4900,4900,5100,5200,6000,6100
Q8BW00,7400,7900,7500,8400,8900,9400,11000,10000
Q8R2Y8,68000,66000,65000,64000,68000,71000,77000,80000
D3Z4S3,68000,69000,68000,130000,73000,71000,66000,70000
Q9R1Z7,9700,9500,9100,9000,7400,7600,6900,7500
Q3UEB3-2,150000,150000,150000,140000,160000,160000,180000,180000
Q3UEB3,150000,150000,150000,140000,160000,160000,180000,180000
E9Q765,34000,31000,34000,33000,41000,41000,52000,46000
Q80U58-2,110000,96000,120000,110000,140000,130000,150000,150000
Q80U58,110000,96000,120000,110000,130000,130000,150000,150000
P42669,190000,180000,170000,170000,180000,180000,170000,170000
O35295,160000,150000,140000,140000,160000,150000,150000,150000
Q9WU56,92000,87000,91000,89000,97000,95000,110000,110000
Q9D3U0,81000,81000,83000,78000,84000,81000,93000,93000
Q9JI38,75000,71000,78000,81000,83000,83000,82000,84000
Q8CE46,86000,87000,81000,84000,91000,91000,100000,110000
A2ADA5,24000,25000,25000,26000,29000,26000,37000,35000
A2ADA5-2,26000,25000,38000,28000,29000,32000,39000,36000
Q8BX57,63000,60000,52000,64000,61000,62000,67000,62000
Q9JJW0,61000,56000,54000,66000,52000,51000,43000,43000
Q8VI36,69000,71000,73000,66000,73000,73000,69000,71000
Q9EPB4,190000,200000,210000,180000,180000,180000,160000,160000
Q922W5,62000,71000,60000,73000,62000,72000,76000,90000
Q922Q4,160000,160000,170000,160000,170000,170000,190000,190000
Q9DCC4,96000,92000,100000,91000,100000,100000,110000,120000
Q8CI94,190000,190000,190000,190000,180000,190000,160000,160000
Q9ET01,88000,84000,91000,84000,83000,83000,73000,74000
Q9WUB3,140000,130000,140000,130000,130000,140000,110000,120000
Q80V76,21000,22000,22000,20000,21000,20000,20000,19000
Q8BV49,210000,200000,130000,210000,180000,190000,180000,180000
Q8BVI4,98000,98000,97000,91000,100000,100000,110000,110000
Q8R404,56000,55000,59000,52000,53000,54000,53000,50000
Q9QYS9,97000,99000,94000,92000,110000,110000,120000,110000
Q8BH73,11000,10000,9900,12000,10000,11000,9400,9800
Q3UA37,110000,100000,120000,100000,120000,120000,120000,110000
Q9CZN8,52000,55000,56000,51000,52000,49000,49000,49000
Q3TMX7,15000,15000,14000,14000,16000,17000,19000,18000
Q9JMA2,30000,29000,31000,27000,32000,30000,40000,38000
Q8BSI6,21000,21000,16000,21000,20000,20000,27000,26000
Q8BJM3,47000,44000,29000,46000,51000,48000,53000,54000
E9Q9Q2,25000,26000,24000,25000,29000,26000,32000,30000
Q80TM6,17000,18000,16000,19000,20000,17000,20000,20000
Q4VBF2,33000,31000,25000,39000,26000,28000,36000,36000
Q5SW88,180000,170000,170000,180000,190000,180000,190000,190000
P61027,180000,170000,170000,210000,200000,190000,210000,210000
P62492,160000,160000,160000,170000,160000,160000,160000,160000
P46638,160000,160000,160000,160000,160000,170000,160000,160000
Q9D620,71000,70000,58000,67000,74000,69000,86000,85000
E9Q8L9,71000,70000,59000,66000,74000,69000,86000,85000
P35283,55000,51000,50000,55000,62000,58000,70000,70000
Q91V41,140000,140000,130000,140000,140000,150000,150000,150000
P35293,130000,120000,120000,130000,140000,140000,160000,160000
P35294,84000,79000,86000,89000,72000,75000,67000,67000
Q9D1G1,170000,160000,170000,170000,160000,170000,170000,170000
P35282,22000,21000,21000,21000,21000,21000,22000,22000
P35285,78000,73000,74000,74000,76000,76000,77000,76000
Q9D4I9,22000,22000,21000,20000,26000,23000,30000,30000
P35290,110000,110000,110000,110000,110000,110000,100000,100000
Q9ERI2,170000,160000,160000,160000,150000,150000,130000,130000
Q99KL7,32000,30000,32000,31000,28000,30000,26000,27000
E9QLQ7,66000,64000,67000,64000,60000,61000,55000,49000
Q91YQ1,50000,50000,51000,49000,46000,47000,43000,40000
P53994,140000,130000,140000,140000,150000,150000,160000,160000
P59279,120000,120000,120000,120000,130000,130000,130000,140000
Q921E2,85000,83000,79000,79000,79000,80000,78000,81000
Q9CZE3,38000,38000,40000,39000,35000,36000,29000,28000
O35963,43000,44000,41000,43000,48000,47000,47000,45000
Q6PHN9,160000,150000,150000,160000,160000,160000,150000,150000
P63011,100000,96000,110000,89000,100000,96000,100000,100000
P35276,100000,94000,110000,99000,110000,110000,100000,110000
Q80UJ7,69000,69000,72000,68000,79000,78000,81000,80000
Q8BMG7,110000,110000,120000,100000,110000,110000,120000,110000
E9QKE4,110000,110000,110000,100000,110000,110000,120000,120000
Q68EF0,61000,58000,59000,59000,51000,53000,55000,56000
Q8CG50,58000,60000,60000,64000,73000,69000,79000,81000
P56371,52000,54000,51000,51000,53000,54000,51000,52000
Q91ZR1,110000,110000,100000,110000,100000,100000,85000,87000
Q9CQD1,110000,110000,100000,120000,120000,120000,120000,120000
P61021,100000,100000,98000,110000,110000,110000,100000,110000
P35278,140000,130000,130000,140000,140000,150000,150000,150000
P35279,110000,110000,100000,110000,120000,120000,140000,140000
P61294,110000,110000,110000,110000,120000,120000,130000,130000
P51150,120000,120000,120000,120000,130000,130000,140000,150000
P55258,160000,140000,140000,140000,160000,160000,170000,170000
Q9R0M6,71000,72000,68000,71000,70000,72000,84000,86000
Q9Z0S9,82000,76000,65000,64000,76000,80000,97000,95000
O35551,61000,60000,67000,60000,74000,72000,79000,80000
Q91WG2,50000,50000,52000,47000,47000,46000,44000,46000
Q8VCH5,49000,48000,52000,46000,43000,44000,43000,43000
A2AWA9,110000,110000,120000,110000,120000,120000,120000,120000
A6H6A9-3,59000,57000,64000,58000,59000,60000,76000,74000
Q9JM13,65000,69000,63000,69000,74000,75000,76000,84000
Q91X96,80000,81000,82000,82000,80000,83000,75000,77000
Q9D4V7,54000,54000,60000,55000,59000,61000,63000,66000
Q5U3K5,94000,94000,75000,87000,99000,99000,110000,110000
P63001,250000,240000,220000,240000,240000,240000,230000,220000
Q05144,240000,240000,220000,260000,240000,240000,220000,220000
P60764,240000,240000,230000,250000,240000,240000,220000,220000
Q9QWZ1,67000,75000,79000,72000,66000,68000,77000,82000
Q6NXW6,47000,47000,38000,46000,48000,47000,51000,48000
Q9QXK2,51000,49000,43000,52000,50000,50000,53000,55000
Q61550,180000,180000,190000,180000,170000,180000,150000,150000
P54726,180000,180000,190000,170000,180000,190000,170000,180000
P54728,180000,180000,180000,170000,180000,180000,200000,200000
P70388,120000,120000,130000,120000,120000,120000,120000,120000
E9QKL0,51000,52000,51000,48000,55000,53000,58000,60000
Q99NG0,51000,51000,51000,48000,55000,53000,58000,60000
Q8C570,97000,99000,100000,94000,110000,110000,120000,130000
Q99N57,82000,78000,74000,80000,80000,80000,85000,89000
Q61818,15000,16000,8500,13000,14000,14000,15000,16000
P63321,78000,76000,75000,91000,75000,73000,72000,70000
Q9JIW9,61000,56000,61000,64000,56000,54000,53000,53000
Q62172,44000,45000,39000,44000,45000,45000,43000,44000
Q6GYP7,46000,45000,46000,47000,52000,51000,56000,56000
A3KGS3,47000,48000,49000,48000,51000,49000,53000,50000
F8WHN4,59000,60000,57000,60000,61000,59000,59000,62000
Q8BQZ4,59000,60000,57000,60000,61000,59000,59000,62000
A2ACC6,59000,60000,56000,60000,61000,59000,59000,62000
Q9ERD6,55000,53000,56000,53000,51000,52000,51000,51000
Q64012,180000,160000,99000,220000,160000,170000,230000,240000
P62827,650000,650000,570000,680000,680000,680000,720000,700000
Q6VN19,42000,43000,43000,40000,43000,45000,45000,43000
Q9ERU9,180000,180000,190000,180000,200000,200000,220000,220000
Q9CT10,140000,140000,150000,130000,150000,160000,160000,170000
P69566,73000,75000,83000,73000,82000,82000,96000,97000
P62835,160000,180000,130000,180000,160000,160000,160000,170000
Q99JI6,160000,180000,130000,180000,160000,160000,150000,160000
E9Q912,150000,160000,160000,160000,150000,160000,150000,150000
Q80ZJ1,54000,62000,48000,60000,59000,62000,51000,52000
P61226,81000,90000,74000,93000,83000,83000,70000,69000
Q8BU31,59000,68000,57000,61000,64000,67000,56000,56000
Q3UHC1,59000,59000,57000,53000,54000,52000,57000,60000
Q8CHG7,21000,21000,18000,19000,17000,18000,15000,15000
Q9EQZ6,34000,38000,36000,36000,33000,35000,31000,33000
Q9EQZ6-2,19000,19000,19000,19000,20000,21000,24000,23000
Q5NCJ1,78000,77000,67000,73000,64000,68000,59000,60000
Q5NCJ0,78000,77000,67000,72000,65000,69000,61000,62000
F2Z3U3,130000,130000,96000,140000,110000,110000,95000,94000
P11416,84000,78000,76000,81000,76000,69000,57000,61000
Q9D0I9,130000,130000,120000,130000,150000,150000,180000,180000
Q3U186,110000,110000,110000,110000,110000,100000,110000,110000
E9PYG6,47000,49000,46000,49000,48000,45000,47000,46000
P58069,60000,58000,55000,56000,71000,68000,70000,69000
Q6PFQ7,8800,9700,7500,9500,9000,9200,8600,8400
Q9Z268,53000,52000,60000,53000,49000,49000,46000,43000
Q8C2K5,170000,160000,80000,200000,160000,150000,150000,150000
Q9Z1S3,19000,19000,19000,19000,19000,20000,17000,17000
Q9QUG9,110000,110000,110000,110000,110000,110000,83000,80000
Q61820,290000,320000,270000,320000,350000,350000,340000,370000
Q99MK9,56000,57000,52000,59000,82000,81000,73000,75000
Q8BMS9,170000,170000,140000,170000,150000,160000,130000,130000
Q99P51,20000,19000,22000,22000,21000,21000,20000,21000
Q5EBH1,110000,110000,110000,120000,100000,110000,86000,86000
Q9CW46,140000,150000,140000,140000,150000,150000,160000,160000
Q7TPD6,15000,17000,17000,15000,15000,16000,11000,12000
P13405,41000,40000,36000,40000,42000,41000,45000,47000
Q9ESK9,150000,140000,160000,140000,130000,140000,120000,120000
Q60972,180000,180000,210000,180000,200000,210000,210000,220000
Q8BX09,99000,96000,100000,94000,100000,100000,99000,100000
P97868,94000,86000,51000,76000,99000,99000,110000,110000
Q60973,170000,170000,210000,170000,210000,200000,220000,230000
Q80YR6,36000,30000,30000,31000,39000,42000,44000,40000
O88851,100000,110000,110000,94000,96000,99000,85000,87000
Q9WUB0,78000,79000,83000,73000,70000,71000,69000,71000
Q8R1Q9,49000,48000,52000,47000,46000,49000,45000,46000
Q64701,29000,30000,31000,27000,27000,30000,40000,40000
Q99KG3,110000,110000,110000,110000,110000,110000,110000,110000
Q99KG3-2,110000,110000,110000,110000,110000,110000,110000,110000
Q8R4X3,130000,130000,140000,130000,140000,140000,140000,140000
Q80YR9,99000,98000,94000,95000,99000,100000,110000,110000
Q66JV4,95000,97000,92000,95000,100000,100000,110000,110000
Q8C2Q3,180000,170000,160000,170000,170000,170000,160000,170000
Q0VBL3,140000,140000,73000,150000,140000,130000,140000,140000
Q6PHZ5,52000,51000,28000,57000,50000,50000,61000,56000
Q8JZX4,140000,130000,99000,140000,150000,150000,160000,160000
Q9CR83,14000,15000,15000,15000,22000,20000,19000,20000
Q8BHS3,160000,140000,120000,160000,150000,150000,160000,160000
B2RY56,170000,160000,180000,170000,180000,180000,180000,190000
Q6NZN0,110000,110000,56000,120000,110000,110000,130000,140000
Q5SFM8,120000,110000,59000,120000,120000,120000,150000,150000
O89086,120000,120000,130000,120000,140000,140000,160000,170000
Q9CXK9,88000,90000,42000,91000,83000,85000,89000,94000
Q62176,49000,52000,55000,51000,57000,54000,63000,66000
Q8VH51,160000,160000,130000,160000,170000,170000,190000,180000
Q8JZV4,10000,9500,7800,12000,10000,9600,14000,13000
Q91V81,120000,110000,69000,120000,110000,110000,150000,150000
Q99J64,38000,37000,37000,32000,30000,35000,26000,24000
Q8BHN5,76000,77000,75000,71000,87000,85000,90000,91000
Q8K2X2,24000,25000,15000,25000,22000,22000,31000,30000
Q8VE92,130000,130000,130000,120000,130000,130000,140000,140000
Q91YE7,99000,100000,110000,96000,110000,110000,100000,110000
S4R1W5,89000,87000,91000,88000,93000,93000,88000,88000
Q9CQT2,87000,83000,82000,83000,85000,85000,89000,90000
A0A023T672,170000,170000,160000,170000,180000,180000,200000,190000
Q9CWZ3-2,170000,170000,160000,170000,180000,180000,200000,190000
Q91W59,49000,51000,53000,47000,51000,53000,49000,49000
Q9WV02,160000,150000,120000,180000,170000,170000,230000,240000
Q8R0F5,31000,31000,27000,29000,36000,34000,40000,40000
Q91VM5,160000,150000,120000,180000,170000,170000,240000,250000
Q4VGL6,14000,15000,14000,18000,19000,20000,22000,24000
P0C090,13000,13000,12000,14000,17000,16000,18000,19000
Q9JKK0,25000,26000,26000,25000,24000,24000,26000,24000
Q6NXM2,37000,40000,40000,36000,36000,37000,34000,35000
Q99LJ7,100000,100000,110000,100000,94000,100000,83000,90000
Q8VE37,150000,150000,87000,160000,150000,150000,190000,190000
Q8BK67,220000,210000,220000,210000,220000,220000,210000,200000
Q8BTU7,28000,26000,31000,26000,26000,27000,22000,23000
P57791,22000,20000,22000,21000,25000,24000,28000,30000
Q05186,82000,80000,91000,77000,87000,89000,85000,87000
Q8BP92,100000,110000,120000,99000,110000,110000,99000,94000
Q8CFE3,110000,110000,94000,110000,110000,110000,110000,100000
Q6PGA0-2,77000,70000,67000,71000,76000,70000,70000,63000
Q6PGA0,78000,68000,66000,71000,76000,70000,70000,64000
Q8BYK4,49000,46000,47000,50000,40000,40000,36000,33000
Q8CEE7,61000,60000,62000,58000,71000,69000,72000,75000
Q9ERI6,81000,77000,80000,80000,74000,73000,63000,65000
P26043,1000000,1000000,750000,1000000,970000,990000,890000,880000
Q9Z129,130000,130000,100000,130000,120000,120000,100000,100000
F6S4D9,73000,61000,60000,75000,64000,65000,53000,54000
Q8K072,54000,53000,48000,67000,56000,53000,80000,81000
G3X8R0,130000,140000,110000,140000,99000,100000,110000,120000
Q60870,80000,55000,100000,73000,60000,56000,65000,68000
Q04207,99000,98000,92000,97000,110000,110000,100000,110000
Q8K2J7,170000,170000,150000,150000,160000,170000,140000,150000
Q60841,28000,27000,27000,26000,25000,25000,27000,26000
P82343,8000,8400,8100,9200,8900,8900,7600,7500
O54916,110000,110000,100000,100000,100000,100000,100000,100000
F6YT69,59000,49000,65000,61000,57000,55000,55000,54000
Q9CQU3,53000,52000,54000,53000,58000,53000,65000,61000
Q80TZ9,31000,29000,34000,30000,30000,32000,25000,25000
Q8VIG1,74000,59000,18000,83000,73000,78000,46000,67000
Q61493,180000,170000,200000,170000,170000,170000,150000,140000
Q9D8S4,140000,140000,160000,130000,150000,150000,180000,180000
Q9WUK4,45000,46000,46000,44000,42000,44000,47000,48000
Q8R323,61000,58000,60000,60000,57000,57000,61000,61000
Q99J62,98000,97000,95000,97000,90000,92000,120000,130000
Q9D0F6,58000,58000,58000,58000,58000,58000,62000,56000
Q8K2P6,23000,21000,25000,21000,21000,20000,18000,17000
Q8CFV9,46000,47000,50000,46000,52000,51000,67000,62000
Q8C3B8,36000,32000,33000,35000,33000,32000,36000,37000
Q6A0D4,110000,110000,83000,100000,100000,100000,110000,110000
P48377,120000,110000,120000,110000,110000,110000,88000,89000
P48381,21000,21000,21000,20000,20000,20000,18000,17000
Q9JL61,55000,50000,36000,61000,51000,49000,50000,50000
F8VPJ6,25000,24000,22000,25000,30000,27000,31000,33000
Q9Z205,18000,19000,20000,18000,18000,18000,21000,19000
Q9Z205-2,23000,23000,25000,23000,22000,23000,25000,23000
Q8VCG9,38000,35000,36000,37000,39000,39000,41000,42000
Q9DBX1,71000,76000,100000,83000,110000,100000,81000,88000
Q61193,56000,57000,54000,53000,51000,52000,44000,43000
Q9CQE5,160000,170000,170000,150000,150000,150000,130000,130000
P97492,130000,130000,140000,130000,120000,120000,98000,98000
Q9CX84,96000,96000,90000,88000,84000,86000,72000,74000
O08849,57000,62000,35000,59000,20000,20000,29000,27000
F6X4A2,77000,76000,80000,74000,90000,85000,88000,90000
Q9DC04,120000,120000,130000,120000,150000,140000,140000,150000
Q8BHC7,34000,30000,32000,33000,32000,26000,35000,32000
Q80WQ6,28000,28000,24000,25000,23000,24000,22000,23000
Q921J2,65000,69000,68000,68000,89000,87000,80000,81000
Q9QUI0,150000,150000,130000,140000,150000,150000,140000,140000
Q8BYP3,81000,80000,75000,82000,85000,81000,82000,78000
P84096,130000,130000,130000,130000,130000,130000,120000,120000
Q8R527,67000,67000,64000,69000,68000,68000,63000,61000
Q8BG51,33000,31000,39000,37000,40000,38000,40000,41000
Q8JZN7,44000,42000,43000,43000,42000,42000,46000,45000
Q69ZJ7,10000,9800,9800,8900,9600,11000,12000,11000
Q3TIR3,110000,120000,120000,120000,110000,110000,110000,120000
Q6QI06,65000,65000,66000,65000,79000,76000,91000,90000
Q6PR54,40000,41000,26000,44000,39000,37000,54000,59000
P59729,79000,79000,73000,80000,70000,70000,55000,53000
O35730,29000,30000,32000,29000,29000,29000,30000,31000
Q80UW3,27000,26000,20000,24000,18000,18000,19000,20000
Q8BZ36,37000,39000,39000,37000,40000,39000,37000,39000
Q60855,88000,89000,89000,87000,96000,97000,99000,97000
P58801,49000,48000,50000,50000,51000,53000,50000,51000
Q9QZL0,67000,67000,69000,67000,82000,77000,88000,89000
P70426,5700,6200,6300,6800,7100,7200,6500,7000
A2A7F4,32000,30000,22000,34000,33000,33000,37000,36000
Q3V3V9-2,22000,21000,12000,22000,20000,20000,22000,22000
Q3V3V9,25000,24000,15000,26000,23000,22000,24000,25000
Q9DCV4,76000,75000,81000,74000,71000,74000,65000,63000
Q3UJU9,59000,59000,63000,62000,63000,64000,73000,73000
Q9D4G9,22000,23000,23000,23000,26000,27000,29000,30000
Q8CI78,67000,68000,69000,68000,61000,63000,52000,49000
Q80YQ8,16000,17000,16000,15000,17000,17000,17000,18000
Q91YQ7,16000,15000,19000,16000,15000,14000,20000,19000
E9QLN8,26000,26000,25000,25000,27000,25000,29000,27000
O70338,19000,20000,18000,20000,20000,19000,21000,20000
Q9CWY8,120000,120000,120000,120000,110000,120000,120000,130000
Q80ZV0,82000,83000,61000,110000,85000,84000,91000,94000
Q9CQ18,37000,42000,44000,39000,39000,41000,38000,40000
Q05921,51000,51000,49000,51000,45000,46000,40000,40000
Q9CQ01,82000,74000,86000,67000,61000,61000,86000,83000
Q8R3P8,110000,110000,120000,110000,120000,120000,110000,120000
Q14B01,150000,150000,170000,140000,150000,150000,150000,150000
Q9ET26,35000,35000,41000,36000,41000,39000,40000,41000
Q8R1Z9,36000,34000,36000,34000,38000,37000,48000,49000
Q5XPI3,43000,44000,44000,44000,44000,42000,42000,43000
O54965,8100,6700,7200,6700,7000,6900,6800,7100
Q8VEM1,170000,150000,100000,150000,140000,140000,120000,110000
Q9JI90,69000,63000,65000,64000,63000,66000,52000,53000
Q9CZW6,63000,64000,64000,60000,67000,68000,64000,61000
Q3U9F6,45000,49000,44000,43000,47000,53000,42000,42000
Q91XF4,12000,12000,11000,13000,11000,11000,8800,9100
E9Q7F2,8900,11000,9700,9500,8500,8500,9200,8800
Q91YT2,18000,18000,20000,19000,20000,20000,17000,21000
Q9CQJ4,73000,71000,77000,71000,83000,80000,93000,91000
Q5DTM8,120000,110000,120000,120000,140000,140000,140000,150000
F7A6H4,140000,130000,140000,130000,130000,130000,120000,110000
E9Q555,140000,130000,140000,130000,130000,130000,120000,110000
Q8BFU3,39000,41000,43000,36000,40000,40000,46000,47000
Q8BFU3-2,39000,40000,43000,36000,40000,39000,46000,47000
Q6PDX6,39000,38000,38000,36000,43000,40000,51000,51000
Q924T7,65000,66000,67000,62000,65000,64000,67000,67000
Q99KR6,9500,9600,10000,8800,10000,9700,13000,12000
Q3U319,110000,100000,100000,100000,120000,110000,120000,120000
Q8BH75,22000,24000,26000,21000,24000,25000,25000,27000
Q9DBU5,5900,5500,3700,5100,7200,6900,8000,5800
O55236,140000,140000,140000,140000,140000,140000,130000,130000
Q91VI7,100000,110000,110000,110000,110000,110000,110000,120000
Q9D0L8,130000,130000,130000,120000,130000,130000,120000,120000
Q3UZ01,37000,37000,34000,35000,38000,38000,36000,35000
Q8VCT3,170000,160000,160000,160000,150000,160000,160000,150000
G5E872,16000,17000,16000,16000,14000,14000,16000,15000
Q99M28,120000,120000,120000,120000,120000,120000,130000,130000
P70335,140000,130000,93000,130000,140000,140000,120000,130000
P70335-2,140000,130000,93000,130000,140000,140000,120000,130000
P70336,97000,93000,68000,92000,100000,100000,110000,110000
F8VPK5,97000,93000,68000,91000,100000,100000,110000,110000
Q9EPK2,58000,60000,54000,56000,56000,56000,57000,55000
P97762,50000,50000,49000,47000,47000,47000,44000,44000
Q8VEE4,210000,200000,200000,200000,190000,190000,180000,180000
Q62193,39000,41000,42000,40000,42000,43000,42000,45000
Q9CQ71,130000,130000,140000,120000,120000,130000,120000,110000
Q9CWY9,14000,14000,16000,13000,15000,15000,14000,15000
Q80TE0,66000,63000,63000,63000,62000,60000,69000,71000
Q8VC34,26000,24000,23000,25000,25000,26000,30000,29000
Q8VEE0,65000,67000,68000,63000,63000,64000,57000,55000
Q7TND5,15000,14000,12000,24000,16000,14000,30000,28000
Q6ZWV3,120000,110000,100000,160000,140000,130000,210000,200000
P53026,110000,110000,77000,130000,140000,130000,190000,180000
Q5XJF6,110000,110000,78000,130000,140000,130000,190000,180000
Q9CXW4,150000,140000,95000,160000,150000,140000,190000,200000
P35979,190000,180000,170000,210000,200000,200000,270000,250000
P19253,130000,130000,76000,160000,180000,170000,250000,250000
P62717,130000,120000,76000,190000,160000,140000,250000,250000
Q9D8M4,65000,73000,51000,99000,92000,79000,130000,110000
D3Z629,110000,110000,95000,130000,120000,120000,160000,150000
P51410,150000,150000,130000,190000,170000,170000,220000,210000
Q91YQ5,170000,160000,190000,170000,190000,180000,220000,220000
Q9DBG6,130000,120000,130000,130000,130000,130000,160000,160000
Q8R040,16000,24000,29000,24000,19000,16000,18000,18000
Q99JH1,12000,11000,11000,13000,12000,13000,17000,16000
O88796,120000,120000,110000,110000,110000,110000,120000,110000
Q8R1F9,90000,88000,78000,86000,90000,86000,77000,85000
Q8VDS4,23000,24000,20000,23000,26000,24000,26000,24000
Q9CSU0,130000,130000,120000,130000,120000,130000,110000,110000
Q6NXI6-2,130000,130000,120000,130000,120000,130000,120000,120000
Q6NXI6,130000,130000,120000,130000,120000,130000,120000,120000
P62281,98000,94000,86000,230000,150000,130000,360000,340000
P62301,100000,100000,90000,170000,160000,140000,240000,210000
P62245,150000,150000,150000,160000,170000,170000,220000,210000
P14131,110000,86000,88000,210000,150000,140000,300000,300000
Q9CQR2,160000,150000,170000,150000,190000,180000,220000,230000
P62983,2600000,2700000,2600000,2900000,2900000,2900000,3700000,3600000
P62908,180000,200000,180000,230000,230000,210000,290000,270000
P62702,140000,130000,100000,200000,190000,170000,310000,310000
F6Q8A4,180000,170000,160000,170000,160000,160000,150000,140000
P18653,180000,170000,160000,170000,160000,160000,150000,140000
P18654,200000,190000,180000,180000,170000,180000,150000,150000
Q9Z2B9,96000,90000,70000,94000,78000,78000,75000,70000
Q8BSK8,41000,40000,36000,40000,41000,41000,43000,43000
Q9Z1M4,19000,20000,21000,22000,21000,21000,22000,20000
Q6ZWN5,110000,130000,97000,270000,150000,130000,240000,200000
Q8K4Q0,46000,47000,45000,44000,47000,46000,49000,50000
Q149F1,76000,75000,71000,75000,83000,82000,100000,99000
Q14AI6,16000,16000,15000,14000,14000,15000,16000,15000
Q9CWX4,23000,23000,18000,29000,20000,21000,27000,27000
Q9JKY0,130000,130000,140000,120000,130000,130000,150000,140000
Q80X95,46000,43000,45000,46000,50000,49000,43000,47000
Q99K70,110000,110000,110000,100000,110000,120000,120000,120000
Q7TT45,91000,94000,85000,83000,91000,94000,85000,89000
P10833,63000,65000,58000,62000,61000,65000,62000,59000
P62071,110000,120000,100000,110000,110000,110000,110000,110000
Q3UH06,17000,18000,8800,21000,14000,15000,14000,15000
Q6PEE3,47000,45000,50000,47000,45000,45000,40000,41000
Q8BZG5,9100,8800,8500,8000,8600,8000,9800,8700
Q9CYX7,110000,110000,75000,120000,130000,120000,190000,210000
Q80T69,88000,88000,82000,86000,95000,94000,110000,110000
D3Z0K6,140000,130000,110000,140000,140000,140000,140000,150000
Q9ER99,18000,22000,17000,19000,21000,23000,27000,23000
E9Q4Y2,82000,82000,88000,81000,89000,90000,93000,94000
Q8BVR6,23000,25000,23000,23000,24000,25000,25000,24000
Q9DBU6,91000,91000,98000,87000,86000,89000,85000,87000
S4R2L4,64000,64000,70000,62000,70000,71000,77000,78000
A2RTL5,64000,64000,69000,61000,70000,70000,78000,79000
Q01730,130000,130000,98000,130000,120000,120000,120000,120000
D3Z263,75000,75000,64000,71000,69000,71000,62000,64000
Q9D7H3,100000,99000,100000,110000,93000,100000,81000,79000
Q99LF4,170000,170000,170000,160000,180000,170000,200000,200000
Q0VGM9,5800,5400,6100,6400,6600,5800,6700,7000
A2AQ19,120000,120000,130000,120000,120000,120000,110000,110000
Q99K95,17000,17000,11000,18000,21000,19000,28000,31000
Q8BH78,54000,58000,66000,60000,65000,65000,62000,62000
Q99P72,54000,57000,66000,58000,62000,62000,66000,65000
Q924D0,20000,22000,23000,20000,18000,20000,18000,17000
Q9ER80,51000,51000,47000,54000,49000,57000,38000,35000
Q8R4Y8,32000,33000,31000,34000,29000,31000,32000,31000
Q8BIJ7,100000,100000,100000,97000,94000,95000,97000,99000
Q8R4C2,69000,66000,70000,64000,64000,63000,53000,55000
Q9D394-2,49000,51000,50000,49000,55000,54000,63000,66000
Q9D394,47000,50000,50000,47000,56000,54000,63000,65000
Q3UM65,100000,100000,85000,99000,97000,96000,74000,75000
Q03347,100000,96000,83000,96000,94000,93000,73000,74000
A0A087WPL0,52000,30000,56000,56000,48000,48000,32000,30000
F8WHN7,24000,23000,20000,22000,23000,23000,21000,21000
Q64131,51000,53000,41000,50000,46000,46000,41000,41000
Q8BG26,21000,24000,23000,21000,22000,22000,25000,24000
P60122,140000,140000,150000,130000,150000,150000,180000,170000
Q9WTM5,190000,190000,200000,180000,200000,200000,240000,240000
P28704,45000,42000,33000,42000,43000,42000,48000,47000
P28705,30000,30000,25000,35000,30000,30000,36000,32000
Q8CCI5,29000,29000,28000,28000,30000,31000,30000,29000
P08207,74000,75000,89000,75000,54000,57000,59000,58000
P50543,130000,85000,170000,120000,110000,120000,83000,89000
P97352,200000,200000,210000,180000,180000,190000,150000,150000
P07091,110000,100000,120000,110000,98000,98000,82000,83000
P27005,19000,22000,20000,20000,20000,19000,16000,14000
Q9D5K4,51000,48000,52000,51000,50000,51000,50000,49000
Q9Z0L1,33000,33000,32000,31000,23000,25000,24000,22000
Q9D2C2,71000,70000,78000,67000,64000,65000,57000,57000
Q9EP69,160000,150000,160000,150000,160000,150000,160000,160000
Q9JLC8,50000,50000,49000,49000,59000,57000,70000,71000
Q9R1T2,200000,190000,210000,180000,190000,190000,180000,180000
D3YXK2,160000,150000,140000,160000,150000,160000,140000,150000
D6RHP9,91000,92000,84000,86000,87000,85000,83000,78000
Q80YR5,140000,130000,110000,140000,130000,140000,130000,130000
P20443,47000,46000,41000,48000,45000,45000,39000,39000
Q9QX96,8900,9300,8000,7800,7300,7000,7900,8600
D3YXK1,35000,35000,27000,35000,31000,31000,36000,35000
Q80XS6,28000,26000,28000,26000,31000,32000,36000,36000
Q69Z37,88000,89000,91000,86000,81000,80000,69000,68000
Q60710,210000,210000,200000,200000,200000,210000,180000,180000
F8WJE0,210000,210000,200000,200000,200000,210000,180000,180000
Q8BGH2,150000,150000,130000,140000,140000,150000,150000,150000
Q8BIH0,120000,110000,72000,120000,100000,110000,99000,97000
O55128,180000,160000,170000,170000,180000,180000,170000,190000
Q02614,120000,120000,120000,120000,130000,130000,140000,140000
Q5SQF8,28000,25000,20000,38000,24000,26000,25000,24000
Q99JZ4,120000,120000,120000,120000,140000,140000,150000,160000
P36536,96000,91000,110000,90000,110000,110000,130000,140000
Q9CQC9,120000,120000,120000,110000,130000,130000,150000,160000
Q8R3Q0,68000,61000,66000,70000,60000,68000,50000,49000
Q9D1J3,190000,170000,110000,190000,160000,170000,180000,180000
P26638,170000,160000,160000,150000,170000,170000,190000,190000
Q8C483,170000,160000,160000,150000,170000,170000,190000,190000
Q9JJL8,89000,90000,93000,86000,88000,90000,88000,89000
Q9JLI8,160000,160000,140000,150000,150000,150000,140000,140000
Q8K352,76000,76000,67000,72000,70000,72000,63000,65000
Q60611,160000,160000,170000,160000,210000,210000,210000,210000
P70122,160000,140000,100000,190000,150000,150000,190000,190000
Q6ZPE2,130000,120000,110000,120000,120000,120000,120000,110000
E9PXF8,65000,61000,52000,58000,59000,59000,62000,56000
Q7TNB8,41000,41000,44000,42000,53000,51000,58000,56000
Q5U4C3,66000,63000,45000,65000,59000,59000,64000,65000
E9PZM7,57000,54000,31000,59000,59000,55000,70000,70000
Q6PFF0,90000,87000,84000,91000,97000,90000,93000,90000
Q6DID3,100000,100000,100000,100000,120000,120000,120000,120000
Q8C8N2,47000,47000,42000,42000,46000,47000,44000,40000
Q9ERN0,54000,50000,57000,50000,53000,51000,49000,49000
O35609,98000,75000,110000,95000,90000,90000,79000,87000
Q3UXS0,98000,75000,110000,95000,90000,90000,79000,87000
Q9JKV5,56000,52000,61000,69000,53000,56000,51000,52000
F8VQ70,19000,21000,8900,19000,18000,16000,19000,19000
O35114,100000,91000,100000,87000,92000,97000,100000,95000
Q8R127,6200,6900,8600,6800,5400,4600,5300,5900
Q8BRF7,110000,100000,110000,100000,110000,110000,120000,120000
Q8BTY8,34000,34000,35000,33000,34000,32000,34000,32000
Q60604,10000,12000,12000,11000,12000,13000,12000,12000
G5E861,18000,18000,18000,18000,18000,18000,17000,16000
Q9JLI6,94000,93000,98000,88000,87000,89000,86000,86000
Q80VG1,26000,28000,19000,26000,23000,23000,18000,19000
Q8K136,31000,30000,30000,35000,29000,26000,33000,33000
Q5SUC9,89000,85000,81000,86000,88000,84000,96000,91000
P32020,180000,170000,190000,170000,160000,160000,150000,140000
Q920A5,35000,30000,41000,31000,34000,33000,35000,36000
Q80U72,72000,72000,74000,69000,80000,77000,98000,100000
Q80U72-4,71000,71000,73000,69000,81000,78000,97000,100000
Q8VCA8,61000,66000,62000,60000,61000,60000,62000,56000
Q3TMH2,71000,75000,73000,66000,64000,67000,53000,53000
Q9EQC5,57000,54000,45000,55000,60000,60000,64000,66000
Q8CFE4,87000,86000,84000,87000,94000,93000,99000,97000
Q8CFE4-2,63000,62000,62000,63000,69000,67000,72000,71000
Q9DBQ7,19000,18000,20000,18000,20000,19000,22000,20000
A2AIW0-2,60000,58000,57000,54000,65000,67000,69000,68000
A2AIW0,57000,52000,53000,49000,61000,65000,64000,62000
Q80UF4,20000,20000,23000,21000,18000,20000,18000,18000
Q8K1J5,52000,44000,77000,64000,65000,62000,68000,64000
Q9DCT5,14000,16000,19000,14000,16000,16000,22000,21000
Q9ESP1,35000,32000,45000,38000,41000,41000,46000,48000
Q8K2B3,150000,160000,170000,150000,160000,160000,170000,180000
Q3U276,37000,37000,31000,50000,44000,40000,50000,50000
Q8BTE0,84000,86000,92000,82000,85000,83000,83000,79000
Q9CQA3,160000,160000,160000,150000,160000,160000,160000,160000
Q9CZB0,77000,80000,70000,66000,72000,74000,66000,61000
Q9CXV1,36000,33000,33000,31000,33000,34000,37000,36000
Q5M8N4,130000,130000,130000,120000,120000,120000,100000,100000
Q9R0P6,140000,140000,130000,140000,120000,130000,130000,130000
Q9D8V7,83000,80000,86000,86000,72000,73000,66000,66000
Q9D1M0,140000,130000,150000,130000,150000,150000,160000,160000
F6T8X6,41000,41000,39000,41000,41000,42000,41000,40000
A2AIX1,120000,130000,140000,120000,140000,140000,140000,140000
Q8BH47,40000,39000,36000,37000,35000,35000,40000,37000
O08547,160000,150000,160000,160000,150000,150000,160000,150000
Q01405,50000,50000,54000,50000,51000,52000,53000,52000
Q9D662,130000,130000,140000,130000,140000,140000,160000,150000
G3X928,110000,100000,110000,110000,120000,120000,140000,140000
Q6NZC7,110000,100000,110000,110000,120000,120000,140000,140000
Q3U2P1,45000,45000,45000,42000,53000,51000,63000,64000
A2AA71,45000,44000,44000,42000,53000,51000,63000,64000
Q80ZX0,93000,90000,96000,91000,110000,110000,110000,120000
G3X972,150000,150000,150000,140000,160000,160000,170000,170000
Q6NXL1,78000,72000,83000,75000,68000,68000,64000,63000
Q3UPL0,140000,140000,140000,140000,140000,150000,150000,160000
S4R2A9,140000,140000,140000,130000,140000,150000,150000,160000
P61620,120000,110000,130000,120000,150000,140000,160000,160000
Q9CQS8,65000,60000,70000,110000,73000,75000,94000,93000
P60060,18000,18000,18000,23000,20000,19000,18000,16000
Q8BU14,47000,40000,40000,49000,52000,48000,55000,53000
Q8VHE0,89000,87000,89000,94000,110000,100000,130000,130000
Q3U1C4,27000,21000,16000,23000,27000,30000,30000,33000
Q6A098,17000,18000,13000,17000,18000,19000,21000,19000
Q8R2U0,75000,75000,80000,78000,81000,83000,90000,89000
Q9Z2G6,48000,47000,57000,50000,53000,52000,61000,60000
Q3UQA7,120000,130000,76000,140000,98000,99000,100000,100000
Q9JLJ1,48000,47000,56000,49000,63000,62000,68000,64000
Q8VHC3,14000,15000,16000,18000,15000,14000,18000,19000
Q9DBC0,52000,53000,56000,51000,49000,51000,45000,45000
Q62170,21000,22000,22000,20000,22000,20000,19000,20000
P62342,34000,31000,34000,34000,31000,31000,32000,31000
P59110,80000,80000,72000,77000,86000,86000,97000,98000
Q9EP97,93000,84000,88000,91000,110000,100000,130000,130000
H3BLA9,47000,52000,45000,48000,52000,55000,49000,53000
Q8BUH8,100000,97000,69000,110000,90000,90000,79000,78000
Q9D2Z4,32000,33000,32000,30000,29000,30000,26000,26000
Q9ERR7,120000,110000,130000,110000,120000,120000,110000,120000
Q8BH69,120000,130000,130000,120000,120000,120000,110000,110000
P97364,95000,100000,110000,95000,93000,94000,92000,94000
Q6P6M7,74000,72000,83000,68000,73000,72000,91000,89000
P42209,180000,180000,190000,170000,170000,180000,150000,150000
Q8C1B7,160000,160000,160000,150000,160000,170000,190000,200000
P42208,110000,110000,120000,110000,130000,130000,160000,170000
P28661,150000,120000,150000,140000,140000,140000,110000,120000
Q9R1T4,170000,170000,170000,160000,170000,170000,170000,170000
O55131,180000,170000,140000,170000,170000,170000,160000,160000
Q80UG5,190000,180000,180000,180000,170000,170000,150000,150000
P63300,74000,66000,63000,73000,69000,71000,57000,61000
Q3U213,13000,13000,13000,12000,14000,14000,12000,13000
Q9EPB5,30000,32000,34000,29000,29000,30000,34000,33000
Q9QZI8,7400,7100,7400,7200,7700,6500,7400,6400
Q9D154,66000,65000,68000,69000,64000,67000,62000,61000
F8WIV2,140000,140000,140000,130000,120000,130000,100000,98000
O08804,110000,110000,110000,99000,110000,110000,150000,150000
O08797,100000,100000,110000,100000,100000,100000,130000,140000
Q9DAV6,11000,12000,11000,12000,11000,11000,17000,16000
P97298,13000,11000,23000,16000,12000,16000,12000,12000
P58006,23000,25000,17000,19000,17000,17000,21000,22000
Q9CYP7,24000,25000,20000,20000,20000,23000,27000,27000
Q9EQU5,200000,200000,220000,200000,220000,220000,250000,250000
Q9EQU5-2,170000,170000,180000,160000,180000,180000,200000,220000
E9PYH6,74000,74000,79000,69000,76000,75000,72000,71000
Q8CFT2,61000,61000,59000,58000,56000,58000,52000,51000
E9Q5F9,78000,76000,74000,76000,84000,83000,89000,92000
Q91WC0,80000,79000,72000,76000,84000,81000,97000,97000
Q5XJV7,41000,43000,30000,46000,48000,47000,56000,55000
Q9CWY3,26000,27000,24000,25000,31000,29000,34000,38000
Q8VHL1,76000,75000,91000,73000,67000,69000,61000,62000
O88974,68000,68000,73000,67000,73000,74000,81000,83000
Q8C267,65000,58000,42000,69000,58000,57000,44000,50000
A2AKX3,62000,58000,38000,62000,54000,53000,56000,52000
Q64213,110000,110000,90000,100000,110000,110000,110000,110000
E9Q4Q2,110000,110000,90000,100000,110000,110000,110000,110000
Q8K4Z5,180000,180000,180000,170000,180000,180000,190000,190000
G3UVU2,120000,110000,83000,110000,110000,120000,130000,130000
Q62203,110000,110000,84000,110000,110000,120000,130000,130000
Q9D554,150000,150000,150000,140000,150000,150000,160000,170000
Q99NB9,160000,160000,170000,160000,160000,160000,170000,180000
Q3UJB0,190000,190000,200000,190000,190000,190000,210000,210000
Q921M3,180000,180000,190000,170000,190000,190000,200000,200000
Q8QZY9,90000,100000,100000,96000,100000,110000,100000,120000
Q923D4,100000,100000,120000,100000,110000,110000,120000,120000
P59708,120000,110000,110000,120000,130000,120000,130000,130000
Q9JMD1,23000,24000,22000,26000,28000,25000,30000,31000
Q5DTW2,47000,48000,32000,45000,37000,42000,39000,39000
O70456,1500000,1500000,1600000,1500000,1500000,1500000,1400000,1500000
Q8VIJ6,310000,310000,190000,310000,290000,300000,310000,320000
Q3USH5,95000,96000,85000,93000,95000,96000,93000,92000
Q8VD57,27000,23000,20000,18000,21000,24000,19000,16000
Q9CSV6,24000,26000,26000,26000,30000,26000,36000,38000
Q99JR1,130000,130000,130000,130000,130000,130000,140000,140000
Q925N2,43000,43000,48000,42000,42000,44000,34000,36000
Q91V61,110000,110000,110000,110000,110000,110000,98000,97000
Q571I4,50000,46000,48000,47000,55000,52000,48000,51000
Q8R0X7,130000,120000,130000,120000,130000,120000,130000,130000
Q9JI99,41000,38000,38000,43000,38000,36000,38000,37000
Q9EQ08,19000,23000,18000,18000,16000,17000,14000,15000
Q8BJU0-2,110000,100000,120000,110000,120000,110000,140000,150000
Q8BJU0,110000,100000,120000,100000,110000,110000,140000,150000
Q91ZM2,19000,21000,21000,20000,21000,19000,22000,22000
O88890,58000,59000,56000,60000,52000,59000,51000,50000
Q9QZS8,49000,46000,45000,48000,36000,37000,38000,36000
Q9JJU8,120000,110000,120000,110000,100000,110000,89000,87000
Q91VW3,1600000,1600000,1800000,1600000,1500000,1600000,1300000,1300000
P55194,180000,180000,130000,170000,160000,160000,130000,140000
A2A5V4,180000,180000,130000,170000,160000,160000,130000,140000
Q9Z131,28000,28000,28000,27000,31000,42000,44000,44000
Q99LH9,18000,16000,19000,20000,19000,17000,20000,21000
Q62419,150000,140000,150000,160000,150000,150000,150000,150000
Q62420,89000,83000,93000,95000,92000,92000,87000,91000
Q9JK48,76000,79000,74000,73000,80000,81000,84000,86000
Q8R3V5,64000,67000,64000,64000,61000,61000,57000,57000
Q8R550-3,240000,230000,140000,230000,210000,210000,180000,180000
Q8R550,240000,230000,140000,230000,210000,210000,180000,190000
A2AAY5,14000,13000,4500,20000,12000,9300,12000,11000
Q91WA6,32000,29000,36000,32000,30000,30000,29000,31000
P98083,81000,82000,64000,78000,77000,78000,74000,76000
Q61120,110000,110000,66000,98000,97000,110000,100000,120000
E9QB08,9100,9400,7500,9200,9400,8400,9100,9900
Q6P7W2,35000,34000,32000,35000,36000,35000,41000,46000
O88520,62000,63000,47000,64000,62000,62000,60000,59000
Q9D5J6,70000,69000,70000,66000,68000,68000,63000,61000
Q7TPQ3,60000,61000,63000,58000,56000,54000,61000,59000
P70665,19000,20000,12000,18000,16000,16000,14000,14000
P61092,20000,20000,22000,21000,23000,22000,23000,24000
Q06985,19000,18000,20000,20000,22000,21000,22000,23000
Q6AXF6,40000,39000,40000,37000,36000,34000,27000,29000
Q8CIF6,72000,70000,73000,71000,87000,88000,96000,98000
Q9JLZ8,43000,49000,44000,41000,42000,41000,40000,38000
O55242,29000,29000,30000,28000,32000,32000,36000,35000
Q60670,58000,53000,58000,66000,67000,59000,63000,67000
Q9CPR7,71000,69000,83000,69000,73000,71000,67000,69000
Q60520,160000,150000,160000,150000,150000,150000,130000,140000
Q62141,41000,39000,43000,42000,48000,48000,43000,44000
E9Q0Y4,110000,110000,110000,100000,98000,100000,93000,94000
P46062,100000,100000,100000,98000,93000,94000,87000,89000
Q8C0T5,61000,59000,49000,60000,60000,61000,48000,49000
E0CYM8,41000,39000,47000,46000,45000,42000,37000,36000
P97797,60000,51000,59000,62000,62000,66000,52000,54000
Q923E4,46000,44000,52000,46000,51000,50000,52000,51000
Q8VDQ8,32000,35000,33000,30000,32000,34000,38000,41000
Q8R216,16000,15000,16000,14000,15000,14000,20000,17000
Q8K2C6,21000,24000,26000,22000,25000,26000,27000,28000
P59941,30000,28000,23000,28000,26000,24000,27000,27000
Q8BKJ9,70000,69000,94000,84000,88000,82000,100000,98000
Q8C503,62000,59000,50000,54000,53000,55000,46000,47000
Q3UUV5,170000,170000,160000,150000,150000,160000,120000,120000
Q3UND0,65000,68000,62000,63000,60000,64000,50000,50000
Q60698,31000,32000,23000,32000,27000,28000,34000,34000
Q60665,29000,31000,33000,32000,27000,28000,30000,29000
Q6NZR5,70000,69000,73000,69000,73000,70000,79000,79000
Q9CZU3,160000,150000,160000,160000,170000,170000,190000,190000
Q9WTX5,120000,120000,130000,110000,130000,130000,150000,150000
Q68FF7,65000,62000,66000,63000,59000,61000,55000,59000
Q8CI08,45000,44000,34000,45000,47000,46000,54000,55000
Q9ET39,22000,23000,23000,21000,22000,20000,27000,26000
Q9JIS8,58000,55000,53000,55000,57000,58000,70000,65000
Q91V14,43000,42000,41000,41000,40000,40000,42000,39000
Q924N4,78000,74000,73000,74000,70000,69000,65000,62000
Q9WVL3,110000,110000,110000,110000,100000,110000,100000,100000
Q99MR3,21000,20000,22000,21000,20000,20000,24000,24000
Q8VHL0,65000,51000,71000,57000,65000,68000,49000,51000
Q91W98,30000,30000,30000,32000,30000,31000,34000,32000
P57787,6900,7100,7100,6800,7200,6600,8600,7200
Q8JZU2,120000,120000,120000,120000,130000,130000,130000,130000
Q9QZD8,22000,23000,26000,25000,24000,24000,23000,21000
Q9CR62,200000,190000,200000,200000,190000,190000,160000,150000
Q8BH59,170000,170000,170000,170000,160000,170000,130000,140000
Q9QXX4,130000,130000,130000,140000,130000,140000,140000,130000
Q9Z2B2,8500,9200,7800,8600,8000,7900,7600,7800
Q9WVD5,68000,67000,66000,69000,78000,74000,93000,92000
Q8C0K5,25000,29000,24000,30000,28000,29000,29000,28000
O70579,29000,31000,33000,34000,36000,34000,37000,37000
Q9DAM5,38000,40000,41000,41000,36000,38000,34000,32000
Q9Z2Z6,130000,140000,130000,130000,140000,140000,130000,130000
Q9D6M3,81000,81000,74000,81000,91000,92000,96000,92000
Q6GQS1,82000,83000,76000,82000,76000,76000,64000,60000
Q8BMD8,130000,130000,130000,130000,130000,130000,110000,100000
A2ASZ8,85000,83000,79000,89000,90000,87000,81000,83000
Q8VEM8,190000,190000,200000,200000,200000,200000,220000,210000
Q9CR58,49000,50000,46000,48000,44000,44000,43000,43000
Q5SWT3,25000,24000,24000,28000,23000,25000,20000,20000
P48962,1800000,1800000,1900000,1900000,2000000,2000000,2000000,2100000
Q8R0Y8,14000,13000,14000,14000,15000,15000,13000,13000
Q8BGF9,54000,53000,55000,57000,59000,56000,58000,56000
Q8CFJ7,50000,44000,51000,50000,47000,49000,39000,39000
Q9CQS4,46000,43000,51000,46000,44000,42000,40000,42000
P51881,1800000,1800000,1800000,1800000,2000000,2000000,2100000,2100000
Q5HZI9,54000,56000,54000,56000,56000,53000,60000,55000
Q80ZD3,29000,27000,27000,29000,27000,26000,28000,24000
Q62273,24000,24000,25000,20000,26000,24000,24000,22000
Q60714,21000,21000,22000,21000,19000,19000,18000,16000
Q91VE0,95000,94000,94000,96000,90000,91000,89000,85000
E9PXX9,50000,60000,54000,80000,42000,40000,33000,30000
P32037,44000,45000,45000,43000,53000,50000,49000,54000
Q3UDF0,6200,6000,5600,5800,5700,6600,7900,6500
Q9JIF3,13000,13000,12000,12000,15000,16000,17000,18000
Q3T9X0,25000,26000,23000,23000,23000,24000,21000,19000
Q60738,24000,21000,23000,25000,24000,24000,25000,25000
Q8R4H9,43000,43000,41000,44000,44000,43000,45000,45000
Q8BJM5,40000,41000,41000,39000,40000,42000,47000,46000
Q5IRJ6,14000,14000,13000,13000,13000,14000,15000,15000
Q99J27,46000,44000,46000,51000,43000,43000,48000,43000
Q61420,39000,37000,37000,46000,40000,39000,47000,45000
Q922Q5,33000,33000,27000,31000,30000,31000,30000,30000
Q8BLX4,29000,33000,31000,35000,34000,29000,33000,31000
Q8VCX2,12000,12000,11000,13000,12000,12000,14000,14000
Q8CD26,37000,32000,39000,41000,40000,40000,33000,37000
Q9D1F9,28000,26000,25000,30000,24000,23000,24000,23000
Q8BWH0,24000,23000,20000,25000,24000,25000,22000,24000
Q8BWY7,38000,33000,38000,38000,34000,33000,40000,36000
Q31125,100000,92000,110000,95000,95000,97000,95000,98000
Q921R8,14000,12000,13000,13000,12000,11000,9100,9100
Q8BY89,24000,27000,15000,36000,22000,23000,23000,21000
E9Q585,120000,110000,120000,110000,120000,120000,120000,130000
E9PX68,120000,110000,120000,120000,120000,120000,120000,130000
P13808,73000,73000,69000,74000,76000,78000,73000,74000
P16283,51000,50000,45000,47000,51000,50000,50000,49000
Q61165,53000,56000,46000,48000,52000,55000,48000,47000
P70441,210000,200000,210000,190000,180000,190000,150000,150000
A1L3P4,21000,21000,18000,20000,21000,20000,17000,17000
Q8BLV3,37000,37000,34000,36000,33000,34000,29000,28000
Q8R3L5,17000,18000,19000,18000,18000,16000,17000,18000
Q9Z0I7,190000,190000,190000,180000,170000,180000,150000,140000
Q8CBA2,130000,130000,140000,120000,110000,120000,94000,88000
B1ARD8,25000,23000,24000,23000,23000,25000,26000,24000
B1ARD6,23000,20000,22000,21000,22000,21000,25000,22000
Q9D8T7,77000,77000,76000,79000,88000,86000,110000,110000
O54988-2,140000,130000,77000,140000,140000,140000,150000,150000
O54988,140000,130000,77000,140000,140000,140000,150000,150000
F6UV57,46000,40000,48000,42000,43000,44000,45000,45000
D3Z7V3,66000,55000,70000,62000,61000,62000,64000,64000
Q3URD3,55000,46000,60000,52000,51000,52000,52000,53000
Q8CH25,120000,110000,56000,110000,100000,110000,140000,150000
Q8BHJ9,68000,67000,58000,69000,70000,70000,75000,75000
Q9D7Y9,6300,6500,6500,6500,6600,8200,8800,9600
P70340,26000,26000,27000,26000,24000,25000,23000,23000
Q62432,43000,39000,38000,42000,38000,41000,41000,45000
Q8BUN5,54000,53000,51000,51000,48000,46000,44000,40000
P97471,68000,72000,63000,68000,67000,71000,72000,72000
P97454,29000,28000,28000,28000,28000,29000,28000,28000
Q9R0P4,140000,140000,150000,130000,130000,130000,130000,130000
Q91VZ6,98000,92000,93000,93000,97000,99000,100000,100000
Q7TN29,110000,110000,110000,100000,100000,110000,110000,100000
Q6PGB8,91000,90000,58000,97000,97000,95000,110000,110000
Q6DIC0,170000,160000,130000,160000,160000,160000,140000,130000
H3BJI1,82000,72000,60000,76000,76000,80000,67000,68000
Q3TKT4,160000,150000,120000,150000,160000,160000,150000,150000
Q91ZW3,190000,170000,100000,190000,190000,190000,200000,200000
Q8BJL0,75000,74000,77000,74000,72000,71000,78000,75000
Q9Z0H3,78000,80000,70000,78000,77000,80000,75000,75000
P97496,160000,150000,160000,150000,170000,160000,180000,180000
Q3UID0,170000,170000,160000,160000,150000,160000,130000,130000
Q6PDG5,160000,160000,160000,160000,150000,160000,130000,130000
Q61466,70000,67000,50000,71000,63000,63000,64000,63000
Q99JR8,130000,130000,98000,140000,130000,130000,130000,130000
G3UXC0,81000,78000,59000,89000,77000,77000,76000,77000
Q6P9Z1,41000,39000,28000,40000,36000,36000,36000,35000
O54941,180000,180000,190000,180000,180000,180000,170000,170000
Q9CU62,210000,190000,67000,210000,160000,160000,180000,180000
Q8CG48,100000,100000,86000,100000,95000,97000,120000,120000
Q9CW03,200000,200000,170000,190000,190000,200000,180000,180000
Q8CG47,110000,100000,62000,100000,89000,88000,130000,130000
Q8CG46,110000,100000,57000,120000,79000,79000,100000,99000
Q924W5,130000,130000,130000,130000,120000,120000,110000,110000
Q6P5D8,180000,170000,120000,170000,160000,160000,150000,150000
Q9DB10,43000,46000,25000,41000,37000,39000,54000,53000
E9Q481,120000,120000,140000,120000,130000,130000,140000,140000
Q6P2K6,120000,120000,140000,120000,130000,130000,140000,140000
Q922R5,120000,110000,120000,120000,140000,130000,150000,160000
Q8BKX6,82000,81000,82000,81000,89000,86000,96000,93000
Q6ZPY2,25000,24000,28000,23000,31000,27000,31000,31000
P61406,67000,62000,54000,71000,83000,78000,80000,78000
Q5RJH6,64000,64000,66000,63000,86000,86000,95000,89000
Q5RJH6-3,64000,63000,65000,62000,87000,86000,95000,91000
Q8VE18,92000,90000,88000,88000,100000,99000,110000,110000
Q9DB90,53000,53000,50000,49000,56000,56000,65000,65000
Q78RX3,80000,78000,82000,91000,78000,78000,78000,75000
Q3UTD9,82000,39000,100000,97000,82000,72000,55000,49000
D3Z7Q2,30000,32000,32000,27000,27000,26000,24000,24000
Q9CQQ0,14000,16000,18000,15000,15000,15000,16000,16000
Q8BGT7,120000,120000,96000,120000,130000,130000,140000,160000
O70572,96000,93000,100000,87000,94000,89000,90000,82000
Q6ZPR5,110000,100000,110000,100000,100000,100000,120000,120000
Q6ZPR5-2,110000,100000,110000,100000,100000,100000,120000,120000
P97355,100000,100000,110000,100000,110000,110000,120000,140000
Q3UKJ7,160000,160000,170000,150000,170000,170000,190000,180000
Q6P5C5,43000,43000,43000,39000,43000,41000,41000,39000
A2A5Z6,16000,16000,15000,16000,14000,15000,16000,14000
Q8BTK5,15000,16000,16000,14000,16000,15000,18000,20000
O09044,39000,41000,41000,39000,47000,44000,52000,51000
Q9ERB0,42000,41000,50000,44000,47000,47000,49000,49000
Q8R570,63000,62000,69000,62000,69000,68000,90000,88000
Q61548,25000,19000,30000,24000,32000,30000,25000,28000
Q9D2C9,11000,9400,12000,8800,10000,9800,13000,13000
Q8BP86,27000,26000,22000,28000,32000,31000,33000,37000
Q9Z266,12000,11000,11000,12000,13000,12000,11000,12000
Q9CZ28,160000,150000,140000,150000,140000,150000,140000,160000
Q8BIZ6,39000,36000,27000,50000,48000,46000,50000,58000
Q8VDU5,47000,44000,50000,48000,48000,48000,44000,43000
Q6P4T2,180000,170000,190000,170000,180000,180000,200000,200000
Q8VIK1,13000,13000,10000,12000,11000,11000,12000,13000
Q8K194,100000,100000,91000,98000,97000,97000,110000,100000
Q9D384,16000,14000,10000,17000,17000,18000,16000,17000
Q6PE01,120000,130000,130000,120000,130000,130000,140000,140000
Q9D361,23000,24000,17000,23000,24000,25000,25000,27000
Q62376,170000,160000,160000,190000,190000,190000,210000,210000
Q62189,220000,200000,220000,210000,220000,220000,210000,210000
P57784,140000,130000,110000,160000,150000,150000,180000,170000
P27048,170000,170000,160000,170000,180000,180000,190000,180000
Q9CQI7,200000,180000,160000,210000,200000,200000,230000,220000
Q62241,170000,160000,170000,160000,170000,170000,170000,170000
P62317,130000,120000,140000,120000,150000,150000,170000,170000
P62320,110000,96000,110000,110000,120000,120000,140000,130000
P62305,74000,73000,71000,80000,77000,77000,76000,75000
P62307,93000,97000,100000,88000,98000,98000,100000,100000
P62309,130000,130000,130000,120000,140000,140000,150000,150000
Q61234,30000,25000,27000,29000,27000,25000,25000,22000
Q99L88,51000,52000,50000,48000,47000,48000,42000,42000
Q61235,29000,27000,28000,28000,27000,25000,25000,24000
Q9CSN1,110000,100000,49000,120000,93000,92000,140000,130000
Q9WV80,130000,130000,130000,120000,140000,130000,150000,150000
Q91WL6,38000,40000,39000,38000,39000,40000,42000,40000
Q3V2H3,140000,140000,140000,140000,130000,140000,140000,150000
O70493,140000,140000,140000,130000,130000,140000,140000,150000
Q91WE1,61000,60000,63000,56000,56000,55000,53000,53000
Q8BVL3,75000,73000,70000,74000,78000,77000,86000,82000
Q91ZR2,40000,40000,39000,38000,41000,41000,36000,38000
Q8C788,40000,41000,40000,38000,41000,41000,37000,39000
Q6P4T1,23000,20000,37000,26000,27000,27000,42000,40000
Q9CWK8,150000,150000,160000,140000,150000,150000,150000,160000
Q9D2Y5,57000,56000,51000,53000,41000,43000,38000,38000
Q3ZT31,25000,25000,25000,23000,26000,25000,30000,28000
Q3UHD6,83000,85000,83000,77000,84000,84000,100000,100000
Q9D3S3,20000,20000,19000,19000,20000,19000,18000,18000
Q8CE50,35000,38000,40000,35000,37000,37000,40000,38000
Q91YJ2,40000,43000,47000,40000,42000,44000,42000,42000
Q9D8U8,170000,170000,160000,160000,190000,180000,210000,210000
Q6P8X1,200000,190000,190000,180000,190000,190000,180000,180000
Q61263,31000,29000,28000,39000,37000,36000,48000,54000
P08228,83000,83000,92000,83000,100000,100000,120000,120000
P09671,190000,180000,210000,180000,180000,180000,170000,170000
Q9QX47-4,140000,140000,140000,130000,160000,160000,170000,170000
H9KV00,140000,140000,140000,130000,160000,160000,170000,170000
Q9QX47,140000,140000,140000,130000,160000,160000,170000,170000
E9PYX6,42000,44000,45000,42000,42000,40000,37000,37000
Q64442,59000,54000,69000,58000,50000,56000,38000,41000
Q62245,60000,62000,60000,62000,62000,63000,65000,63000
Q02384,52000,55000,52000,54000,57000,55000,63000,64000
O89090,19000,19000,4500,20000,16000,17000,20000,21000
Q8C405,240000,230000,160000,230000,200000,210000,180000,180000
E9QA05,240000,230000,160000,230000,200000,210000,180000,180000
O35892,230000,230000,160000,220000,200000,200000,170000,180000
F6WL90,210000,200000,130000,210000,180000,180000,150000,160000
Q8BVK9,210000,210000,160000,210000,200000,210000,180000,190000
Q6NSQ5,91000,92000,95000,85000,80000,80000,74000,73000
Q9D2H6,28000,29000,14000,41000,24000,24000,29000,28000
O70494,22000,24000,8600,23000,18000,20000,19000,21000
Q62445,39000,42000,19000,40000,31000,36000,27000,26000
Q9ESX2,16000,16000,10000,23000,12000,12000,10000,11000
Q7TNE3,53000,54000,50000,54000,56000,59000,61000,65000
Q58A65,100000,100000,110000,100000,160000,150000,140000,140000
F6SH61,91000,87000,97000,92000,140000,130000,120000,120000
Q9QYY8,36000,35000,22000,37000,33000,32000,44000,45000
Q5DU57,53000,51000,46000,47000,40000,42000,39000,37000
Q8K004,22000,21000,21000,18000,22000,22000,30000,28000
Q8BNN1,14000,16000,16000,15000,15000,16000,16000,15000
Q3U6K5,30000,30000,21000,31000,26000,26000,21000,22000
Q9D958,97000,93000,90000,93000,86000,89000,92000,90000
F6UR10,19000,21000,20000,25000,22000,22000,28000,27000
Q9CYN2,210000,190000,190000,200000,190000,200000,190000,200000
Q9D365,68000,65000,66000,75000,62000,65000,47000,50000
Q6ZWQ7,110000,100000,110000,110000,100000,110000,89000,89000
Q923A2,9700,11000,8300,11000,11000,11000,14000,14000
Q5SXY1,28000,29000,32000,28000,26000,27000,27000,27000
Q2KN98,73000,57000,62000,72000,81000,80000,76000,79000
Q3UHA3,71000,72000,72000,66000,70000,70000,70000,70000
Q8R1X6,120000,110000,130000,110000,120000,120000,130000,130000
Q3ULF4,73000,68000,77000,74000,71000,72000,68000,68000
Q9JIA7,38000,39000,38000,37000,41000,38000,47000,48000
P17433,70000,69000,59000,68000,59000,62000,55000,54000
Q8C804,56000,56000,45000,54000,55000,53000,49000,50000
Q8BGX7,11000,11000,8200,11000,10000,11000,12000,13000
Q61142,84000,88000,63000,79000,81000,80000,80000,81000
Q8K1S6,32000,31000,32000,31000,33000,36000,34000,36000
P15702,180000,180000,180000,170000,180000,190000,190000,190000
Q8R0G7,9900,9000,9700,9600,9300,9200,10000,9800
Q6ZWS8,15000,17000,16000,15000,17000,16000,22000,22000
Q9JJF9,21000,20000,22000,20000,19000,17000,25000,26000
Q3TD49,7600,8200,8500,8500,7600,8400,9200,8300
Q64105,94000,93000,93000,89000,90000,91000,89000,90000
Q924S8,34000,34000,30000,30000,29000,30000,30000,29000
E9Q9B3,42000,45000,41000,39000,35000,37000,46000,44000
Q91WK1,76000,75000,75000,70000,75000,82000,77000,82000
Q3TFQ1,24000,20000,25000,24000,25000,26000,29000,30000
P16546,220000,210000,220000,210000,190000,200000,160000,160000
Q62261,200000,200000,200000,190000,170000,180000,140000,140000
Q62261-2,200000,200000,200000,190000,170000,180000,150000,140000
P97363,83000,81000,85000,81000,89000,88000,93000,92000
Q9R112,86000,86000,86000,86000,76000,79000,62000,61000
Q80VJ2,64000,60000,66000,63000,68000,70000,77000,82000
Q497V5,30000,27000,26000,32000,27000,27000,32000,31000
Q8BQA6,36000,33000,21000,36000,33000,34000,31000,33000
A0A087WQ44,67000,64000,37000,66000,64000,64000,65000,66000
Q9WUP4,81000,79000,74000,86000,70000,73000,80000,74000
Q9WTN3,10000,12000,11000,10000,13000,12000,13000,15000
Q8BZX4-2,54000,54000,49000,52000,58000,58000,62000,61000
Q8BZX4,52000,52000,47000,50000,56000,56000,60000,60000
Q4V9W2,40000,32000,45000,40000,38000,41000,35000,39000
Q9JM73,40000,35000,41000,40000,40000,41000,33000,35000
Q91Z67,64000,64000,55000,61000,62000,62000,56000,56000
Q6P069,180000,180000,190000,170000,160000,170000,140000,140000
Q9D7A6,11000,11000,9500,12000,11000,13000,14000,15000
P14576,150000,150000,140000,160000,170000,170000,170000,150000
Q8BMA6,160000,140000,150000,160000,180000,170000,190000,190000
F8VQC1,130000,120000,130000,130000,150000,140000,160000,170000
P49962,56000,48000,64000,58000,64000,64000,66000,68000
O70551,100000,100000,95000,100000,120000,120000,140000,150000
O54781,84000,81000,81000,83000,88000,89000,89000,96000
Q52KI8,120000,120000,120000,120000,120000,120000,130000,120000
A0A087WRX8,120000,110000,130000,110000,140000,140000,140000,150000
Q8BTI8,160000,160000,180000,160000,200000,190000,210000,210000
Q99MR6,190000,190000,200000,180000,180000,180000,170000,170000
Q6PDM2,180000,190000,190000,180000,180000,190000,190000,180000
Q9R0U0,120000,110000,130000,110000,120000,120000,130000,120000
E9Q6E5,160000,160000,170000,160000,170000,170000,160000,170000
A3KG57,120000,110000,120000,100000,120000,120000,120000,120000
Q62093,140000,140000,150000,130000,150000,150000,140000,140000
P84104,170000,160000,170000,160000,160000,170000,170000,170000
Q8VE97,240000,230000,270000,220000,240000,240000,210000,220000
O35326,240000,250000,250000,240000,270000,280000,280000,280000
Q3TWW8,250000,230000,270000,240000,280000,280000,300000,310000
Q8BL97,190000,180000,200000,180000,200000,200000,200000,200000
Q9D0B0,120000,120000,130000,120000,130000,130000,160000,160000
Q62280,41000,38000,27000,32000,33000,34000,38000,39000
Q9D174,25000,26000,31000,27000,31000,29000,36000,38000
Q8R2K3,94000,95000,61000,94000,94000,91000,99000,100000
Q9CYR0,94000,94000,61000,93000,94000,92000,98000,100000
Q9CYZ8,14000,14000,16000,14000,15000,14000,13000,13000
Q9D032,32000,32000,36000,31000,29000,26000,24000,24000
Q3U4B1,20000,23000,24000,21000,21000,17000,18000,16000
Q922B9,30000,30000,26000,29000,32000,34000,30000,28000
Q5SW75,53000,54000,49000,49000,46000,47000,46000,47000
Q8K330,26000,27000,25000,25000,25000,25000,25000,24000
Q9CY50,93000,93000,95000,94000,100000,99000,120000,120000
Q9DCF9,68000,47000,70000,73000,68000,64000,83000,81000
Q08943,150000,140000,140000,150000,150000,150000,170000,170000
Q9CY97,39000,41000,41000,40000,43000,43000,49000,51000
Q99L47,170000,160000,170000,170000,190000,190000,220000,230000
P54751,25000,28000,26000,27000,28000,28000,27000,25000
Q8VIB3,34000,34000,34000,33000,29000,31000,25000,24000
Q64687,70000,70000,65000,61000,50000,54000,66000,65000
Q64692,6700,5800,5700,5400,4300,4700,4800,5000
Q8K4T1,42000,43000,39000,39000,30000,38000,28000,29000
Q9D3E6,200000,180000,200000,180000,190000,190000,160000,160000
D3YYD4,8800,7100,9800,8600,10000,11000,11000,12000
A2AFF6,190000,180000,200000,180000,200000,200000,180000,170000
O35638,190000,180000,200000,180000,200000,200000,180000,170000
P70297,46000,47000,52000,44000,47000,48000,48000,51000
O88811,85000,79000,97000,83000,100000,97000,100000,98000
O88811-2,85000,79000,98000,83000,100000,97000,99000,98000
Q9CQ26,54000,54000,56000,52000,53000,54000,53000,55000
Q76N33,72000,72000,81000,68000,66000,66000,57000,60000
Q9JM90,100000,110000,96000,100000,110000,110000,130000,130000
Q9JMD3,45000,42000,36000,45000,40000,40000,39000,37000
D3Z418,14000,13000,13000,13000,13000,12000,11000,12000
Q61542,26000,28000,28000,28000,35000,34000,37000,36000
Q9DCI3,18000,17000,15000,16000,17000,17000,20000,17000
Q9EPQ7,69000,68000,76000,68000,69000,72000,62000,67000
A0A087WSP5,180000,180000,190000,170000,180000,190000,180000,180000
P42225,180000,180000,190000,170000,180000,190000,180000,180000
Q9WVL2,120000,120000,120000,110000,120000,130000,110000,110000
E9QJX9,120000,120000,130000,110000,120000,130000,110000,110000
P42227,160000,170000,160000,150000,160000,170000,170000,180000
P42228,82000,79000,91000,84000,75000,77000,71000,71000
P42230,150000,150000,150000,150000,170000,170000,210000,210000
P42232,150000,150000,150000,150000,160000,160000,180000,180000
P52633,160000,160000,160000,160000,170000,170000,170000,170000
P70302,170000,170000,140000,170000,160000,160000,140000,140000
P83093,38000,40000,34000,39000,42000,40000,46000,44000
Q60864,180000,170000,190000,170000,210000,210000,240000,260000
O55098,190000,180000,100000,200000,160000,170000,150000,160000
Q9WTK7,30000,30000,24000,30000,31000,32000,35000,35000
Q3TAA7,67000,69000,72000,67000,73000,73000,72000,70000
Q9JHN8,52000,48000,42000,59000,50000,49000,54000,52000
Q99KH8,110000,110000,120000,110000,120000,120000,120000,110000
Q9Z2W1,110000,110000,110000,100000,110000,110000,110000,110000
Q99JT2,150000,160000,160000,150000,160000,160000,150000,160000
Q9JI10,200000,200000,200000,180000,180000,190000,160000,160000
Q91VJ4,180000,180000,150000,170000,150000,160000,130000,130000
Q7TSE6,65000,64000,54000,67000,58000,61000,68000,62000
Q9Z1W9,49000,50000,48000,50000,49000,47000,49000,49000
Q9JI11,210000,210000,220000,200000,200000,210000,170000,170000
P54227,140000,140000,150000,130000,120000,130000,120000,120000
Q99JB2,77000,81000,86000,74000,88000,85000,110000,120000
Q8C4X1,17000,18000,18000,16000,13000,16000,17000,17000
Q3UUJ4,27000,27000,29000,27000,28000,26000,30000,28000
Q8C079,96000,95000,98000,92000,92000,94000,88000,85000
O55106,170000,170000,180000,160000,160000,170000,140000,140000
B2RQS1,140000,130000,150000,130000,140000,130000,130000,130000
Q9ERG2,140000,130000,150000,130000,140000,140000,130000,130000
P58404,140000,140000,140000,120000,130000,130000,140000,130000
P50427,32000,29000,32000,38000,32000,31000,35000,35000
P46978,110000,110000,110000,110000,130000,130000,160000,160000
Q3TDQ1,100000,100000,69000,110000,110000,110000,130000,130000
Q9ER00,63000,58000,50000,46000,50000,51000,48000,46000
Q8BVI5,22000,23000,21000,22000,21000,21000,20000,21000
Q9D0I4,32000,32000,29000,32000,30000,30000,32000,29000
Q8VDS8,47000,46000,46000,47000,44000,44000,52000,50000
D3YY98,34000,31000,34000,35000,38000,35000,44000,43000
Q00262,21000,23000,21000,20000,21000,21000,21000,20000
Q80W45,30000,31000,31000,28000,29000,29000,29000,28000
P70452,67000,68000,64000,63000,69000,68000,73000,69000
H3BJ02,70000,69000,68000,75000,65000,68000,68000,65000
I1E4X1,68000,68000,66000,74000,64000,67000,69000,65000
Q9JKK1,67000,68000,64000,67000,86000,83000,86000,92000
O70439,84000,87000,76000,80000,72000,72000,62000,63000
O88983,81000,79000,80000,80000,82000,78000,97000,100000
O08599,24000,25000,24000,23000,22000,24000,27000,26000
Q64324,83000,85000,86000,85000,82000,84000,87000,85000
F8WGM5,83000,85000,85000,84000,83000,84000,89000,87000
Q60770,100000,100000,97000,100000,110000,110000,110000,110000
Q8K400,69000,70000,73000,68000,71000,69000,64000,63000
Q60969,21000,21000,21000,22000,24000,24000,30000,28000
P11031,180000,190000,180000,170000,180000,180000,170000,160000
Q9Z2I9,210000,200000,210000,200000,190000,200000,180000,180000
Q9WUM5,180000,180000,120000,180000,150000,170000,150000,150000
Q9Z2I8,200000,190000,200000,190000,190000,200000,160000,170000
Q8BR65,62000,60000,64000,61000,58000,59000,58000,55000
Q9Z0P7,17000,18000,19000,17000,20000,19000,21000,22000
Q8CH02,92000,91000,66000,90000,90000,91000,100000,100000
Q8CH09,25000,25000,17000,25000,25000,25000,27000,28000
Q9CX34,150000,150000,150000,140000,150000,150000,180000,190000
Q8R0F3,35000,34000,35000,33000,30000,32000,39000,38000
Q8BPG6,47000,45000,50000,44000,45000,46000,55000,57000
P63166,130000,110000,150000,130000,140000,140000,140000,150000
P61957,240000,210000,280000,250000,250000,250000,210000,230000
Q9D666,48000,46000,38000,46000,40000,39000,50000,49000
F6RMJ1,22000,21000,18000,20000,20000,18000,24000,23000
Q8R086,89000,87000,83000,86000,84000,87000,78000,79000
G3X956,190000,190000,190000,180000,200000,190000,200000,200000
Q7TT00,86000,78000,69000,88000,78000,77000,83000,83000
B0QZW4,32000,26000,21000,36000,35000,30000,41000,44000
P63271,74000,69000,52000,56000,62000,67000,76000,78000
O55201,180000,190000,190000,180000,180000,180000,170000,170000
Q62383,130000,130000,140000,130000,160000,160000,180000,180000
Q9CZV5,25000,24000,27000,23000,23000,23000,25000,25000
Q80YD1,83000,84000,79000,85000,91000,89000,100000,97000
P09925,69000,68000,66000,68000,66000,65000,68000,67000
Q64310,91000,89000,85000,100000,86000,85000,92000,88000
O54864,35000,36000,27000,37000,37000,37000,44000,43000
Q6Q783,30000,31000,24000,34000,28000,27000,18000,21000
Q80U70,79000,79000,76000,81000,90000,86000,100000,100000
Q8K4L3,100000,96000,48000,98000,97000,93000,99000,97000
Q8VCI7,40000,40000,40000,35000,38000,35000,40000,41000
Q9D5V6,80000,77000,86000,72000,85000,84000,85000,88000
Q9D495,38000,36000,29000,32000,34000,37000,42000,41000
Q9D198,79000,75000,61000,84000,72000,70000,84000,83000
P48025,58000,54000,57000,57000,53000,53000,48000,46000
Q80X82,140000,130000,140000,140000,140000,140000,140000,140000
Q6ZWR6,100000,100000,110000,100000,92000,94000,76000,76000
Q6ZWR6-2,78000,76000,87000,77000,69000,70000,56000,58000
Q4FZC9,84000,84000,82000,85000,76000,77000,83000,82000
F6SEU4,200000,180000,92000,230000,170000,170000,160000,160000
O55101,6300,6600,3700,7500,6000,6200,6400,6500
Q8CHC4,120000,120000,120000,110000,120000,120000,110000,120000
Q9D6K5,110000,110000,110000,120000,110000,110000,130000,130000
Q9D6K5-4,110000,100000,100000,120000,110000,110000,130000,130000
Q5SV85,80000,82000,87000,78000,77000,78000,77000,78000
O09117,28000,28000,32000,43000,36000,33000,34000,33000
A2AE94,36000,36000,29000,35000,30000,30000,26000,25000
Q99N80,38000,39000,31000,39000,34000,34000,30000,29000
Q99N50,50000,49000,22000,60000,36000,37000,28000,25000
Q9DBY1,15000,15000,16000,20000,18000,18000,20000,20000
A2A9C3,11000,12000,13000,12000,12000,12000,12000,12000
Q8CF89,60000,60000,66000,62000,62000,60000,57000,61000
Q99K90,27000,28000,24000,26000,28000,29000,31000,31000
Q571K4,7700,7600,7500,7100,9200,8800,9700,10000
Q6Y685,67000,70000,71000,67000,75000,75000,83000,82000
Q9JJ11,7500,7100,8200,7300,8300,8400,9100,8900
Q8K0Z7,81000,82000,71000,81000,73000,74000,78000,78000
Q99LM9,51000,51000,44000,51000,48000,47000,47000,48000
D3Z4Z0,25000,23000,13000,32000,23000,25000,23000,24000
Q8R0L9,44000,46000,31000,54000,41000,40000,43000,44000
Q80UV9,72000,66000,38000,77000,74000,71000,69000,70000
Q8K0H5,110000,100000,120000,110000,120000,120000,110000,120000
Q99JX1,46000,41000,40000,45000,48000,46000,45000,43000
Q8VE65,21000,20000,21000,20000,22000,22000,22000,22000
Q8BQ46,130000,130000,110000,120000,130000,120000,120000,130000
Q6PDZ2,35000,33000,24000,34000,36000,36000,45000,45000
Q8C176,84000,81000,87000,78000,79000,81000,81000,80000
Q5HZG4,54000,55000,40000,51000,56000,55000,51000,49000
E9QAP7,110000,100000,77000,100000,99000,98000,91000,89000
G5E8Z2,24000,25000,23000,27000,30000,29000,31000,34000
Q8C092,140000,130000,160000,130000,130000,140000,120000,120000
Q91WQ5,33000,34000,37000,34000,36000,36000,36000,38000
Q62311,110000,110000,110000,100000,100000,100000,100000,98000
Q8R2K4,61000,56000,52000,60000,58000,56000,55000,56000
Q9R1C0,99000,100000,110000,100000,140000,130000,120000,120000
Q9EQH4,54000,56000,56000,55000,59000,57000,64000,63000
Q8VI33,74000,73000,72000,73000,73000,72000,74000,70000
Q6NZA9,52000,52000,49000,50000,50000,50000,48000,47000
Q9WVA4,180000,190000,190000,180000,170000,170000,160000,160000
Q93092,300000,300000,290000,290000,270000,290000,250000,250000
Q3TUH1,89000,85000,77000,90000,83000,83000,94000,89000
Q0VGY8,48000,48000,40000,46000,41000,40000,34000,33000
A2A690,18000,19000,14000,16000,16000,17000,13000,13000
P54797,43000,45000,42000,41000,43000,42000,41000,40000
Q8C3S2,39000,39000,42000,40000,47000,45000,54000,54000
P70347,70000,70000,75000,71000,82000,77000,95000,92000
Q5F2E8,63000,59000,44000,61000,62000,64000,66000,70000
Q6ZQ29,24000,25000,19000,26000,23000,22000,26000,25000
Q6ZQ29-2,24000,24000,18000,25000,23000,23000,25000,25000
Q8BYC6,150000,150000,93000,150000,130000,140000,130000,130000
P21958,150000,140000,150000,160000,150000,150000,150000,150000
P36371,200000,190000,190000,190000,180000,190000,170000,170000
Q9R233,150000,140000,150000,150000,150000,150000,140000,140000
Q8VD31,98000,87000,110000,100000,90000,96000,95000,97000
Q4VBD2,68000,65000,70000,67000,76000,72000,79000,77000
P97473,52000,51000,55000,52000,56000,55000,73000,76000
H3BJV1,180000,180000,190000,170000,180000,180000,180000,180000
A0A087WSE4,170000,170000,180000,160000,170000,170000,160000,160000
Q921F2,200000,200000,210000,190000,200000,200000,190000,190000
Q8BLD4,200000,200000,210000,190000,200000,200000,200000,200000
A0A087WNY6,91000,92000,91000,85000,94000,91000,96000,98000
Q3UQ84,110000,110000,100000,110000,100000,100000,110000,100000
Q8BLY2,98000,100000,72000,100000,94000,88000,90000,89000
Q8R1G1,49000,55000,24000,70000,43000,38000,37000,34000
Q6P8M1,59000,61000,64000,54000,56000,56000,63000,62000
B7ZNL9,77000,70000,67000,72000,77000,76000,83000,87000
Q9DBG9,56000,58000,55000,57000,57000,57000,47000,48000
I7HJS2,13000,11000,13000,12000,12000,12000,12000,13000
Q60949,130000,140000,140000,130000,120000,130000,110000,110000
P58802,67000,63000,65000,72000,71000,71000,69000,68000
Q8BHL3,86000,78000,66000,78000,84000,82000,80000,83000
Q8R3D1,75000,77000,75000,73000,72000,73000,73000,73000
D3Z5Y9,29000,29000,26000,28000,26000,28000,25000,23000
Q8CGA2,11000,11000,9700,11000,9900,10000,10000,9600
Q9CXF4,120000,130000,140000,120000,150000,140000,140000,150000
Q8BYH7,110000,110000,120000,110000,110000,110000,120000,120000
Q9D9I4,50000,44000,42000,48000,46000,45000,40000,40000
Q8R5A6,36000,35000,39000,35000,36000,34000,35000,37000
Q80VE5,92000,89000,80000,94000,85000,87000,78000,78000
Q8K0F1,15000,14000,14000,15000,14000,14000,15000,13000
A1A5B6,19000,20000,21000,20000,20000,21000,23000,22000
Q3U0J8,66000,66000,64000,65000,64000,66000,55000,57000
Q6NXY1,29000,28000,25000,29000,26000,23000,24000,22000
Q8BYJ6,39000,37000,41000,38000,34000,35000,42000,41000
Q80XQ2,79000,78000,81000,76000,74000,72000,73000,72000
Q9D0K0,21000,22000,22000,20000,21000,20000,26000,24000
A3KGB4,76000,76000,77000,70000,69000,70000,61000,61000
Q3UYK3,20000,21000,24000,18000,20000,19000,21000,20000
Q5SVR0,45000,47000,47000,43000,43000,43000,39000,37000
P48428,200000,200000,170000,190000,200000,200000,210000,210000
Q9D1E6,93000,85000,100000,85000,89000,90000,98000,100000
Q8VCN9,82000,77000,82000,79000,84000,84000,77000,81000
Q8BYA0,110000,110000,110000,100000,110000,100000,120000,120000
Q8CIV8,36000,36000,40000,35000,36000,34000,45000,44000
Q8C5W3,89000,88000,97000,83000,87000,87000,79000,79000
Q8BM85,44000,45000,44000,43000,40000,40000,36000,35000
E9Q1W7,56000,58000,56000,54000,51000,51000,46000,44000
Q9WUN2,76000,76000,81000,76000,83000,83000,93000,94000
Q9QXE7,150000,140000,180000,140000,150000,160000,150000,160000
Q8BHJ5,160000,160000,180000,160000,160000,160000,150000,150000
P62340,56000,56000,60000,56000,56000,56000,55000,53000
Q91YM4,68000,70000,74000,69000,76000,75000,93000,93000
P30987,80000,79000,71000,92000,62000,69000,48000,48000
P10711,160000,150000,140000,150000,150000,150000,140000,150000
Q8CCT4,11000,10000,9700,9700,8400,9400,7000,7300
Q8R2M0,14000,13000,8700,21000,11000,11000,22000,20000
P62869,140000,140000,140000,130000,150000,150000,180000,190000
Q8CGF7,170000,170000,110000,160000,170000,170000,170000,180000
Q9EPQ8,48000,49000,24000,44000,48000,47000,47000,49000
Q60722,14000,14000,15000,13000,15000,14000,18000,16000
Q00417,110000,110000,89000,120000,71000,74000,86000,85000
Q924A0,92000,91000,71000,94000,69000,70000,84000,83000
Q3TVW5,28000,29000,29000,27000,27000,28000,23000,24000
Q9JHF5,45000,44000,45000,45000,47000,47000,50000,50000
O08784,200000,170000,170000,190000,190000,200000,170000,190000
Q8BJ37,37000,37000,37000,37000,40000,38000,44000,44000
Q9JJX7,53000,56000,51000,55000,59000,60000,76000,78000
Q91W18,58000,59000,32000,61000,54000,52000,66000,64000
Q8K1H1,26000,28000,23000,25000,24000,25000,20000,20000
Q80VL1,52000,50000,51000,53000,59000,59000,68000,70000
P24604,26000,26000,22000,27000,24000,25000,28000,24000
Q80VP0,170000,170000,170000,160000,160000,160000,130000,130000
Q9CY27,140000,130000,120000,150000,130000,130000,140000,150000
Q9JLC6,24000,24000,22000,22000,27000,25000,21000,20000
Q5SSK3,36000,35000,33000,39000,41000,37000,40000,43000
Q9D7K2,47000,48000,51000,50000,46000,46000,44000,44000
P97499,5900,5100,5400,5300,5000,4100,4900,5500
P70371,27000,26000,21000,29000,23000,22000,21000,21000
O35144,68000,63000,46000,76000,64000,61000,62000,61000
Q91VL8,92000,94000,100000,91000,84000,87000,76000,76000
P47226,190000,190000,190000,180000,190000,200000,180000,190000
Q921W7,190000,180000,190000,180000,190000,190000,180000,190000
Q9JKL5,55000,57000,61000,55000,51000,52000,42000,41000
Q3U132,43000,43000,50000,45000,45000,43000,34000,34000
Q3URQ0,100000,94000,93000,90000,110000,100000,110000,110000
Q6ZPJ0,30000,29000,30000,30000,36000,37000,37000,37000
E9Q137,39000,39000,44000,40000,41000,40000,38000,38000
P40630,170000,150000,120000,220000,170000,170000,190000,190000
Q8JZM0,27000,28000,27000,30000,31000,29000,34000,33000
Q9ERA0,27000,27000,29000,24000,26000,24000,25000,25000
Q64163,19000,20000,19000,22000,17000,18000,17000,15000
A0A087WPU8,21000,21000,21000,23000,19000,20000,18000,17000
E9PWL5,15000,14000,14000,20000,13000,14000,18000,15000
Q64092,23000,21000,21000,22000,24000,23000,20000,22000
Q64092-2,24000,22000,21000,22000,24000,23000,21000,22000
Q9R210,64000,59000,63000,62000,58000,60000,44000,50000
Q9Z1A1,130000,120000,140000,130000,140000,140000,170000,180000
Q9ERA6,110000,110000,100000,110000,130000,120000,130000,130000
Q3U1J1,28000,28000,29000,27000,28000,28000,30000,30000
O88393,24000,23000,22000,23000,19000,21000,28000,26000
Q3UR70,51000,49000,57000,50000,52000,51000,49000,50000
P21981,37000,36000,36000,35000,33000,33000,34000,31000
Q62313,17000,16000,40000,42000,40000,37000,49000,49000
Q6XPS7,11000,11000,12000,11000,10000,10000,8900,8600
Q8CHW1,12000,12000,7100,11000,9900,10000,11000,12000
Q9JJD0,69000,64000,41000,85000,54000,54000,66000,65000
Q80ZW2,98000,96000,93000,90000,95000,95000,89000,89000
Q8BGW0,170000,170000,160000,160000,150000,150000,110000,110000
Q9CY52,41000,41000,39000,42000,42000,39000,49000,48000
Q8BH55,50000,51000,54000,49000,45000,49000,42000,40000
Q80W22,32000,32000,34000,31000,33000,29000,31000,29000
Q8R3N6,120000,120000,130000,120000,130000,130000,140000,140000
B1AZI6,100000,88000,60000,94000,110000,100000,110000,100000
Q8VE80,86000,91000,100000,93000,100000,110000,120000,120000
Q8BKT7,100000,96000,91000,110000,110000,110000,110000,110000
Q5U4D9,71000,75000,84000,69000,77000,78000,85000,85000
Q7TMY4,110000,100000,120000,100000,120000,120000,120000,140000
Q8C1A5,160000,160000,160000,150000,160000,160000,190000,190000
Q569Z6,170000,160000,180000,170000,160000,170000,160000,160000
Q8JZL3,23000,25000,26000,24000,23000,23000,22000,22000
Q99J36,190000,180000,150000,190000,190000,190000,200000,190000
Q9CZB3,78000,78000,85000,74000,74000,77000,61000,60000
P97770,130000,140000,110000,140000,150000,160000,170000,180000
P01831,180000,190000,160000,180000,170000,180000,170000,170000
Q91YJ3,71000,65000,56000,73000,72000,73000,68000,77000
P52912,140000,140000,150000,130000,140000,140000,140000,140000
P70318,160000,160000,170000,150000,160000,170000,180000,180000
Q80UF7,47000,51000,41000,44000,46000,47000,57000,57000
Q793I8,23000,25000,25000,23000,22000,22000,17000,16000
Q8BZA9,38000,39000,41000,39000,41000,42000,50000,51000
Q9R1X4,67000,67000,68000,66000,65000,65000,92000,95000
P62073,62000,64000,68000,60000,73000,74000,82000,78000
P62075,130000,140000,140000,130000,150000,140000,170000,170000
Q9Z0V7,45000,47000,40000,44000,50000,52000,59000,57000
Q8CCM6-2,32000,32000,31000,32000,33000,33000,42000,43000
Q8CCM6,17000,16000,20000,16000,18000,19000,24000,24000
Q9CQ85,26000,25000,26000,25000,27000,28000,29000,30000
O35857,120000,120000,110000,120000,130000,130000,160000,160000
Q9WVA2,89000,90000,93000,80000,92000,90000,94000,92000
Q9WV98,130000,130000,150000,130000,150000,140000,170000,170000
Q8BUY5,36000,33000,39000,40000,39000,41000,45000,43000
Q9QXG9,37000,38000,37000,38000,37000,37000,38000,37000
Q8BH58,77000,75000,77000,72000,75000,76000,76000,78000
Q9DCD5,18000,16000,19000,16000,22000,21000,25000,26000
Q9Z0U1,30000,30000,26000,29000,29000,29000,31000,30000
P04184,52000,54000,52000,51000,46000,48000,47000,50000
P40142,510000,530000,510000,500000,510000,530000,560000,570000
Q8K0P3,75000,77000,93000,66000,62000,61000,51000,55000
Q5SQA4,130000,130000,130000,130000,140000,140000,130000,130000
Q9WVB2,68000,68000,65000,59000,68000,71000,66000,63000
F6TS96,120000,120000,140000,120000,130000,130000,130000,130000
Q3TY99,120000,120000,140000,120000,130000,130000,130000,130000
Q08122,120000,120000,140000,120000,130000,130000,130000,130000
Q62441,110000,94000,100000,100000,100000,110000,96000,100000
Q8C0V0,140000,140000,120000,140000,140000,140000,130000,130000
O55047,140000,140000,110000,140000,140000,140000,130000,140000
O55047-2,140000,140000,110000,140000,140000,140000,130000,140000
P26039,220000,210000,180000,200000,200000,200000,180000,180000
Q71LX4,200000,190000,170000,180000,180000,180000,160000,160000
Q9DBU0,12000,12000,10000,11000,12000,12000,14000,16000
P58021,110000,110000,110000,110000,110000,120000,130000,130000
Q9ET30,130000,130000,120000,120000,140000,140000,140000,140000
Q8BH24,91000,89000,93000,90000,110000,110000,130000,130000
Q9D2C7,30000,24000,30000,31000,38000,35000,49000,42000
Q7TN60,14000,14000,14000,14000,13000,13000,15000,14000
Q7TN58,44000,43000,44000,43000,49000,48000,50000,50000
Q69ZZ6,27000,26000,23000,28000,26000,24000,27000,25000
Q921L3,78000,75000,65000,79000,72000,68000,89000,97000
Q91WU4,32000,28000,37000,25000,28000,28000,23000,23000
Q8BQX5,27000,25000,24000,26000,24000,24000,27000,25000
Q9D1D4,160000,160000,170000,170000,170000,170000,180000,190000
Q9R0Q3,110000,100000,120000,110000,110000,110000,100000,110000
Q78IS1,12000,12000,14000,12000,14000,14000,16000,18000
Q8R1V4,65000,55000,62000,64000,73000,73000,81000,73000
Q9CXE7,95000,98000,100000,94000,110000,110000,110000,120000
D3YZZ5,84000,72000,89000,81000,91000,89000,89000,85000
Q3UHI4,60000,60000,61000,55000,58000,58000,69000,70000
Q99KF1,150000,140000,140000,150000,150000,150000,150000,140000
Q3TB48,27000,28000,28000,26000,23000,25000,25000,23000
Q80X71,40000,41000,45000,37000,35000,38000,35000,33000
Q8BK08,87000,78000,88000,93000,100000,100000,110000,110000
Q9WUH1,5700,5500,5200,5300,5600,5100,6600,6200
Q9D8Y1,31000,36000,33000,36000,34000,32000,40000,34000
Q9D1R1,22000,22000,21000,21000,20000,20000,21000,19000
Q8K304,7800,7300,7300,7000,6100,7000,7300,7300
Q9CYV5,32000,30000,37000,31000,35000,34000,39000,38000
Q8VD26,12000,10000,11000,12000,10000,9900,8400,8400
Q9CQN6,26000,29000,26000,26000,24000,26000,20000,21000
Q8VCA6,47000,47000,49000,46000,47000,46000,47000,46000
Q8C2L6,29000,31000,30000,38000,32000,32000,34000,34000
E0CY07,22000,23000,24000,44000,17000,19000,18000,16000
Q80X45,74000,71000,76000,90000,91000,84000,99000,110000
Q91VX9,59000,50000,60000,58000,56000,57000,51000,54000
Q3TBT3,150000,140000,150000,160000,140000,140000,120000,120000
Q9CXY1,27000,26000,28000,24000,24000,25000,22000,20000
Q8BPE4,11000,11000,12000,12000,12000,11000,13000,13000
Q91W52,82000,73000,79000,78000,72000,70000,73000,69000
Q9CXT7,77000,79000,72000,75000,71000,74000,56000,59000
E9Q6Z3,43000,37000,46000,45000,38000,39000,32000,34000
Q8CB65,31000,29000,32000,37000,28000,28000,26000,25000
A2A8U2,46000,43000,45000,49000,44000,45000,49000,46000
Q9CR96,11000,12000,15000,14000,11000,11000,11000,11000
Q8BRG8,110000,110000,110000,110000,120000,110000,120000,120000
Q8BVA2,21000,22000,23000,24000,23000,23000,22000,21000
Q8CIB6,62000,57000,60000,62000,54000,53000,62000,58000
Q8R1E7,22000,22000,31000,29000,25000,23000,34000,33000
B1AZA5,96000,94000,94000,95000,99000,97000,110000,100000
Q8BH26,23000,24000,24000,22000,26000,24000,32000,32000
Q8BMD6,28000,29000,28000,29000,22000,25000,22000,23000
Q9CQ00,23000,23000,22000,23000,30000,30000,33000,34000
Q9DAM7,55000,61000,54000,60000,61000,61000,75000,66000
Q8VEK0,88000,84000,79000,84000,86000,89000,87000,87000
Q9D328,37000,35000,35000,39000,31000,34000,34000,38000
Q9D8U2,50000,49000,49000,50000,46000,48000,54000,54000
Q8K1A5,13000,6800,23000,24000,12000,13000,21000,17000
Q9DBS1,110000,110000,110000,120000,100000,100000,110000,100000
Q9CZX7,31000,25000,25000,31000,24000,24000,18000,18000
Q3TWL2,18000,17000,16000,14000,15000,17000,14000,13000
Q91YT8,47000,46000,45000,42000,37000,38000,34000,31000
Q4VAE3,30000,33000,34000,34000,33000,32000,38000,39000
Q9D850,49000,50000,48000,45000,56000,57000,56000,56000
Q9CR23,11000,9600,11000,11000,9400,7500,8400,9000
Q9JJR8,43000,35000,37000,38000,38000,38000,34000,38000
B9EKI3,53000,54000,61000,53000,68000,66000,68000,71000
Q91ZE0,92000,91000,97000,87000,81000,83000,78000,75000
P49813,89000,93000,96000,88000,86000,95000,81000,81000
Q9JKK7,77000,73000,100000,82000,81000,85000,76000,77000
Q9JHJ0,190000,190000,210000,180000,190000,200000,170000,170000
Q61033,150000,140000,99000,170000,120000,120000,140000,140000
Q61029-3,200000,180000,130000,270000,140000,140000,190000,190000
Q61029,200000,180000,130000,270000,140000,140000,190000,190000
Q61029-4,200000,170000,140000,270000,140000,150000,180000,180000
D3Z286,46000,45000,44000,47000,42000,41000,43000,44000
Q6ZWY8,1400000,1300000,1700000,1300000,1200000,1200000,930000,1000000
A2AF33,68000,70000,74000,63000,61000,63000,55000,53000
P20065,1400000,1300000,1700000,1400000,1200000,1200000,910000,990000
P20065-2,1400000,1300000,1700000,1300000,1200000,1200000,930000,990000
Q9JMG3,75000,74000,70000,73000,71000,74000,72000,71000
Q8VBT0,140000,110000,160000,160000,130000,140000,110000,120000
Q9D710,52000,52000,49000,53000,48000,49000,49000,49000
Q8BXZ1,190000,180000,200000,180000,170000,180000,160000,150000
Q8C0L0,96000,94000,100000,95000,88000,92000,74000,73000
Q60769,81000,85000,73000,74000,98000,100000,87000,84000
J3QM73,120000,120000,120000,130000,120000,130000,110000,120000
Q921Z5,86000,88000,87000,97000,91000,93000,96000,100000
D3Z205,49000,49000,49000,51000,52000,55000,61000,62000
Q8K288,12000,15000,12000,16000,12000,12000,14000,14000
Q80WM9,8700,9400,10000,8700,10000,8900,9400,6500
B1AWN9,11000,12000,11000,11000,12000,13000,14000,15000
P83510,86000,84000,87000,83000,82000,82000,73000,72000
E9PWA3,7100,6600,5700,5500,5200,4900,4900,5300
O54967,31000,31000,29000,31000,27000,28000,25000,25000
Q6PFX9,18000,19000,20000,20000,25000,25000,26000,26000
P58871,62000,65000,50000,62000,71000,70000,71000,70000
Q3UES3,16000,18000,19000,18000,23000,24000,23000,24000
Q8BFY9,120000,120000,130000,120000,140000,130000,150000,160000
Q99LG2,120000,120000,120000,120000,130000,130000,140000,140000
Q6P2B1,110000,100000,110000,110000,120000,110000,140000,140000
Q8BKI2,60000,60000,60000,60000,63000,63000,62000,64000
Q3UHC0,33000,32000,34000,34000,37000,37000,41000,42000
Q5SSZ5,15000,16000,15000,15000,14000,13000,15000,14000
Q9D2E2,87000,80000,75000,82000,83000,84000,79000,77000
Q9QZ06,50000,53000,57000,51000,52000,52000,52000,51000
O88746,49000,49000,54000,49000,53000,53000,50000,53000
Q5SRX1,21000,22000,25000,21000,23000,23000,22000,21000
Q9DCC8,57000,31000,84000,90000,64000,57000,89000,77000
Q9CPQ3,51000,50000,50000,49000,57000,59000,64000,62000
Q9CYG7,160000,160000,100000,160000,150000,150000,170000,180000
Q9CZR3,33000,34000,30000,32000,33000,31000,25000,26000
B1AXP6,160000,170000,140000,190000,190000,180000,230000,230000
Q6NZL6,8500,9600,8500,9500,8100,9100,12000,11000
Q01320,190000,180000,100000,200000,180000,170000,150000,150000
Q64511,220000,210000,110000,230000,230000,220000,160000,170000
O70157,35000,35000,27000,35000,32000,33000,38000,36000
Q9Z321,75000,75000,55000,72000,69000,70000,76000,78000
Q80Z37,26000,26000,26000,24000,29000,27000,33000,31000
Q9ER39,79000,79000,83000,75000,80000,82000,86000,82000
Q921T2,160000,140000,170000,160000,130000,140000,130000,130000
Q8BYU6,20000,19000,23000,21000,25000,24000,29000,27000
Q9ER41,45000,42000,46000,42000,55000,53000,61000,58000
Q8R1J9,31000,30000,31000,29000,31000,31000,32000,27000
Q9ER38,14000,13000,16000,15000,15000,17000,11000,13000
Q66JW3,69000,67000,58000,65000,73000,72000,63000,65000
Q8BU11,85000,83000,63000,91000,97000,96000,100000,110000
Q9EQJ0,46000,47000,48000,44000,38000,40000,34000,33000
Q62393,62000,66000,67000,60000,63000,63000,64000,68000
P17751,370000,360000,390000,360000,350000,360000,320000,330000
Q9R0M5,23000,24000,28000,21000,23000,23000,18000,19000
P58771,210000,190000,210000,180000,190000,190000,170000,180000
G5E8R1,190000,190000,210000,200000,190000,200000,180000,180000
E9Q455,190000,190000,210000,200000,190000,190000,180000,180000
E9Q456,190000,190000,210000,190000,190000,190000,180000,190000
P58774,16000,17000,17000,16000,17000,17000,18000,18000
P21107-2,640000,620000,680000,620000,630000,640000,570000,590000
P21107,210000,200000,220000,200000,200000,210000,190000,190000
Q6IRU2,180000,170000,200000,170000,190000,190000,150000,170000
O55060,31000,30000,30000,30000,29000,30000,27000,27000
O89023,120000,120000,140000,110000,120000,120000,110000,110000
Q64514-2,120000,120000,130000,110000,140000,130000,160000,160000
Q64514,120000,120000,130000,110000,140000,130000,160000,160000
Q7TQD2,14000,15000,11000,12000,14000,12000,11000,11000
Q9CRB6,31000,31000,31000,30000,27000,27000,25000,21000
F6ZDS4,190000,180000,210000,180000,190000,200000,190000,190000
B1AX95,58000,63000,62000,56000,62000,63000,64000,64000
Q8QZZ7,46000,46000,47000,45000,44000,45000,40000,41000
O88856,41000,41000,40000,40000,46000,46000,58000,57000
Q6PFR5,120000,120000,130000,110000,130000,130000,140000,140000
P62996,170000,170000,180000,170000,170000,170000,160000,160000
Q99JY4,32000,34000,29000,33000,33000,33000,34000,32000
Q3U0V2,72000,72000,70000,71000,69000,73000,68000,66000
P39428,71000,73000,75000,71000,77000,78000,84000,82000
P39429,57000,55000,54000,58000,53000,55000,56000,53000
Q60803,48000,47000,51000,45000,45000,45000,41000,40000
Q8N7N6,27000,28000,29000,28000,27000,27000,29000,27000
Q8C0G2,110000,100000,88000,130000,100000,100000,99000,97000
P70191,67000,68000,66000,63000,57000,57000,51000,49000
P70196,29000,30000,33000,31000,36000,35000,45000,42000
Q922B6,37000,37000,38000,34000,40000,41000,46000,43000
Q3UDK1,21000,23000,23000,24000,24000,24000,23000,22000
Q6P9N8,28000,29000,31000,28000,32000,31000,38000,37000
Q91V04,110000,100000,100000,130000,97000,93000,93000,92000
Q924Z5,23000,17000,21000,19000,25000,23000,21000,22000
Q5NCF2,57000,59000,57000,59000,56000,58000,54000,54000
Q3TLI0,63000,61000,65000,57000,59000,60000,57000,55000
F8VQF9,67000,65000,68000,61000,63000,64000,62000,60000
B2RXC1,89000,88000,95000,89000,87000,87000,85000,84000
Q8K2L8,82000,86000,88000,79000,91000,86000,91000,90000
Q3TIR1,92000,90000,84000,81000,90000,91000,94000,97000
Q9CQP2,15000,16000,16000,14000,14000,15000,12000,13000
Q9JME7,92000,96000,95000,88000,88000,92000,86000,88000
O55013,130000,130000,140000,130000,140000,140000,140000,150000
Q9ES56,88000,88000,93000,87000,98000,98000,110000,110000
Q9CQA1,97000,95000,99000,93000,100000,97000,110000,110000
Q9D289,110000,120000,110000,110000,110000,120000,99000,99000
E9PWG2,95000,91000,93000,91000,94000,96000,92000,93000
Q3U0M1,71000,70000,72000,64000,68000,68000,68000,65000
Q3U0M1-2,68000,70000,72000,64000,66000,67000,72000,66000
A0A075B649,11000,12000,11000,12000,12000,12000,14000,14000
A0A075B6C2,32000,31000,31000,31000,27000,30000,25000,25000
A0A075B651,19000,19000,18000,19000,14000,17000,16000,14000
A0A075B5Z7,16000,16000,20000,14000,13000,12000,9800,9100
A0A075B5J3,190000,190000,190000,180000,170000,180000,170000,160000
A0A075B5I3,9700,9700,8700,11000,10000,11000,10000,10000
A0A075B5J0,28000,28000,28000,25000,27000,28000,28000,28000
A0A075B5J5,100000,95000,110000,93000,80000,85000,89000,80000
A0A075B5I2,64000,60000,65000,53000,48000,48000,54000,49000
O55055,20000,20000,18000,19000,17000,17000,20000,20000
Q8BXJ2,25000,24000,22000,24000,23000,22000,20000,19000
Q9D8Z2,26000,30000,30000,29000,30000,33000,31000,32000
Q99PQ2,44000,41000,46000,41000,43000,41000,41000,40000
E9Q987,65000,59000,68000,72000,68000,71000,63000,61000
Q8BVW3,32000,32000,29000,30000,26000,28000,22000,21000
Q3U7K7,78000,75000,87000,76000,74000,77000,67000,66000
Q62191,70000,67000,80000,70000,68000,70000,63000,58000
Q64127,52000,53000,57000,52000,49000,50000,48000,47000
Q99PN3,82000,81000,83000,74000,75000,75000,67000,65000
Q62318,200000,190000,210000,190000,200000,200000,200000,200000
P15533,82000,87000,91000,85000,90000,110000,90000,88000
E9PWL0,46000,50000,51000,50000,50000,54000,46000,45000
Q99PP7-2,130000,120000,130000,120000,130000,130000,120000,120000
Q99PP7,130000,120000,130000,120000,120000,130000,120000,120000
E9PYZ4,120000,120000,98000,110000,99000,100000,85000,83000
Q99PP6,120000,120000,98000,110000,99000,100000,84000,82000
K7N6K2,120000,120000,98000,110000,99000,100000,84000,83000
Q8C006,17000,18000,18000,17000,20000,18000,20000,19000
Q9ESN2,8700,8600,9300,6300,10000,9500,15000,13000
Q5NCC3,22000,23000,23000,21000,22000,23000,25000,25000
E9PV98,59000,57000,67000,68000,63000,67000,54000,54000
Q80VI1,71000,70000,67000,69000,77000,77000,80000,84000
Q922Y2,68000,68000,72000,64000,60000,61000,55000,53000
Q8BFW4,89000,86000,94000,82000,83000,80000,70000,68000
Q99PJ2,29000,30000,31000,27000,25000,27000,30000,31000
Q0KL02,31000,32000,30000,31000,33000,33000,38000,42000
Q99KW3,35000,37000,36000,34000,37000,37000,37000,37000
E9Q512,81000,81000,88000,78000,92000,91000,110000,110000
G5E870,93000,86000,73000,88000,110000,100000,120000,120000
Q3UA06,15000,15000,17000,15000,14000,14000,20000,19000
Q9QXN3,60000,58000,33000,64000,54000,53000,64000,61000
Q80UN9,47000,46000,39000,49000,49000,48000,52000,56000
Q3TX08,36000,37000,35000,37000,42000,40000,54000,53000
Q8C1Z8,41000,42000,41000,39000,45000,44000,56000,56000
Q3UFY8,65000,61000,41000,84000,74000,70000,89000,88000
Q9CWH5,40000,41000,39000,40000,44000,44000,51000,51000
E9QKG3,39000,40000,39000,39000,44000,44000,51000,52000
Q9DCG9,54000,57000,64000,54000,63000,59000,70000,74000
A2RSY6,120000,120000,140000,130000,130000,120000,130000,130000
Q9D2Q2,23000,22000,26000,22000,23000,23000,27000,29000
Q9D0C4,100000,100000,93000,100000,100000,100000,110000,110000
Q80XC2,66000,67000,73000,66000,81000,77000,92000,91000
Q9DAT5,64000,65000,62000,62000,64000,62000,65000,65000
Q80VC6,38000,39000,37000,36000,36000,37000,48000,48000
Q8K1J6,200000,190000,190000,190000,190000,200000,190000,190000
O08848,17000,16000,17000,16000,16000,16000,17000,15000
A2AU91,120000,120000,92000,120000,120000,120000,110000,120000
E9QJU8,23000,24000,14000,28000,27000,25000,34000,30000
Q4QQM4,35000,32000,39000,36000,35000,31000,33000,33000
Q9QXE4,37000,37000,37000,34000,24000,30000,25000,25000
Q543M9,59000,57000,45000,71000,55000,55000,60000,58000
Q9R244,8500,8700,8800,7300,9400,8200,9600,9100
Q91YD4,58000,53000,56000,57000,61000,60000,57000,53000
Q923J1,21000,21000,21000,19000,18000,18000,18000,16000
Q9WTR1,86000,86000,83000,74000,75000,76000,62000,63000
Q80YV3,140000,140000,150000,130000,140000,140000,130000,130000
E9PWT1,140000,140000,150000,130000,140000,140000,140000,130000
Q8C0D0,53000,56000,48000,53000,55000,54000,63000,61000
Q9EP53,150000,140000,150000,140000,150000,150000,150000,150000
Q9EP53-2,150000,140000,150000,140000,150000,150000,150000,150000
Q9EP53-3,150000,140000,150000,140000,150000,150000,150000,150000
Q7TT21,39000,40000,37000,38000,41000,40000,45000,45000
Q61037-6,39000,40000,37000,38000,41000,40000,45000,45000
Q61037,35000,36000,33000,35000,38000,37000,41000,42000
P62500,150000,140000,160000,130000,130000,130000,120000,120000
E9Q7M2,150000,140000,160000,130000,130000,130000,120000,120000
Q9EQN3,150000,150000,160000,140000,140000,140000,130000,140000
Q8R3W5,6700,7700,7500,6700,7600,7100,6600,7900
Q6P7W5,56000,55000,51000,55000,64000,62000,68000,69000
Q8BMZ5,55000,56000,52000,50000,51000,52000,57000,57000
Q8C2A2,37000,36000,36000,35000,39000,38000,44000,43000
Q9CZR8,130000,120000,110000,120000,120000,120000,150000,140000
Q61187,130000,140000,130000,130000,130000,130000,130000,130000
Q62348,140000,140000,140000,130000,130000,130000,140000,130000
Q9QZE7,180000,160000,180000,160000,170000,170000,160000,170000
Q8QZY6,110000,100000,100000,110000,90000,95000,85000,79000
O88852,29000,29000,31000,31000,32000,30000,42000,44000
Q8C8T8,110000,110000,120000,100000,120000,120000,140000,140000
Q8K0G5,48000,47000,53000,45000,47000,45000,49000,46000
Q9JHE7,49000,43000,56000,49000,50000,50000,47000,47000
P52196,31000,30000,32000,31000,31000,29000,46000,43000
P23591,120000,120000,110000,110000,120000,120000,130000,130000
F6RTH5,54000,53000,53000,50000,55000,54000,62000,57000
Q9CSP9,53000,50000,53000,51000,55000,53000,64000,59000
Q8CC21,19000,22000,26000,22000,24000,23000,25000,29000
Q80XJ3,16000,18000,20000,15000,20000,17000,19000,17000
Q9D6K7,94000,92000,100000,88000,84000,88000,86000,91000
F8VPK0,100000,100000,100000,100000,110000,110000,120000,120000
A3KMP2-2,140000,140000,140000,130000,120000,120000,94000,94000
A2ACP1,52000,45000,44000,34000,45000,39000,38000,35000
Q99LG4,53000,53000,59000,52000,55000,54000,63000,65000
D3Z0R8,38000,36000,38000,37000,34000,33000,31000,31000
Q810A3,44000,42000,42000,41000,42000,42000,41000,41000
Q62187,57000,53000,43000,55000,56000,56000,61000,63000
Q5NC05,65000,65000,61000,63000,65000,66000,92000,87000
P38585,18000,18000,18000,19000,18000,17000,18000,18000
Q3UDE2,99000,97000,100000,96000,98000,98000,97000,98000
A2ASS6-3,68000,60000,55000,59000,54000,54000,52000,44000
A2ASS6,100000,94000,91000,100000,100000,100000,110000,100000
Q9D3D0,65000,65000,68000,67000,78000,79000,75000,77000
P07309,51000,85000,43000,51000,37000,33000,35000,27000
Q6P5F7,50000,44000,48000,43000,38000,38000,49000,40000
P68369,710000,730000,740000,720000,790000,790000,1000000,1000000
P05213,710000,730000,740000,720000,790000,790000,1000000,1000000
P68373,710000,720000,740000,720000,790000,790000,1000000,1000000
P68368,340000,350000,360000,350000,380000,380000,470000,470000
Q3UX10,180000,190000,180000,180000,200000,200000,250000,260000
Q7TMM9,120000,130000,130000,120000,130000,130000,160000,150000
Q9CWF2,120000,130000,130000,120000,130000,130000,160000,150000
Q9ERD7,120000,130000,130000,120000,130000,130000,150000,150000
P68372,140000,150000,150000,140000,150000,150000,180000,180000
P99024,380000,390000,390000,380000,380000,380000,480000,480000
Q922F4,120000,120000,130000,130000,130000,120000,150000,150000
P83887,93000,95000,98000,94000,96000,97000,93000,93000
Q921G8,130000,130000,130000,130000,120000,120000,120000,120000
P58854,97000,97000,98000,96000,92000,90000,86000,81000
Q9D4F8,30000,31000,28000,27000,30000,30000,32000,30000
Q8BKN5,34000,33000,39000,34000,37000,35000,39000,40000
G5E8P0,41000,42000,42000,42000,44000,43000,43000,42000
Q8BFR5,190000,190000,200000,180000,190000,190000,200000,210000
O88413,13000,13000,11000,12000,14000,13000,14000,14000
Q9JIL5,13000,12000,12000,14000,14000,12000,16000,15000
Q8R3F9,59000,57000,56000,60000,64000,62000,71000,70000
Q91YR1,100000,100000,98000,100000,110000,110000,120000,110000
Q9Z0P5,200000,210000,200000,200000,190000,190000,160000,160000
P10639,180000,170000,180000,160000,190000,180000,240000,240000
P97493,99000,100000,120000,93000,110000,110000,150000,140000
Q8K2W3,44000,40000,41000,41000,43000,45000,50000,48000
Q9CQU0,120000,130000,120000,120000,120000,130000,120000,130000
Q9CQM5,120000,120000,120000,110000,120000,120000,130000,130000
Q91W90,110000,110000,120000,110000,110000,120000,130000,130000
Q8CDN6,130000,130000,140000,120000,130000,130000,170000,170000
P83877,80000,78000,84000,73000,85000,78000,95000,84000
Q8BUH1,74000,79000,82000,69000,76000,76000,84000,91000
Q9JLT4,11000,11000,13000,11000,21000,16000,14000,15000
E9QJS1,32000,32000,29000,33000,31000,32000,30000,31000
Q9R117,31000,32000,30000,32000,30000,33000,30000,32000
P07607,28000,28000,28000,30000,26000,28000,34000,35000
A2RSX7,60000,60000,67000,56000,62000,62000,75000,69000
Q9D883,120000,120000,110000,120000,120000,120000,120000,120000
Q8BGJ9,27000,28000,23000,25000,26000,27000,26000,27000
P26369,210000,210000,190000,210000,230000,230000,240000,240000
Q6NV83,160000,150000,99000,150000,160000,160000,180000,170000
Q8CGB3,51000,53000,53000,67000,52000,51000,47000,49000
Q91YN5,32000,32000,36000,32000,39000,38000,38000,39000
Q3TW96,66000,70000,73000,66000,66000,66000,58000,61000
Q02053,400000,400000,420000,400000,410000,410000,420000,420000
Q9Z1F9,180000,180000,190000,170000,180000,180000,170000,170000
Q8C878,110000,110000,120000,110000,110000,110000,120000,110000
Q8VE47,97000,96000,93000,94000,94000,95000,92000,88000
P62984,2600000,2700000,2600000,2900000,2900000,2900000,3700000,3600000
Q8C7R4,140000,140000,140000,140000,160000,150000,180000,180000
Q9DBK7,150000,150000,160000,150000,140000,150000,120000,120000
Q8VDI7,23000,24000,26000,23000,26000,23000,28000,28000
Q8R1K1,95000,92000,96000,96000,96000,96000,100000,100000
Q8BH48,22000,25000,26000,22000,27000,27000,29000,28000
Q3V3E1,130000,120000,110000,110000,110000,110000,110000,120000
P0CG50,2600000,2700000,2600000,2900000,2900000,2900000,3700000,3600000
P63147,43000,42000,46000,41000,48000,46000,58000,59000
Q9D1C1,19000,20000,22000,21000,20000,19000,21000,23000
P61080,60000,66000,59000,61000,65000,62000,59000,58000
P62838,140000,140000,130000,140000,160000,150000,160000,160000
Q6ZWY6,140000,140000,140000,140000,160000,150000,170000,170000
D3YUH6,42000,45000,43000,46000,45000,49000,44000,45000
Q91W82,36000,36000,33000,37000,44000,41000,47000,49000
Q9CY34,27000,29000,24000,25000,28000,31000,27000,27000
P62254,88000,90000,95000,83000,100000,99000,110000,110000
P60605,62000,58000,68000,60000,70000,66000,69000,68000
P62257,150000,150000,170000,140000,140000,150000,120000,130000
P63280,190000,190000,170000,170000,170000,180000,160000,170000
P61087,98000,98000,110000,94000,110000,100000,130000,130000
P68037,190000,190000,200000,170000,190000,190000,180000,190000
P61082,120000,120000,120000,120000,120000,120000,120000,130000
P61089,210000,200000,210000,200000,210000,210000,200000,200000
Q7TSS2,95000,91000,100000,96000,110000,110000,120000,120000
Q8K2Z8,90000,87000,89000,82000,110000,100000,120000,120000
Q6ZWZ2,59000,59000,64000,56000,60000,58000,75000,75000
Q9CQ37,24000,24000,23000,23000,25000,26000,28000,31000
Q9CZY3,190000,180000,190000,180000,190000,190000,180000,190000
Q9D2M8,180000,180000,180000,180000,190000,190000,190000,190000
Q3UE37,78000,79000,82000,75000,84000,82000,89000,89000
O08759,100000,110000,110000,100000,120000,120000,130000,130000
E9QKT1,110000,110000,120000,110000,120000,120000,130000,130000
Q9ES34,43000,45000,44000,44000,42000,40000,42000,41000
Q80U95,79000,77000,79000,76000,84000,83000,96000,95000
Q8BX13,17000,15000,16000,15000,16000,16000,19000,19000
G3X9Y5,74000,71000,78000,75000,73000,74000,75000,75000
E9Q735,60000,58000,64000,61000,59000,59000,61000,60000
Q9ES00,99000,99000,100000,98000,100000,100000,120000,120000
Q78JW9,78000,82000,80000,86000,84000,84000,99000,96000
Q9Z2M6,13000,14000,13000,13000,20000,19000,19000,17000
P21126,95000,93000,100000,90000,110000,100000,140000,140000
Q91W67,62000,64000,71000,65000,65000,63000,75000,79000
Q8BGR9,140000,130000,140000,140000,120000,130000,110000,110000
Q4G0F8,36000,36000,23000,40000,32000,32000,43000,42000
F2Z402,33000,34000,32000,32000,34000,37000,43000,35000
Q811S7,100000,100000,100000,99000,100000,100000,97000,110000
Q8R317-2,86000,88000,93000,84000,91000,92000,97000,98000
Q8R317,86000,88000,94000,84000,91000,92000,97000,98000
Q9QZM0,90000,96000,100000,90000,93000,97000,94000,96000
Q99NB8,72000,78000,77000,73000,76000,78000,86000,85000
O70481,83000,80000,87000,82000,84000,85000,91000,91000
Q6WKZ8,83000,80000,92000,81000,97000,95000,100000,110000
Q5U430,44000,43000,46000,42000,42000,43000,49000,47000
F6QC57,43000,43000,46000,42000,42000,42000,49000,48000
A2AN08,130000,130000,140000,130000,140000,130000,150000,150000
Q80TP3,83000,80000,80000,84000,99000,96000,120000,120000
E9Q2H1,83000,80000,79000,84000,99000,96000,120000,120000
Q8BU04,45000,42000,48000,44000,43000,43000,45000,46000
Q6PGH0,23000,21000,22000,22000,25000,24000,29000,28000
P25976-2,160000,140000,170000,170000,140000,140000,150000,160000
A2AWT5,160000,140000,170000,180000,130000,140000,150000,160000
P25976,160000,140000,170000,180000,130000,140000,150000,160000
Q922Y1,110000,110000,110000,98000,110000,110000,120000,120000
Q9D572,19000,20000,21000,20000,16000,15000,19000,18000
Q0KL01,30000,31000,31000,29000,29000,30000,34000,34000
Q99PL6,93000,90000,78000,85000,87000,84000,85000,87000
G5E8R8,120000,120000,130000,120000,120000,130000,110000,120000
Q6P5G6,120000,120000,130000,120000,120000,120000,110000,110000
Q9JKB1,110000,120000,120000,110000,120000,120000,130000,130000
Q9WUP7,130000,140000,130000,130000,150000,150000,190000,190000
P52623,47000,49000,42000,47000,54000,52000,61000,64000
Q91YL3,98000,100000,96000,100000,96000,98000,86000,82000
Q9CR09,140000,140000,150000,140000,130000,130000,140000,140000
P70362,110000,98000,91000,100000,110000,110000,120000,120000
Q8CCJ3,110000,110000,82000,100000,100000,100000,94000,93000
P61961,35000,42000,39000,39000,44000,43000,46000,51000
Q99K23,45000,45000,45000,45000,43000,43000,41000,36000
O88693,53000,47000,52000,50000,46000,47000,58000,58000
O70475,42000,43000,44000,42000,42000,43000,57000,56000
Q6P5E4,180000,180000,190000,180000,180000,180000,170000,170000
E9Q4X2,110000,110000,120000,100000,110000,110000,120000,120000
Q91ZJ5,120000,120000,130000,120000,120000,120000,110000,110000
B2KF50,21000,25000,21000,23000,28000,25000,34000,30000
A2RSJ4,75000,77000,79000,76000,92000,92000,110000,110000
Q7TMI3,79000,71000,47000,90000,72000,74000,77000,76000
Q5U5Q9,44000,42000,21000,36000,42000,42000,47000,48000
Q5U5Q9-3,31000,30000,20000,26000,31000,31000,34000,34000
O70405,19000,18000,18000,18000,21000,22000,22000,23000
Q3U3Q1,32000,32000,30000,29000,31000,31000,32000,31000
Q9Z2R6,22000,18000,27000,25000,21000,23000,18000,17000
Q8C4B4-2,38000,38000,37000,35000,38000,37000,45000,44000
Q8C4B4,41000,40000,41000,38000,42000,40000,48000,47000
Q9Z1N9,35000,35000,34000,25000,26000,27000,25000,23000
B2RUP2,110000,110000,94000,110000,98000,100000,85000,84000
Q99KD5,100000,100000,110000,100000,120000,110000,140000,140000
Q8BL48,66000,67000,66000,60000,67000,69000,66000,67000
Q5FWH2,41000,46000,41000,38000,43000,50000,34000,32000
A2AT37,100000,100000,96000,100000,110000,110000,110000,110000
B1AVZ0,45000,48000,47000,47000,47000,47000,51000,51000
Q8R1I1,52000,53000,54000,55000,46000,46000,50000,45000
Q9D855,160000,160000,190000,170000,170000,170000,170000,160000
Q9CZ13,140000,140000,160000,140000,150000,150000,150000,160000
Q9DB77,190000,190000,190000,190000,200000,200000,210000,210000
Q9CR68,180000,170000,180000,180000,180000,180000,170000,170000
P99028,38000,41000,49000,39000,45000,43000,44000,41000
Q9CQ69,150000,150000,140000,160000,160000,170000,160000,160000
Q571H0,81000,68000,100000,65000,110000,110000,130000,130000
E9Q7L1,83000,72000,94000,74000,100000,97000,120000,110000
Q5NCI0,30000,30000,32000,33000,32000,33000,39000,40000
Q3TLD5,65000,67000,69000,64000,67000,66000,82000,82000
Q9D2P4,52000,49000,57000,47000,53000,54000,62000,63000
P70697,69000,72000,72000,69000,68000,69000,67000,68000
P51163,66000,65000,71000,60000,60000,61000,53000,53000
Q91W78,33000,33000,34000,30000,31000,32000,26000,28000
Q61069,110000,100000,120000,110000,100000,110000,87000,91000
Q64705,86000,80000,90000,86000,83000,87000,74000,77000
Q78IK2,75000,79000,81000,130000,71000,75000,64000,68000
Q9Z1Z0,180000,170000,200000,170000,180000,180000,180000,180000
Q99K46,32000,33000,31000,31000,31000,32000,33000,32000
Q9D9M2,23000,24000,24000,24000,25000,25000,25000,24000
Q5BKP2,6900,9100,11000,6500,11000,7800,9500,12000
Q9JMA1,120000,120000,110000,110000,120000,120000,130000,140000
Q8R5H1,110000,100000,110000,100000,120000,120000,150000,160000
Q99LG0,45000,42000,29000,45000,51000,50000,61000,63000
Q9WTV6,17000,18000,17000,18000,18000,19000,16000,16000
Q8C6M1,9300,8200,9400,8200,11000,11000,12000,14000
Q5DU02,31000,29000,34000,32000,36000,35000,29000,31000
B1AY13,120000,120000,130000,120000,120000,120000,130000,130000
P57080,97000,97000,100000,95000,100000,110000,100000,100000
Q5I043,42000,43000,47000,41000,38000,41000,33000,31000
Q91W36,140000,140000,120000,140000,130000,140000,120000,120000
Q3UN04,10000,10000,11000,10000,10000,10000,11000,10000
F8VPZ3,37000,39000,39000,37000,42000,40000,48000,50000
Q6ZQ93,61000,60000,66000,59000,69000,68000,80000,80000
Q8BW70,63000,59000,57000,61000,73000,74000,82000,83000
Q3TIX9,170000,160000,130000,170000,170000,170000,160000,170000
P35123,120000,120000,130000,120000,130000,130000,150000,160000
Q8K387,18000,18000,17000,17000,20000,20000,23000,25000
P62069,18000,17000,19000,18000,18000,18000,20000,19000
Q8BY87-2,130000,130000,140000,130000,140000,140000,140000,140000
Q8BY87,130000,130000,140000,130000,140000,140000,140000,140000
Q3V0C5,110000,110000,110000,110000,110000,110000,110000,110000
Q3V0C5-3,51000,53000,52000,52000,51000,52000,52000,52000
A2BDP2,12000,12000,12000,13000,12000,12000,13000,14000
D3Z4K7,130000,130000,150000,130000,130000,130000,120000,120000
P56399,150000,140000,160000,140000,140000,140000,130000,130000
Q6A4J8,160000,160000,160000,150000,150000,160000,150000,150000
E9PXY8,160000,160000,160000,150000,150000,160000,150000,150000
Q80U87,100000,96000,96000,96000,100000,100000,110000,110000
P70398,130000,130000,130000,120000,140000,140000,140000,130000
F8VPU6,120000,110000,120000,110000,130000,130000,120000,120000
Q3ULM6,4400,4700,4100,4400,5700,5700,5500,6800
Q9CX11,46000,42000,39000,38000,38000,35000,49000,46000
E9Q6R7,87000,86000,91000,88000,120000,110000,130000,130000
Q8C0K8,93000,93000,89000,90000,92000,89000,89000,88000
Q9D479,50000,48000,41000,48000,44000,45000,45000,46000
Q9WTZ0,25000,26000,28000,24000,26000,26000,36000,34000
Q80WQ2,140000,140000,140000,130000,140000,140000,140000,140000
Q62442,54000,53000,51000,53000,65000,65000,61000,64000
P63044,62000,60000,53000,62000,64000,62000,76000,79000
P63024,61000,60000,53000,61000,65000,64000,75000,77000
O70480,16000,15000,15000,16000,16000,16000,21000,19000
P70280,89000,78000,89000,83000,85000,86000,90000,88000
O70404,86000,84000,81000,85000,72000,73000,82000,78000
Q9WV55,170000,160000,150000,190000,170000,170000,200000,210000
Q9QY76,140000,120000,150000,150000,130000,130000,140000,150000
Q9Z1Q9,140000,130000,120000,140000,140000,140000,180000,180000
Q3U2A8,96000,94000,93000,96000,95000,94000,95000,92000
P70460,180000,180000,160000,170000,180000,180000,140000,150000
P27870,160000,150000,150000,150000,150000,150000,130000,130000
Q60992,24000,23000,25000,24000,24000,24000,23000,23000
Q9R0C8,87000,87000,84000,79000,76000,80000,74000,75000
P61759,180000,160000,170000,170000,190000,190000,210000,230000
P29533,12000,12000,11000,11000,10000,9700,10000,10000
Q64727,75000,70000,81000,74000,69000,67000,65000,66000
Q01853,190000,190000,180000,180000,200000,200000,240000,240000
Q8CDG3,110000,110000,110000,110000,120000,120000,110000,110000
Q60932,210000,210000,180000,200000,200000,200000,210000,190000
Q60930,250000,240000,220000,260000,250000,260000,270000,250000
Q60931,170000,160000,130000,160000,160000,170000,150000,150000
Q5SXC4,28000,29000,8500,39000,20000,22000,25000,26000
Q80V24,40000,38000,51000,46000,53000,52000,48000,52000
P20152,470000,480000,410000,460000,440000,450000,360000,360000
Q8BGQ1,79000,80000,79000,73000,75000,75000,76000,75000
Q78T54,42000,41000,42000,46000,42000,43000,43000,40000
Q8BP01,17000,20000,17000,22000,18000,14000,16000,13000
Q99KU0,5700,5700,6100,5400,5400,6300,7200,6500
Q80TR8,110000,110000,120000,110000,110000,110000,120000,120000
Q91W86,47000,46000,49000,46000,47000,48000,47000,46000
Q5H8C4,81000,81000,83000,79000,83000,83000,84000,83000
Q80TY5,43000,44000,44000,42000,40000,41000,44000,42000
Q8BX70,100000,100000,99000,100000,94000,92000,84000,83000
B1ART2,57000,58000,59000,54000,60000,58000,59000,58000
G3X8X7,69000,66000,69000,70000,72000,70000,77000,75000
Q920Q4,51000,50000,52000,52000,54000,53000,58000,56000
Q8R307,84000,83000,89000,80000,81000,81000,79000,79000
Q9CQ80,67000,65000,68000,63000,64000,60000,65000,58000
P40336,70000,71000,75000,68000,74000,76000,74000,75000
Q8C0E2,100000,100000,110000,110000,110000,110000,100000,100000
Q9D1C8,70000,68000,75000,65000,70000,72000,71000,71000
Q9QZ88-2,160000,160000,160000,140000,160000,160000,170000,170000
Q9QZ88,160000,160000,160000,140000,160000,160000,170000,170000
Q9D2N9,80000,79000,80000,76000,80000,80000,85000,81000
P59016,120000,120000,120000,120000,130000,130000,130000,130000
Q9EQH3,160000,160000,170000,150000,150000,150000,160000,160000
Q91XD6,97000,99000,100000,96000,97000,100000,96000,97000
Q8R105,12000,13000,14000,12000,15000,13000,17000,16000
Q8R5L3,71000,68000,75000,69000,72000,74000,69000,70000
Q5KU39,86000,89000,90000,85000,82000,85000,86000,85000
P97390,81000,79000,79000,77000,79000,80000,84000,81000
Q8VEJ9,150000,150000,140000,140000,150000,150000,150000,150000
P46467,160000,150000,150000,160000,170000,170000,170000,170000
Q3UVL4,50000,52000,53000,51000,52000,51000,58000,57000
Q8C754,95000,93000,93000,88000,95000,94000,110000,100000
Q8CCB4,58000,60000,61000,58000,65000,65000,71000,72000
Q62481,39000,41000,41000,42000,38000,38000,37000,38000
Q0P5W1,63000,63000,64000,62000,69000,69000,76000,74000
Q80X41,170000,120000,97000,310000,160000,150000,210000,190000
Q8BN21,40000,36000,33000,44000,33000,31000,34000,33000
Q8K3G5,150000,140000,130000,140000,140000,140000,110000,110000
Q9CR26,85000,82000,80000,78000,89000,94000,98000,99000
O89116,48000,45000,47000,44000,46000,46000,47000,48000
Q91XH6,78000,81000,77000,81000,87000,89000,89000,93000
O88384,78000,81000,77000,81000,87000,89000,89000,93000
Q99KC8,140000,140000,110000,130000,120000,120000,100000,100000
Q8CC88,81000,83000,88000,79000,74000,76000,70000,71000
Q8R3P6,94000,94000,99000,94000,99000,100000,97000,99000
E9PXS5,48000,47000,46000,46000,49000,47000,51000,50000
Q924H7,61000,60000,66000,60000,63000,63000,67000,64000
Q65Z40,120000,110000,110000,120000,130000,130000,120000,120000
P32921-2,120000,120000,120000,120000,140000,140000,170000,170000
P32921,120000,120000,120000,120000,140000,140000,170000,180000
Q9CYK1,31000,31000,29000,30000,29000,29000,26000,27000
P70315,160000,170000,110000,160000,150000,150000,140000,150000
Q8R5H6,1500,2300,2600,2400,3500,5400,4200,6500
Q8BH43,200000,190000,200000,180000,190000,200000,170000,180000
Q8VDD8,97000,81000,76000,86000,74000,77000,74000,81000
Q923D5,130000,130000,96000,120000,130000,130000,140000,130000
P97765,140000,140000,140000,130000,130000,140000,140000,130000
Q9CYF5,26000,26000,25000,26000,30000,28000,36000,35000
Q9CY21,91000,95000,57000,110000,97000,91000,130000,140000
Q8BGM4,56000,59000,59000,57000,53000,56000,45000,44000
Q8BUB4,27000,26000,24000,23000,25000,25000,28000,24000
E9Q2M9,39000,38000,43000,39000,36000,34000,31000,30000
O88342,340000,340000,360000,330000,320000,330000,280000,280000
Q8K1X1,47000,49000,45000,44000,45000,45000,45000,45000
Q91V09,23000,22000,20000,22000,22000,22000,22000,21000
Q4VBE8,110000,110000,120000,100000,120000,120000,140000,140000
Q3UWE6,31000,31000,35000,32000,36000,36000,38000,40000
Q8CFJ9,11000,11000,12000,11000,11000,11000,10000,11000
Q8C6G8,98000,95000,110000,91000,120000,110000,120000,120000
Q8K4P0,110000,100000,61000,110000,100000,100000,110000,110000
Q8CBE3,92000,94000,62000,96000,85000,87000,81000,77000
Q9EP82,84000,86000,84000,85000,91000,88000,110000,100000
Q3UDP0,23000,24000,28000,22000,24000,24000,26000,25000
Q6NVE8,110000,110000,110000,100000,100000,110000,97000,99000
Q91VM3,52000,51000,53000,48000,46000,51000,53000,52000
Q9CR39,57000,58000,58000,55000,62000,63000,64000,69000
Q8CGF6,39000,40000,41000,37000,39000,38000,41000,39000
Q8BH57,65000,67000,61000,63000,73000,73000,84000,83000
P61965,180000,170000,170000,190000,120000,130000,130000,120000
Q9DB94,42000,41000,36000,44000,44000,41000,51000,55000
Q9CX97,88000,88000,91000,82000,92000,90000,100000,100000
Q8C0M0,32000,31000,29000,33000,36000,37000,40000,41000
Q99ME2,73000,74000,74000,72000,70000,74000,96000,95000
Q9ERF3,87000,91000,96000,84000,96000,99000,110000,110000
Q920I9,25000,25000,27000,26000,24000,26000,26000,25000
Q3TWF6,93000,92000,90000,91000,100000,100000,120000,120000
Q9CWR1,42000,42000,44000,40000,46000,46000,58000,55000
A6PWY4,93000,90000,75000,91000,80000,82000,78000,77000
Q5ND34,61000,60000,65000,58000,58000,58000,48000,49000
Q8BFQ4,140000,140000,140000,140000,150000,160000,150000,150000
Q9DAJ4,29000,30000,29000,29000,29000,31000,31000,31000
Q9D0R9,31000,32000,30000,29000,30000,30000,29000,27000
Q6ZPG2,20000,16000,18000,19000,18000,17000,14000,15000
Q7TMQ7,100000,110000,100000,100000,98000,100000,85000,86000
Q8BGF3,55000,56000,56000,50000,50000,52000,69000,69000
Q9D0I6,27000,31000,31000,25000,26000,26000,21000,23000
Q80ZK9,37000,37000,39000,36000,35000,35000,36000,36000
Q80WB5,31000,34000,33000,31000,33000,34000,30000,32000
Q571B6,12000,13000,11000,14000,14000,14000,18000,17000
Q6P2L6,46000,47000,26000,40000,46000,49000,52000,54000
Q6P2L6-2,32000,32000,18000,28000,32000,34000,35000,38000
Q8K1I7,130000,120000,58000,130000,100000,100000,130000,130000
Q80W47,56000,44000,73000,60000,58000,57000,59000,55000
O88286-2,37000,36000,20000,44000,33000,31000,50000,49000
O88286,37000,36000,20000,45000,33000,30000,52000,49000
F6ZBR8,37000,36000,21000,46000,33000,31000,49000,48000
P83741,110000,110000,100000,110000,130000,130000,130000,130000
Q8VC51,34000,34000,38000,33000,36000,32000,32000,34000
Q9JM98,18000,19000,23000,17000,21000,21000,20000,20000
O09053,12000,12000,10000,11000,8900,11000,9800,9400
Q91XU0,85000,89000,90000,85000,84000,86000,92000,92000
Q9ER69,120000,120000,130000,110000,120000,120000,120000,130000
Q91WL8,11000,12000,12000,9800,12000,11000,13000,12000
Q8BZZ3,20000,21000,20000,21000,22000,22000,24000,24000
Q9DCD2,120000,120000,140000,120000,140000,140000,150000,150000
Q5NBU8,45000,45000,36000,47000,41000,45000,35000,37000
Q00519,65000,63000,61000,64000,59000,61000,54000,55000
Q60989,20000,17000,23000,20000,23000,23000,26000,25000
Q4U4S6,77000,79000,110000,130000,96000,97000,110000,97000
P51612,37000,37000,16000,43000,34000,35000,34000,33000
Q3UE92,160000,140000,170000,150000,160000,160000,160000,160000
Q6P1B1,160000,140000,170000,150000,160000,160000,150000,160000
B7ZMP1,87000,92000,86000,86000,86000,84000,79000,79000
Q6P5F9,170000,170000,190000,170000,170000,170000,180000,180000
Q9ESJ0,80000,76000,87000,76000,90000,85000,110000,100000
Q924C1,140000,130000,150000,130000,160000,150000,190000,190000
Q924Z6,36000,37000,39000,36000,41000,39000,46000,47000
Q9EPK7,140000,130000,150000,130000,140000,140000,140000,130000
Q60596,110000,110000,100000,110000,110000,110000,120000,120000
Q924T3,56000,60000,69000,59000,63000,60000,73000,69000
P27641,140000,140000,140000,130000,130000,140000,140000,140000
P23475,130000,130000,59000,150000,110000,110000,120000,120000
Q9CWQ3,30000,30000,29000,28000,33000,31000,37000,38000
G3UW46,22000,22000,22000,21000,24000,23000,30000,29000
F8VQ87,52000,46000,27000,52000,46000,44000,53000,50000
P97789,52000,46000,27000,52000,46000,44000,52000,50000
Q9DBR1,170000,170000,130000,170000,170000,170000,180000,180000
Q3U4G3,15000,14000,16000,15000,17000,16000,21000,21000
Q9EPL0,19000,18000,19000,18000,17000,17000,19000,19000
Q99LW6,23000,22000,22000,18000,21000,21000,22000,22000
A2A7S7,140000,130000,140000,130000,150000,150000,190000,190000
Q91WQ3,140000,130000,140000,130000,150000,150000,190000,190000
Q3TUF7,32000,33000,27000,33000,35000,35000,38000,38000
Q9CR11,140000,140000,140000,130000,130000,140000,130000,130000
Q91XB7,6500,6600,7200,8100,8100,6700,6800,7400
Q91VU1,39000,41000,39000,42000,38000,38000,50000,44000
Q3UDR8,57000,58000,58000,58000,59000,62000,76000,69000
Q8C407,49000,50000,48000,48000,49000,51000,58000,60000
Q9EQQ2,20000,19000,17000,20000,18000,18000,22000,19000
Q9CQW1,110000,110000,110000,110000,120000,120000,120000,120000
D3YWX2,130000,130000,130000,120000,130000,130000,130000,130000
Q9R0I7,130000,130000,130000,120000,130000,130000,130000,130000
P62700,44000,43000,48000,41000,44000,45000,42000,43000
E9Q5K9-2,90000,89000,110000,100000,100000,100000,97000,100000
E9Q5K9,90000,89000,100000,100000,100000,100000,99000,100000
B2RR83,67000,64000,63000,70000,68000,66000,72000,69000
Q9CQV8,1100000,1100000,1200000,1100000,1100000,1200000,1100000,1100000
P62259,1100000,1100000,1100000,1100000,1100000,1100000,1200000,1200000
P61982,1100000,1100000,1200000,1100000,1100000,1200000,1100000,1100000
P68510,1100000,1100000,1200000,1100000,1100000,1100000,1100000,1100000
P68254,1200000,1100000,1200000,1100000,1100000,1200000,1100000,1100000
P63101,4400000,4300000,4500000,4200000,4300000,4400000,4000000,4000000
Q00899,140000,140000,52000,150000,120000,130000,130000,140000
Q8BGC4,130000,130000,130000,130000,120000,130000,110000,110000
P43404,190000,190000,170000,180000,180000,180000,220000,220000
D2EAC2,14000,14000,13000,13000,13000,13000,18000,17000
Q9QY24,120000,120000,120000,110000,110000,120000,99000,98000
Q91VL9,41000,42000,30000,43000,42000,40000,56000,53000
G5E8B9,17000,17000,9400,23000,18000,17000,18000,20000
Q08376,54000,54000,29000,58000,36000,39000,35000,37000
Q60821,18000,20000,8400,24000,18000,20000,21000,22000
Q3V3W4,56000,56000,50000,54000,56000,54000,50000,49000
Q8K0L9,29000,26000,29000,31000,28000,27000,26000,29000
E9Q444,30000,30000,29000,31000,35000,35000,38000,39000
G3UW50,9100,9300,9100,9100,10000,9800,11000,12000
Q8BN78,33000,32000,28000,33000,35000,32000,42000,41000
Q6PDK0,12000,16000,13000,13000,15000,14000,15000,18000
Q6PCS8,37000,37000,25000,36000,33000,33000,36000,37000
Q9DAI4,15000,16000,12000,15000,17000,16000,18000,18000
Q8R0A2,23000,23000,12000,23000,19000,18000,17000,17000
Q52KG4,18000,16000,16000,20000,16000,16000,19000,19000
O88939,20000,23000,9700,24000,20000,19000,24000,26000
Q64321,8200,8900,6800,10000,7800,6900,8400,7700
Q505B7,130000,130000,130000,120000,120000,120000,120000,110000
Q8CDC7,24000,22000,17000,24000,26000,21000,29000,28000
Q6NZF1,100000,98000,59000,110000,110000,110000,120000,120000
Q5D1E7,19000,19000,22000,21000,23000,22000,21000,20000
G3X9I7,15000,17000,16000,17000,19000,20000,17000,18000
E9Q784,93000,88000,67000,90000,98000,99000,93000,94000
Q8BJ05,86000,85000,85000,81000,83000,86000,81000,83000
Q0P678,170000,150000,190000,170000,170000,180000,160000,170000
E9Q8K8,96000,94000,77000,92000,92000,95000,91000,90000
Q6ZPZ3,96000,94000,78000,92000,92000,95000,91000,90000
Q8BYK8,26000,25000,24000,26000,25000,27000,19000,21000
E9PWW6,29000,28000,22000,28000,29000,29000,33000,33000
F8VPP8,38000,38000,34000,39000,40000,40000,44000,42000
Q3UPF5,160000,160000,150000,160000,150000,160000,160000,160000
D3Z5I1,160000,150000,150000,160000,160000,160000,160000,160000
Q80YV2,65000,69000,65000,57000,65000,65000,72000,73000
Q9CX48,22000,21000,12000,21000,23000,22000,25000,26000
B2RX14,79000,78000,52000,73000,79000,80000,76000,74000
Q9ESX4,78000,75000,84000,70000,73000,69000,74000,71000
Q8BKW4,30000,31000,27000,30000,32000,29000,37000,36000
Q5BLK4,71000,69000,41000,74000,71000,72000,77000,75000
Q9CYA6,67000,58000,76000,65000,65000,68000,60000,61000
Q9CZ96,15000,14000,16000,17000,16000,15000,18000,18000
Q9CWU2,35000,36000,36000,34000,44000,41000,50000,49000
Q8BGJ0,31000,34000,41000,28000,47000,31000,51000,50000
Q80TN5,29000,29000,32000,32000,35000,36000,34000,35000
Q5Y5T2,23000,24000,22000,23000,24000,25000,26000,26000
Q5Y5T1,41000,39000,39000,40000,54000,51000,51000,51000
Q8R173,42000,42000,39000,45000,47000,42000,43000,45000
Q9D6H5,37000,35000,39000,38000,37000,39000,32000,31000
Q9CPV7,18000,18000,19000,20000,19000,19000,21000,21000
P59268,27000,27000,31000,29000,37000,36000,37000,35000
Q64318,23000,21000,12000,23000,31000,31000,28000,27000
Q80ZJ6,35000,34000,36000,36000,25000,26000,26000,26000
Q91X58,29000,28000,31000,26000,28000,27000,29000,29000
Q9DCH6,37000,38000,39000,36000,40000,42000,41000,44000
B2RT41,29000,30000,19000,31000,31000,33000,42000,41000
Q8BP18,17000,18000,13000,18000,15000,14000,15000,16000
Q8CCB2,120000,120000,100000,110000,120000,120000,120000,120000
M0QWF0,41000,43000,43000,43000,42000,41000,46000,42000
Q3U0X6,34000,33000,20000,37000,30000,30000,33000,35000
Q6IQX8,17000,18000,9600,25000,15000,14000,17000,17000
Q8CF60,43000,42000,19000,47000,41000,42000,33000,39000
Q505F4,16000,16000,16000,16000,17000,18000,19000,20000
V9GWW1,23000,23000,17000,25000,26000,25000,27000,29000
G3UVV3,19000,18000,9500,22000,19000,17000,19000,20000
Q02526,7400,7400,14000,7600,7400,7300,8500,8500
Q7M6Y0,15000,13000,6000,17000,14000,15000,14000,13000
Q3TDV8,38000,39000,28000,42000,38000,35000,48000,50000
Q8C9M8,5600,5700,5900,6700,6300,6100,5700,6000
E9Q9H6,49000,48000,49000,48000,48000,47000,50000,51000
Q7M6X9,29000,27000,18000,26000,21000,21000,22000,20000
Q9Z117,43000,41000,18000,54000,38000,39000,63000,63000
S4R2I9,37000,35000,30000,37000,32000,31000,32000,30000
E9Q6S0,29000,31000,27000,31000,29000,29000,26000,24000
Q8C827,23000,24000,20000,31000,24000,27000,29000,32000
E9PZ11,33000,28000,9500,40000,19000,20000,18000,19000
F2Z443,24000,23000,13000,28000,19000,19000,18000,20000
Q9CZP3,33000,32000,16000,35000,36000,35000,40000,42000
D3Z4S9,63000,65000,11000,81000,39000,40000,37000,39000
D3Z6P2,64000,68000,18000,80000,42000,43000,41000,42000
Q7TPL6,11000,10000,5100,12000,11000,12000,14000,16000
B9EKF4,37000,34000,32000,39000,39000,39000,37000,40000
D3YV79,7200,4000,3400,5100,6600,6000,9400,10000
K7N5X2,8200,8500,9500,10000,9100,7600,9400,9000
A2ADM8,37000,37000,16000,34000,17000,18000,13000,11000
Q9D654,14000,15000,14000,15000,20000,20000,18000,20000
H9KUY5,23000,23000,13000,30000,17000,18000,16000,17000
Q6PGD2,14000,13000,15000,13000,14000,14000,13000,14000
Q9DC47,44000,43000,42000,40000,41000,41000,42000,40000
Q8K2A4,20000,18000,8300,20000,24000,25000,23000,21000
G5E905,43000,41000,32000,53000,42000,41000,56000,56000
Q62511,44000,43000,30000,51000,47000,47000,49000,59000
Q8BIQ6,25000,28000,31000,30000,32000,30000,24000,26000
O35615,20000,20000,20000,19000,20000,19000,23000,22000
O88532,120000,110000,46000,130000,110000,110000,140000,140000
P17012,20000,22000,15000,20000,20000,22000,23000,23000
Q810J8,51000,55000,55000,53000,54000,54000,50000,49000
Q80U44,13000,11000,13000,13000,25000,15000,20000,19000
Q9DAZ9,31000,30000,29000,29000,28000,28000,29000,28000
Q80Y56,22000,22000,23000,23000,24000,24000,25000,26000
Q5DU37,59000,57000,61000,61000,60000,59000,58000,57000
Q8VDM1,97000,97000,88000,95000,99000,98000,94000,97000
P70121,26000,25000,20000,24000,29000,28000,31000,32000
Q8C0C0,59000,59000,45000,57000,63000,64000,59000,61000
Q8C0Q2,15000,16000,17000,16000,16000,16000,14000,15000
Q8BGS3,19000,20000,12000,22000,24000,22000,32000,33000
Q91VW9,27000,29000,16000,27000,24000,22000,24000,25000
Q3V0C1-2,20000,20000,18000,20000,19000,20000,15000,16000
Q3V0C1,32000,34000,30000,35000,32000,32000,28000,29000
Q9CPW7,150000,130000,97000,150000,140000,140000,160000,160000
Q9CQR5,17000,18000,16000,18000,19000,18000,19000,19000
Q6P1E1,90000,94000,84000,100000,85000,85000,86000,88000
Q8CIE2,86000,87000,76000,94000,81000,89000,110000,110000
Q80W54,160000,150000,130000,170000,140000,140000,190000,180000
Q3TJB1,40000,41000,40000,38000,42000,41000,53000,54000
Q9CU65,66000,65000,63000,63000,64000,64000,69000,69000
Q9JLM4,30000,30000,23000,33000,28000,28000,28000,28000
A2A791,67000,64000,58000,65000,64000,61000,65000,64000
Q3U2E2,30000,30000,24000,28000,29000,30000,32000,35000
Q8BS54,12000,14000,13000,11000,11000,10000,12000,12000
Q8R5C8,85000,72000,52000,120000,67000,65000,73000,73000
D3Z2K4,83000,71000,46000,120000,68000,60000,72000,73000
A2A486,34000,33000,36000,31000,28000,30000,23000,23000
E9Q8D1,130000,120000,140000,120000,110000,120000,95000,94000
A2A484,130000,120000,140000,120000,110000,120000,94000,93000
Q8K3J5,33000,34000,32000,33000,36000,36000,35000,34000
O70230,90000,94000,63000,93000,86000,90000,78000,78000
Q8BQN6,9400,10000,7700,11000,9400,9300,11000,11000
Q61624,110000,110000,40000,120000,88000,92000,95000,98000
Q91VN1,25000,26000,21000,24000,26000,26000,29000,31000
Q6P3Y5,52000,50000,34000,50000,46000,47000,52000,59000
Q99PP2,24000,26000,14000,26000,25000,25000,27000,28000
O88291,69000,68000,71000,67000,65000,66000,64000,64000
A2A5K6,24000,25000,10000,25000,20000,21000,26000,27000
Q9R0B7,32000,32000,27000,33000,33000,32000,33000,34000
Q8C0P7,39000,39000,39000,37000,41000,41000,45000,43000
Q3US17,30000,34000,22000,33000,30000,31000,34000,34000
Q6ZPY5,10000,11000,8600,10000,10000,11000,11000,10000
Q6P0X2,19000,20000,17000,19000,19000,20000,22000,22000
Q69Z99,27000,26000,25000,64000,34000,32000,33000,31000
Q6PD29,8700,8700,7000,7200,7000,7100,6300,7100
Q9D0B1,12000,10000,9000,17000,15000,13000,8100,13000
Q8BI66,27000,25000,18000,28000,20000,22000,18000,17000
Q8BY46,39000,38000,25000,42000,33000,33000,36000,37000
Q8BHZ4,88000,81000,67000,87000,85000,80000,79000,80000
Q91VY9,75000,71000,68000,79000,85000,84000,110000,110000
Q6A085,74000,59000,18000,83000,73000,78000,46000,67000
Q61464,72000,70000,33000,61000,60000,65000,79000,86000
Q99KZ6,70000,62000,70000,64000,69000,74000,65000,70000
Q6YND2,16000,15000,14000,15000,16000,16000,18000,18000
Q9DAU9,47000,46000,52000,47000,51000,47000,49000,48000
Q9D2D7,57000,53000,36000,59000,55000,55000,52000,48000
Q3U133,19000,20000,13000,19000,18000,18000,17000,15000
Q8R1N0,56000,55000,46000,58000,57000,57000,60000,60000
Q8R151,70000,70000,71000,69000,66000,68000,72000,71000
Q91V17,9700,11000,9500,11000,10000,11000,11000,9800
Q71FD5,18000,18000,18000,19000,19000,18000,17000,19000
Q9R020,130000,140000,160000,130000,140000,140000,140000,140000
Q64707,20000,18000,15000,18000,17000,17000,20000,17000
Q62377,59000,59000,72000,66000,71000,63000,66000,65000
Q07231,28000,27000,12000,27000,23000,22000,28000,27000
Q9CWQ2,9100,11000,11000,8400,9900,10000,10000,11000
Q3UHH1,19000,20000,20000,20000,22000,21000,19000,19000
Q3UFS0,39000,39000,42000,40000,40000,41000,42000,41000
Q62523,86000,84000,94000,80000,77000,76000,68000,69000
Q5SSH7,140000,140000,150000,130000,130000,130000,110000,110000
E9Q5W5,140000,140000,150000,130000,130000,130000,110000,110000
Q6KAQ7,54000,54000,37000,55000,56000,57000,67000,65000
