"ComplexID","Complex_Name","NUS","NQS","Coverage","Subunits","GO_terms","PubMed.ID","FC C2/C1","FC C3/C1","FC C4/C1","FC C5/C1","FC C6/C1","Noise"
1,"BCL6-HDAC4 complex",2,1,50,"P41182, P56524","GO:0006265;GO:0045892;GO:0051276;GO:0030183;GO:0005634;GO:0016575",11929873,NA,NA,NA,NA,NA,NA
10,"Condensin I complex",5,4,80,"O95347, Q15003, Q15021, Q9BPX3, Q9NTJ3","GO:0000279;GO:0030261;GO:0007059;GO:0051276;GO:0005694;GO:0000278",11136719,-1.202,-2.131,-3.997,-20.951,-16.757,0.057
12,"BLOC-2 (biogenesis of lysosome-related organelles complex 2)",3,1,33.33,"Q86YV9, Q969F9, Q9UPZ3","GO:0007032;GO:0007040;GO:0007033",15030569,NA,NA,NA,NA,NA,NA
15,"NCOR complex",6,1,16.67,"O15379, O60907, O75376, Q13227, Q92828, Q9BZK7","GO:0006265;GO:0045892;GO:0006473;GO:0006476;GO:0051276;GO:0005634",12628926,NA,NA,NA,NA,NA,NA
23,"BLOC-1 (biogenesis of lysosome-related organelles complex 1)",8,4,50,"O95295, P78537, Q6QNY0, Q6QNY1, Q8TDH9, Q96EV8, Q9NUP1, Q9UL45","None",15102850,-1.008,-1.001,1.074,1.08,1.299,0.785
27,"Arp2/3 protein complex",7,7,100,"O15143, O15144, O15145, O15511, P59998, P61158, P61160","GO:0005885;GO:0030833",9359840,-1.018,-1.06,-1.177,-1.383,-1.483,0.046
29,"PA28gamma complex",1,1,100,"P61289","GO:0043161;GO:0005515;GO:0016504",9325261,NA,NA,NA,NA,NA,NA
30,"PA28 complex",2,2,100,"Q06323, Q9UL46","GO:0043161;GO:0006511;GO:0051098;GO:0005515;GO:0016504;GO:0005737",9325261,1.325,1.572,1.663,1.697,1.724,0.05
32,"PA700 complex",20,20,100,"O00231, O00232, O00233, O00487, O43242, O75832, P17980, P35998, P43686, P48556, P51665, P55036, P62191, P62195, P62333, Q13200, Q15008, Q16401, Q99460, Q9UNM6","GO:0043161;GO:0005515;GO:0016504",9148964,-1.002,1,1.028,1.078,1.117,0.126
36,"AP1 adaptor complex",8,4,50,"O43747, O75843, P56377, P61966, Q10567, Q96PC3, Q9BXS5, Q9Y6Q5","GO:0006886;GO:0006605;GO:0015031;GO:0016192;GO:0006900;GO:0016050;GO:0006897;GO:0030133",9733768,-1.032,-1.102,-1.213,-1.274,-2.405,0.198
45,"Gamma-secretase complex (APH1A, PSEN1, PSENEN, NCSTN)",4,1,25,"P49768, Q92542, Q96BI3, Q9NZ42","GO:0016485;GO:0051090;GO:0007219;GO:0005886;GO:0005794",15274632,NA,NA,NA,NA,NA,NA
49,"DNMT3B complex",7,2,28.57,"O60264, O95239, O95347, Q13547, Q96ST3, Q9NTJ3, Q9UBC3","GO:0006306;GO:0006265;GO:0000279;GO:0007067;GO:0007059;GO:0051276;GO:0005694",15148359,-1.191,-1.617,-2.351,-3.812,-5.997,0.023
50,"RAB5A-RABEP1-RABGEF complex",3,3,100,"P20339, Q15276, Q9UJ41","GO:0006897;GO:0061025;GO:0034058",9323142,1.095,-1.112,1.011,1.023,-1.075,1
55,"HDAC4-ERK1 complex",2,2,100,"P27361, P56524","GO:0006265;GO:2001141;GO:0006355;GO:0000165;GO:0051276;GO:0005634",11114188,-1.157,14.895,14.677,17.559,24.649,1
57,"HDAC4-ERK2 complex",2,2,100,"P28482, P56524","GO:0006265;GO:2001141;GO:0006355;GO:0000165;GO:0051276;GO:0005634",11114188,-1.075,16.21,16.695,20.975,30.523,1
58,"SMRT complex",5,2,40,"O15379, O60907, Q13227, Q9BZK7, Q9Y618","GO:0006265;GO:0045892;GO:0006473;GO:0006476;GO:0051276;GO:0005634",12628926,-1.202,-1.241,-1.235,-1.544,-1.65,0.6
59,"AP3 adaptor complex",7,4,57.14,"O00203, O14617, P53677, P59780, Q13367, Q92572, Q9Y2T2","GO:0006886;GO:0006605;GO:0015031;GO:0006892;GO:0006897;GO:0005773;GO:0005764;GO:0016192",9151686,1.021,-1.037,-1.065,-1.149,-1.215,0.11
61,"Mi2/NuRD complex",7,5,71.43,"O94776, O95983, Q09028, Q13547, Q14839, Q16576, Q92769","GO:0006265;GO:0051276;GO:0005634;GO:0006357",9790534,1.016,-1.061,-1.151,-1.367,-1.671,0.026
62,"MeCP1 complex",8,6,75,"O94776, O95983, Q09028, Q13547, Q14839, Q16576, Q92769, Q9UBB5","GO:0006265;GO:0045892;GO:0003677;GO:0051276;GO:0005634;GO:0016575",10444591,1.016,-1.061,-1.151,-1.367,-1.671,0.027
66,"TRAP complex",8,1,12.5,"O60244, O75448, P10827, Q15648, Q93074, Q9NVC6, Q9Y2W1, Q9Y2X0","GO:0045893;GO:0030545;GO:0009755;GO:0023052;GO:0005634",8710870,NA,NA,NA,NA,NA,NA
72,"R/M complex (RAD50-MRE11 complex)",2,2,100,"P49959, Q92878","GO:0006281;GO:0003677;GO:0006974;GO:0051276;GO:0005634",9651580,-1.113,1.157,1.077,-1.149,-1.311,0.041
74,"HOMER3-IP3R-TRPC1 complex",3,1,33.33,"P48995, Q14573, Q9NSC5","GO:0008324;GO:0006812;GO:0005216;GO:0023052;GO:0005886",14505576,NA,NA,NA,NA,NA,NA
81,"Ubiquitin E3 ligase (SKP1A, FBXW8, CUL7, RBX1)",4,3,75,"P62877, P63208, Q14999, Q8N3Y1","None",12481031,-18.44,-1.309,-22.164,-22.271,-22.75,1
86,"NUMAC complex (nucleosomal methylation activator complex)",10,8,80,"O14497, P51532, P60709, Q12824, Q86X55, Q8TAQ2, Q92922, Q969G3, Q96GM5, Q96KG9","GO:0006265;GO:0045893;GO:0018126;GO:0006479;GO:0003677;GO:0009755;GO:0023052;GO:0051276;GO:0005634",14729568,-1.109,-1.238,-1.326,-3.381,-6.3,0.23
87,"Nup 107-160 subcomplex",9,9,100,"P52948, P55735, P57740, Q12769, Q8NFH3, Q8NFH4, Q8WUM0, Q96EE3, Q9BW27","GO:0015031;GO:0051169;GO:0000775",15146057,1.004,1.061,1.013,-1.112,-1.318,0.05
92,"CD28-transactivation complex",2,1,50,"P10747, P19338","GO:0006352;GO:2001141;GO:0006355;GO:0005634",12324461,NA,NA,NA,NA,NA,NA
93,"Anaphase-promoting complex",8,3,37.5,"P30260, Q13042, Q9H1A4, Q9UJX2, Q9UJX3, Q9UJX4, Q9UJX5, Q9UJX6","GO:0000278;GO:0051726;GO:0016567;GO:0005515;GO:0005634",9469815,-1.139,-1.261,-6.255,-1.398,-6.65,0.376
95,"Ku antigen-NARG1 complex",3,3,100,"P12956, P13010, Q9BXJ9","GO:2001141;GO:0006355;GO:0003677",12145306,1.007,1.095,1.038,-1.052,-1.208,0.209
96,"Anaphase-promoting complex",9,3,33.33,"P30260, Q13042, Q9H1A4, Q9UJX2, Q9UJX3, Q9UJX4, Q9UJX5, Q9UJX6, Q9UM13","GO:0000278;GO:0051726;GO:0016567;GO:0005515;GO:0005634;GO:0006511",10318877,-1.139,-1.261,-6.255,-1.398,-6.65,0.376
100,"hNURF complex",4,2,50,"P28370, Q09028, Q12830, Q16576","GO:0006265;GO:2001141;GO:0006355;GO:0022008;GO:0048699;GO:0051276;GO:0030182;GO:0005634",14609955,1.041,-1.001,-1.136,-1.371,-1.719,0.046
103,"RNA polymerase II holoenzyme complex",24,14,58.33,"O15514, P13984, P18074, P19387, P19388, P19447, P20226, P24928, P29083, P29084, P30876, P32780, P35269, P36954, P52434, P52435, P53803, P61218, P62487, P62875, Q00403, Q13888, Q13889, Q92759","GO:0006351;GO:0003677;GO:0005634",9305922,-1.496,-1.076,-1.631,-2.319,-2.808,0.045
104,"RNA polymerase II core complex",12,8,66.67,"O15514, P19387, P19388, P24928, P30876, P36954, P52434, P52435, P53803, P61218, P62487, P62875","GO:0006351;GO:0003677;GO:0005634",9852112,-2.877,-1.136,-2.896,-3.261,-3.436,0.484
107,"TFIIH transcription factor complex",9,1,11.11,"P18074, P19447, P32780, P50613, P51946, P51948, Q13888, Q13889, Q92759","GO:0006281;GO:0007049;GO:0006355;GO:0005634",9852112,NA,NA,NA,NA,NA,NA
112,"Prefoldin complex",6,6,100,"O15212, O60925, P61758, Q99471, Q9NQP4, Q9UHV9","GO:0050821;GO:0006457;GO:0007010;GO:0030036;GO:0016272",12456645,-1.027,-1.233,-1.154,-1.056,-1.006,0.163
115,"Polycomb repressive complex 1 (PRC1, hPRC-H)",12,2,16.67,"O00257, O60264, P0DMV8, P35226, P78364, Q06587, Q14781, Q8IXK0, Q8NDX5, Q96GD3, Q99496, Q9HC52","GO:0006265;GO:0045892;GO:0032774;GO:0018126;GO:0006479;GO:0051276;GO:0005634",12167701,-1.008,1.015,-1.142,-1.528,-1.684,0.159
116,"Polycomb repressive complex 1 (PRC1, hPRC-H)",13,3,23.08,"O00257, O60264, P0DMV8, P25490, P35226, P78364, Q06587, Q14781, Q8IXK0, Q8NDX5, Q96GD3, Q99496, Q9HC52","GO:0006265;GO:0045892;GO:0032774;GO:0018126;GO:0006479;GO:0051276;GO:0005634",12167701,-1.035,1.055,-1.068,-1.426,-1.587,0.122
117,"GPR56-CD81-Galpha(q/11)-Gbeta complex",5,4,80,"P29992, P50148, P60033, P62873, Q9Y653","GO:0007186",15004227,1.73,2.411,1.281,1.983,2.034,0.546
123,"Rnase/Mrp complex",10,3,30,"O75817, O75818, O95059, O95707, P78345, P78346, Q969H6, Q99575, Q9BUL9, Q9H633","GO:0006401;GO:0006364;GO:0003723;GO:0005634",15096576,-1.146,1.058,-1.021,-1.261,-1.208,0.798
126,"CCT complex (chaperonin containing TCP1 complex)",8,8,100,"P17987, P40227, P48643, P49368, P50990, P50991, P78371, Q99832","GO:0050821;GO:0006457;GO:0005524;GO:0005737",9250675,-1.029,-1.198,-1.13,-1.099,-1.114,0.04
142,"CD147-gamma-secretase complex",5,2,40,"P35613, P49768, Q92542, Q96BI3, Q9NZ42","GO:0016485;GO:0023052;GO:0005886;GO:0005794",15890777,1.137,1.116,-1.025,-1.193,-1.291,0.584
143,"APP-APBB1-LRP1 complex",3,2,66.67,"O00213, P05067, Q07954","GO:0016485",15115822,1.109,1.398,1.182,1.133,1.21,1
144,"Gamma-BAR-AP1 complex",9,4,44.44,"O43747, O75843, P56377, P61966, Q10567, Q63HQ0, Q96PC3, Q9BXS5, Q9Y6Q5","GO:0006886;GO:0006605;GO:0015031;GO:0016192;GO:0006900;GO:0016050;GO:0006897;GO:0030133",15775984,-1.032,-1.102,-1.213,-1.274,-2.405,0.198
149,"PBAF complex (Polybromo- and BAF containing complex)",10,6,60,"O96019, P51532, P60709, Q12824, Q68CP9, Q86U86, Q8TAQ2, Q92922, Q969G3, Q96GM5","GO:0006338;GO:0005634;GO:0003677;GO:0006355",11078522,-1.101,-1.195,-1.326,-1.617,-2.963,0.04
152,"TFIIE complex",2,2,100,"P29083, P29084","GO:0006352;GO:2001141;GO:0006355;GO:0005634",9836642,1.006,1.132,-1.147,-1.624,-30.483,0.571
153,"TFIIF complex (transcription factor IIF)",2,2,100,"P13984, P35269","GO:0006352;GO:0000287;GO:0005524;GO:0005634",9836642,-1.069,-1.202,-1.374,-1.666,-1.874,0.159
156,"Retrotranslocation complex",3,2,66.67,"P57678, Q86TM6, Q9BUN8","GO:0015031;GO:0140318",16186510,1.006,-1.34,-1.298,-1.406,-1.376,0.339
159,"Condensin I-PARP-1-XRCC1 complex",7,6,85.71,"O95347, P09874, P18887, Q15003, Q15021, Q9BPX3, Q9NTJ3","GO:0006281;GO:0006974;GO:0005634",16543152,-1.189,-1.712,-2.75,-9.897,-8.74,0.157
160,"Condensin II",5,1,20,"O95347, P42695, Q6IBW4, Q86XI2, Q9NTJ3","GO:0000278;GO:0030261;GO:0051276;GO:0005634",14532007,NA,NA,NA,NA,NA,NA
162,"COG complex",8,5,62.5,"P83436, Q14746, Q8WTW3, Q96JB2, Q96MW5, Q9H9E3, Q9UP83, Q9Y2V7","GO:0006486;GO:0007030;GO:0005794;GO:0017119;GO:0016192",11980916,-5.298,-4.401,-1.022,1.184,1.201,0.526
164,"Cohesin-SA1 complex",4,3,75,"O60216, Q14683, Q8WVM7, Q9UQE7","GO:0000279;GO:0007067;GO:0007059;GO:0003677;GO:0051276;GO:0005694",10931856,-1.035,1.107,-1.008,-1.338,-1.505,0.076
166,"Cohesin-SA2 complex",4,4,100,"O60216, Q14683, Q8N3U4, Q9UQE7","GO:0000279;GO:0007067;GO:0007059;GO:0003677;GO:0005694",11250156,-1.056,1.064,-1.071,-1.434,-1.623,0.066
168,"Protein-sorting ternary complex (EPS15, HGS, STAM2)",3,2,66.67,"O14964, O75886, P42566","GO:0006886;GO:0006605;GO:0015031",12551915,-1.067,-1.154,-1.263,-1.345,-1.237,0.582
169,"Protein-sorting ternary complex (EPS15, HGS, STAM1)",3,3,100,"O14964, P42566, Q92783","GO:0006886;GO:0006605;GO:0015031",12551915,-1.047,-1.136,-1.204,-1.256,-1.16,0.645
173,"MRN complex",3,3,100,"O60934, P49959, Q92878","GO:0006308;GO:0006281;GO:0000075;GO:0003677;GO:0006974;GO:0005634;GO:0004519;GO:0004527",9705271,-1.142,1.126,1.068,-3.391,-1.317,0.451
178,"Respiratory chain complex I (holoenzyme), mitochondrial",44,28,63.64,"O00217, O00483, O14561, O15239, O43181, O43674, O43676, O43677, O43678, O43920, O75251, O75306, O75380, O75438, O75489, O95139, O95167, O95168, O95169, O95178, O95182, O95298, O95299, O96000, P03886, P03891, P03897, P03901, P03915, P03923, P17568, P19404, P28331, P49821, P51970, P56181, P56556, Q16718, Q16795, Q86Y39, Q9NX14, Q9P0J0, Q9UI09, Q9Y6M9","GO:0006818;GO:0022904;GO:0005743;GO:0006119;GO:0009060",12611891,-1.21,1.322,1.39,1.351,1.392,0.032
180,"PNUTS-PPP1CA complex",2,2,100,"P62136, Q96QC0","GO:0004857",12574161,-1.055,-1.118,-1.103,-1.117,-22.96,0.922
181,"26S proteasome",22,22,100,"O14818, P17980, P20618, P25786, P25787, P25788, P25789, P28066, P28070, P28072, P28074, P35998, P43686, P49720, P49721, P55036, P60900, P62191, P62195, P62333, Q99436, Q9UNM6","GO:0043161;GO:0006511;GO:0005515;GO:0006950;GO:0005737;GO:0005634",11812135,-1.041,-1.01,1.003,1.049,1.105,0.05
186,"Wave-2 complex",5,5,100,"Q7L576, Q8IZP0, Q8WUW1, Q9Y2A7, Q9Y6W5","GO:0007264;GO:0016477;GO:0030036;GO:0015629",15070726,-1.046,-1.11,-1.106,-1.224,-1.235,0.144
189,"BAF complex",13,7,53.85,"O14497, O94805, O96019, P51531, P51532, P60709, P63261, Q12824, Q8NFD5, Q8TAQ2, Q92922, Q969G3, Q96GM5","GO:0006265;GO:0045893;GO:0003677;GO:0051276;GO:0005634",11078522,-1.105,-1.211,-1.338,-3.161,-5.632,0.17
190,"Mitotic checkpoint complex",4,1,25,"O43684, O60566, Q12834, Q13257","GO:0000075",11535616,NA,NA,NA,NA,NA,NA
192,"PA28-20S proteasome",16,16,100,"O14818, P20618, P25786, P25787, P25788, P25789, P28066, P28070, P28072, P28074, P49720, P49721, P60900, Q06323, Q99436, Q9UL46","GO:0016485;GO:0043161;GO:0006511;GO:0006950;GO:0005737;GO:0005634",11676531,-1.039,1.024,1.026,1.064,1.133,0.07
193,"PA700-20S-PA28 complex",36,36,100,"O00231, O00232, O00233, O00487, O14818, O43242, O75832, P17980, P20618, P25786, P25787, P25788, P25789, P28066, P28070, P28072, P28074, P35998, P43686, P48556, P49720, P49721, P51665, P55036, P60900, P62191, P62195, P62333, Q06323, Q13200, Q15008, Q16401, Q99436, Q99460, Q9UL46, Q9UNM6","GO:0043161;GO:0005515;GO:0016504",11676531,-1.013,1.016,1.035,1.08,1.131,0.068
194,"PA28gamma-20S proteasome",15,15,100,"O14818, P20618, P25786, P25787, P25788, P25789, P28066, P28070, P28072, P28074, P49720, P49721, P60900, P61289, Q99436","GO:0016485;GO:0043161;GO:0006511;GO:0006950;GO:0005737;GO:0005634",7811265,-1.065,-1.008,-1.012,1.026,1.096,0.066
205,"Ubiquitin E3 ligase (VHL, TCEB1, TCEB2, CUL2, RBX1)",5,4,80,"P40337, P62877, Q13617, Q15369, Q15370","GO:0016567;GO:0005515;GO:0006511",10535940,-1.086,-1.131,-1.27,-1.239,-1.278,0.763
207,"Ubiquitin E3 ligase (ASB2, TCEB1, TCEB2, CUL5, RNF7)",5,3,60,"Q15369, Q15370, Q93034, Q96Q27, Q9UBF6","GO:0016567;GO:0005515;GO:0006511",16325183,-1.087,-1.133,-1.272,-1.241,-1.281,0.105
208,"Ubiquitin E3 ligase (ASB1, TCEB1, TCEB2, CUL5, RNF7)",5,3,60,"Q15369, Q15370, Q93034, Q9UBF6, Q9Y576","GO:0016567;GO:0005515;GO:0006511",16325183,-1.087,-1.133,-1.272,-1.241,-1.281,0.105
209,"Ubiquitin E3 ligase (ASB6, TCEB1, TCEB2, CUL5, RNF7)",5,3,60,"Q15369, Q15370, Q93034, Q9NWX5, Q9UBF6","GO:0016567;GO:0005515;GO:0006511",16325183,-1.087,-1.133,-1.272,-1.241,-1.281,0.105
210,"Ubiquitin E3 ligase (ASB7, TCEB1, TCEB2, CUL5, RNF7)",5,3,60,"Q15369, Q15370, Q93034, Q9H672, Q9UBF6","GO:0016567;GO:0005515;GO:0006511",16325183,-1.087,-1.133,-1.272,-1.241,-1.281,0.105
211,"Ubiquitin E3 ligase (ASB12, TCEB1, TCEB2, CUL5, RNF7)",5,3,60,"Q15369, Q15370, Q8WXK4, Q93034, Q9UBF6","GO:0016567;GO:0005515;GO:0006511",16325183,-1.087,-1.133,-1.272,-1.241,-1.281,0.105
213,"DNA ligase IV-XRCC1 complex",2,1,50,"P18887, P49917","GO:0006281;GO:0005634",7760816,NA,NA,NA,NA,NA,NA
214,"Ubiquitin E3 ligase (WSB1, TCEB1, TCEB2, CUL5, RBX1)",5,4,80,"P62877, Q15369, Q15370, Q93034, Q9Y6I7","GO:0016567;GO:0043161;GO:0006511;GO:0005515;GO:0007224;GO:0005783",15965468,-1.087,-1.133,-1.272,-1.241,-1.281,0.763
219,"CAND1-CUL1-RBX1 complex",3,3,100,"P62877, Q13616, Q86VP6","GO:0005515;GO:0010265;GO:0051444",15537541,1.022,1.142,1.153,1.001,1.02,0.995
220,"ARF-Mule complex",3,2,66.67,"P06748, Q7Z6Z7, Q8N726","GO:0005515;GO:0005634",15989956,-1.069,1.046,1.078,1.047,1.023,1
221,"CAND1-CUL2-RBX1 complex",3,3,100,"P62877, Q13617, Q86VP6","GO:0010265;GO:0051444",12609982,1.076,1.224,1.194,1.08,1.133,0.854
222,"CAND1-CUL3-RBX1 complex",3,3,100,"P62877, Q13618, Q86VP6","GO:0010265;GO:0051444",12609982,1.111,1.218,1.276,1.221,1.237,0.779
223,"CAND1-CUL4A-RBX1 complex",3,3,100,"P62877, Q13619, Q86VP6","GO:0010265;GO:0051444",12609982,-19.584,-1.435,-23.843,-23.324,-24.286,1
224,"CAND1-CUL4B-RBX1 complex",3,3,100,"P62877, Q13620, Q86VP6","GO:0010265;GO:0051444",12609982,-23.138,-1.428,-29.015,-29.408,-30.731,1
226,"Ubiquitin E3 ligase (SKP1A, SKP2, CUL1)",3,2,66.67,"P63208, Q13309, Q13616","GO:0016567;GO:0005515;GO:0006511",12609982,1.113,1.056,1.079,-1.115,-1.104,0.872
227,"Ubiquitin E3 ligase (SKP1A, BTRC, CUL1)",3,2,66.67,"P63208, Q13616, Q9Y297","GO:0016567;GO:0043161;GO:0045087;GO:0051607;GO:0043123;GO:0051092;GO:0019048",9990852,1.113,1.056,1.079,-1.115,-1.104,0.872
234,"HuCHRAC complex",4,1,25,"O60264, Q9NRF9, Q9NRG0, Q9NRL2","GO:0006265;GO:0005515;GO:0003677;GO:0005524;GO:0005634",10880450,NA,NA,NA,NA,NA,NA
236,"WICH complex",2,2,100,"O60264, Q9UIG0","GO:0006265;GO:0005515;GO:0003677;GO:0005524;GO:0005694",11980720,1.013,-1.066,-1.262,-1.713,-1.875,0.065
238,"SWI-SNF chromatin remodeling-related-BRCA1 complex",10,6,60,"O14497, O96019, P38398, P51531, P51532, Q12824, Q8TAQ2, Q92922, Q92925, Q969G3","GO:0006265;GO:2001141;GO:0006355;GO:0051276;GO:0005634",10943845,-1.108,-1.215,-1.35,-3.392,-6.412,0.169
243,"RalBP1-CDC2-CCNB1 complex",3,1,33.33,"P06493, P14635, Q15311","GO:0000278;GO:0006468;GO:0005634",12775724,NA,NA,NA,NA,NA,NA
244,"BRAFT complex",13,3,23.08,"O15287, O15360, P15927, P27694, P35244, P40692, P54132, Q00597, Q13472, Q9H9A7, Q9HB96, Q9NPI8, Q9NW38","GO:0051276;GO:0006281;GO:0006974;GO:0005634",12724401,-1.011,1.03,-1.076,-1.341,-1.51,0.243
247,"RalBP1-CCNB1-AP2A-NUMB-EPN1 complex",5,4,80,"O95782, P14635, P49757, Q15311, Q9Y6I3","GO:0000278;GO:0006897;GO:0005634",12775724,1.004,-1.14,-1.665,-1.828,-1.719,0.188
248,"BRAFT complex",11,3,27.27,"O15287, O15360, P15927, P27694, P35244, P54132, Q00597, Q13472, Q9HB96, Q9NPI8, Q9NW38","GO:0051276;GO:0006281;GO:0016567;GO:0006974;GO:0005634",12973351,-1.011,1.03,-1.076,-1.341,-1.51,0.243
266,"RAD17-RFC complex",5,3,60,"O75943, P35249, P35250, P40937, P40938","GO:0000075;GO:0003677;GO:0005524;GO:0006974;GO:0005634",11572977,-1.21,-1.469,-2.023,-2.591,-9.126,0.041
274,"9-1-1-RAD17-RFC complex",8,3,37.5,"O60671, O60921, O75943, P35249, P35250, P40937, P40938, Q99638","GO:0000077;GO:0003677;GO:0006974",12578958,-1.21,-1.469,-2.023,-2.591,-9.126,0.041
278,"RFC core complex",3,2,66.67,"P35249, P35250, P40937","GO:0006260;GO:0003677;GO:0005524;GO:0005634",8692848,-1.212,-1.499,-2.096,-2.804,-3.695,0.039
279,"RFC complex",5,4,80,"P35249, P35250, P35251, P40937, P40938","GO:0006260;GO:0003677;GO:0005524;GO:0005634;GO:0000075;GO:0006281",1670772,-1.199,-1.454,-1.957,-5.283,-15.333,0.037
280,"HMGB1-HMGB2-HSC70-ERP60-GAPDH complex",5,5,100,"P04406, P09429, P11142, P26583, P30101","GO:0006281;GO:0003677;GO:0006974;GO:0005634",12517784,1.277,1.441,1.22,-1.013,-1.158,0.498
282,"SNF2h-cohesin-NuRD complex",16,12,75,"O60216, O60264, O94776, O95983, Q09028, Q12873, Q13330, Q13547, Q14683, Q16576, Q8N3U4, Q8WVM7, Q92769, Q9NRL2, Q9UBB5, Q9UQE7","GO:0006265;GO:0003677;GO:0051276;GO:0005694",12198550,1.004,1.017,-1.08,-1.366,-1.644,0.043
283,"SIN3 complex",7,4,57.14,"O00422, O75446, Q09028, Q13547, Q16576, Q92769, Q96ST3","GO:0006265;GO:0045892;GO:0006473;GO:0006476;GO:0051276",9651585,1.033,-1.017,-1.092,-1.329,-1.642,0.485
285,"PCNA-MLH1-PMS1 complex",3,1,33.33,"P12004, P40692, P54277","GO:0006260;GO:0006281;GO:0005634",16303135,NA,NA,NA,NA,NA,NA
286,"PCNA-MSH2-MSH6 complex",3,2,66.67,"P12004, P43246, P52701","GO:0006260;GO:0006281;GO:0005634",16303135,-1.163,-1.457,-2.122,-3.21,-4.662,0.023
290,"MSH2-MLH1-PMS2-PCNA DNA-repair initiation complex",4,2,50,"P12004, P40692, P43246, P54278","GO:0006281;GO:0003677;GO:0006974;GO:0005634",9469823,-1.163,-1.457,-2.122,-3.21,-4.662,0.023
291,"MSH2-MLH1-PMS2 DNA-repair initiation complex",3,1,33.33,"P40692, P43246, P54278","GO:0006281;GO:0003677;GO:0005634",9469823,NA,NA,NA,NA,NA,NA
297,"PCNA-DNA polymerase delta complex",5,1,20,"P12004, P28340, P49005, Q15054, Q9HCU8","GO:0006260;GO:0006281;GO:0005634",11328591,NA,NA,NA,NA,NA,NA
298,"VEGF transcriptional complex",4,2,50,"P27695, P40763, Q16665, Q99966","GO:2001141;GO:0006355;GO:0005634",15735682,1.055,1.373,1.552,1.586,1.572,0.336
300,"PC2 complex",12,1,8.33,"O43513, O60244, O75448, O75586, Q13503, Q6P2C8, Q9BTT4, Q9H944, Q9NVC6, Q9Y2W1, Q9Y2X0, Q9Y3C7","GO:0045893;GO:0005515;GO:0005634",10882111,NA,NA,NA,NA,NA,NA
301,"SMCC complex",17,1,5.88,"O43513, O60244, O75448, O75586, P24863, P49336, Q13503, Q15648, Q6P2C8, Q93074, Q9BTT4, Q9H944, Q9NVC6, Q9UHV7, Q9Y2W1, Q9Y2X0, Q9Y3C7","GO:2001141;GO:0006355;GO:0005515;GO:0005634",10882111,NA,NA,NA,NA,NA,NA
302,"INO80 chromatin remodeling complex",13,3,23.08,"O96019, P15923, Q53TQ3, Q6P4R8, Q6PI98, Q8NBZ0, Q96EZ8, Q9C086, Q9H981, Q9H9F9, Q9ULG1, Q9Y230, Q9Y265","GO:0006265;GO:0003677;GO:0005524;GO:0051276;GO:0005694",16230350,-1.011,-1.008,-1.109,-1.27,-1.363,0.029
304,"SRCAP complex",10,3,30,"O43257, O95619, O96019, P0C0S5, Q15906, Q6ZRS2, Q96CJ1, Q9GZN1, Q9Y230, Q9Y265","GO:0006338;GO:0005634",15647280,-1.011,-1.008,-1.109,-1.27,-1.363,0.029
305,"40S ribosomal subunit, cytoplasmic",33,33,100,"P08708, P08865, P15880, P22090, P23396, P25398, P39019, P42677, P46781, P46782, P46783, P60866, P61247, P62081, P62241, P62244, P62249, P62263, P62266, P62269, P62273, P62277, P62280, P62701, P62753, P62841, P62847, P62851, P62854, P62857, P62861, P62979, P63220","GO:0006412;GO:0005737",14681386,1.032,-1.175,-1.179,-1.214,-1.296,0.014
306,"Ribosome, cytoplasmic",80,74,92.5,"P05386, P05387, P05388, P08708, P08865, P15880, P18077, P18124, P18621, P22090, P23396, P25398, P26373, P27635, P30050, P32969, P35268, P36578, P39019, P39023, P40429, P42677, P42766, P46776, P46777, P46778, P46779, P46781, P46782, P46783, P47914, P49207, P50914, P60866, P61247, P61254, P61313, P61353, P61513, P61927, P62081, P62241, P62244, P62249, P62263, P62266, P62269, P62273, P62277, P62280, P62424, P62701, P62750, P62753, P62829, P62841, P62847, P62851, P62854, P62857, P62861, P62888, P62891, P62899, P62906, P62910, P62913, P62917, P62945, P62979, P62987, P63173, P63220, P83731, P83881, P84098, Q02543, Q02878, Q07020, Q9Y3U8","GO:0006412;GO:0005737",14681386,1.043,-1.174,-1.155,-1.164,-1.245,0.062
308,"60S ribosomal subunit, cytoplasmic",47,41,87.23,"P05386, P05387, P05388, P18077, P18124, P18621, P26373, P27635, P30050, P32969, P35268, P36578, P39023, P40429, P42766, P46776, P46777, P46778, P46779, P47914, P49207, P50914, P61254, P61313, P61353, P61513, P61927, P62424, P62750, P62829, P62888, P62891, P62899, P62906, P62910, P62913, P62917, P62945, P62987, P63173, P83731, P83881, P84098, Q02543, Q02878, Q07020, Q9Y3U8","GO:0006412;GO:0005737",14681386,1.048,-1.175,-1.139,-1.131,-1.211,0.106
310,"Cell cycle kinase complex CDC2",6,1,16.67,"O95067, P06493, P12004, P14635, P24385, P38936","GO:0000278",7903056,NA,NA,NA,NA,NA,NA
311,"Cell cycle kinase complex CDK2",4,1,25,"P12004, P24385, P24941, P38936","GO:0000278",7903056,NA,NA,NA,NA,NA,NA
312,"Cell cycle kinase complex CDK4",4,2,50,"P11802, P12004, P24385, P38936","GO:0000278",7903056,-1.145,-1.397,-1.933,-2.715,-3.846,0.022
313,"Cell cycle kinase complex CDK5",5,2,40,"P12004, P24385, P30281, P38936, Q00535","GO:0000278;GO:0006468",7903056,-1.024,1.08,-1.063,-1.427,-1.868,1
314,"PCNA-p21 complex",2,1,50,"P12004, P38936","GO:0000075;GO:0005634",8861913,NA,NA,NA,NA,NA,NA
315,"28S ribosomal subunit, mitochondrial",30,19,63.33,"O15235, O60783, P51398, P82650, P82663, P82664, P82673, P82675, P82909, P82912, P82914, P82921, P82930, P82932, P82933, Q92552, Q92665, Q96EL2, Q9BYN8, Q9NP92, Q9NVS2, Q9Y291, Q9Y2Q9, Q9Y2R5, Q9Y2R9, Q9Y399, Q9Y3D3, Q9Y3D5, Q9Y3D9, Q9Y676","GO:0006412;GO:0005759",14681386,-1.033,1.257,1.208,1.155,1.237,0.087
320,"55S ribosome, mitochondrial",78,49,62.82,"O15235, O60783, O75394, P09001, P49406, P51398, P52815, P82650, P82663, P82664, P82673, P82675, P82909, P82912, P82914, P82921, P82930, P82932, P82933, P83111, Q13084, Q13405, Q16540, Q4U2R6, Q5T653, Q6P161, Q6P1L8, Q7Z2W9, Q7Z7F7, Q7Z7H8, Q86TS9, Q8IXM3, Q8N5N7, Q8N983, Q8TCC3, Q92552, Q92665, Q96A35, Q96DV4, Q96EL2, Q96EL3, Q96GC5, Q9BQ48, Q9BRJ2, Q9BYC8, Q9BYC9, Q9BYD1, Q9BYD2, Q9BYD3, Q9BYD6, Q9BYN8, Q9BZE1, Q9H0U6, Q9H2W6, Q9H9J2, Q9HD33, Q9NP92, Q9NQ50, Q9NRX2, Q9NVS2, Q9NWU5, Q9NX20, Q9NYK5, Q9NZE8, Q9P015, Q9P0J6, Q9P0M9, Q9Y291, Q9Y2Q9, Q9Y2R5, Q9Y2R9, Q9Y399, Q9Y3B7, Q9Y3D3, Q9Y3D5, Q9Y3D9, Q9Y676, Q9Y6G3","GO:0006412;GO:0005759",14681386,1.027,1.282,1.279,1.19,1.239,0.083
322,"DNA-PK-Ku complex",3,3,100,"P12956, P13010, P78527","GO:0006468;GO:0046777;GO:0003677;GO:0005634;GO:0006303",16713581,1.024,1.214,1.141,1.021,-1.127,0.098
324,"39S ribosomal subunit, mitochondrial",48,30,62.5,"O75394, P09001, P49406, P52815, P83111, Q13084, Q13405, Q16540, Q4U2R6, Q5T653, Q6P161, Q6P1L8, Q7Z2W9, Q7Z7F7, Q7Z7H8, Q86TS9, Q8IXM3, Q8N5N7, Q8N983, Q8TCC3, Q96A35, Q96DV4, Q96EL3, Q96GC5, Q9BQ48, Q9BRJ2, Q9BYC8, Q9BYC9, Q9BYD1, Q9BYD2, Q9BYD3, Q9BYD6, Q9BZE1, Q9H0U6, Q9H2W6, Q9H9J2, Q9HD33, Q9NQ50, Q9NRX2, Q9NWU5, Q9NX20, Q9NYK5, Q9NZE8, Q9P015, Q9P0J6, Q9P0M9, Q9Y3B7, Q9Y6G3","GO:0006412;GO:0005759",14681386,1.061,1.263,1.3,1.202,1.209,0.167
328,"Ku antigen complex",2,2,100,"P12956, P13010","GO:0006281;GO:0003677;GO:0006974;GO:0005634",16713581,1.024,1.16,1.089,-1.004,-1.158,0.217
335,"p54(nrb)-PSF-matrin3 complex",3,3,100,"P23246, P43243, Q15233","GO:0003723;GO:0050658;GO:0051033;GO:0005634",11525732,1.005,1.076,1.025,-1.082,-1.235,0.116
336,"DNA ligase IV-XRCC4-AHNK complex",3,2,66.67,"P49917, Q09666, Q13426","GO:0006281;GO:0006312;GO:0003677;GO:0005634",15177040,-1.059,1.076,-1.057,-1.264,-1.304,1
338,"40S ribosomal subunit, cytoplasmic",31,31,100,"P08708, P08865, P15880, P23396, P25398, P39019, P46781, P46782, P46783, P60866, P61247, P62081, P62241, P62244, P62249, P62263, P62266, P62269, P62273, P62277, P62280, P62701, P62753, P62841, P62847, P62851, P62854, P62857, P62861, P62979, P63220","GO:0006412;GO:0005737",15883184,1.035,-1.165,-1.173,-1.217,-1.292,0.014
343,"Sarcoglycan-sarcospan complex SG-SPN",5,2,40,"Q13326, Q14714, Q16585, Q16586, Q92629","GO:0006941;GO:0007517;GO:0005886",10189375,24.814,37.739,42.525,71.611,103.445,0.706
348,"DNA ligase IV-XRCC4 complex",2,1,50,"P49917, Q13426","GO:0003677;GO:0005634;GO:0006302",10945980,NA,NA,NA,NA,NA,NA
350,"DNA ligase IV-XRCC4-PNK complex",3,2,66.67,"P49917, Q13426, Q96T60","GO:0006281;GO:0005694",15385968,-1.124,1.103,-1.069,-1.116,-1.08,1
353,"DNA ligase IV-condensin complex",3,1,33.33,"O95347, P49917, Q9NTJ3","GO:0006281;GO:0007049;GO:0005694",12589063,NA,NA,NA,NA,NA,NA
359,"DNA ligase IV-XRCC4-XLF complex",3,1,33.33,"P49917, Q13426, Q9H9Q4","GO:0006281;GO:0005634",16439205,NA,NA,NA,NA,NA,NA
361,"Artemis-DNA-PK complex",2,1,50,"P78527, Q96SD1","GO:0006281;GO:0003677;GO:0006974;GO:0005634;GO:0004519;GO:0033151",11955432,NA,NA,NA,NA,NA,NA
362,"DNA ligase III-XRCC1-PNK-DNA-pol III multiprotein complex",4,3,75,"P06746, P18887, P49916, Q96T60","GO:0006281;GO:0006974;GO:0005634",11163244,-1.218,-1.076,-1.291,-1.398,-1.415,0.223
365,"DNA ligase III-XRCC1 complex",2,2,100,"P18887, P49916","GO:0006281;GO:0005634",16060670,-1.223,-1.073,-1.234,-1.381,-1.303,0.622
368,"ERCC1-ERCC4-MSH2 complex",3,1,33.33,"P07992, P43246, Q92889","GO:0006308;GO:0006281;GO:0006974;GO:0005634",14706347,NA,NA,NA,NA,NA,NA
369,"MSH2-MSH6-PMS2-MLH1 complex",4,1,25,"P40692, P43246, P52701, P54278","GO:0006281;GO:0003677;GO:0006974;GO:0005634",10748159,NA,NA,NA,NA,NA,NA
370,"MSH2-MSH6-PMS1-MLH1 complex",4,1,25,"P40692, P43246, P52701, P54277","GO:0006281;GO:0003677;GO:0006974;GO:0005634",10748159,NA,NA,NA,NA,NA,NA
376,"PCNA-MutS-alpha-MutL-alpha-DNA complex",5,2,40,"P12004, P40692, P43246, P52701, P54278","GO:0006281;GO:0003677;GO:0006974;GO:0005634",16204460,-1.163,-1.457,-2.122,-3.21,-4.662,0.023
387,"MCM complex",6,6,100,"P25205, P33991, P33992, P33993, P49736, Q14566","GO:0051276;GO:0006260;GO:0005524;GO:0005694",8798650,-1.144,-1.778,-3.229,-6.939,-21.531,0.003
390,"Ubiquitin E3 ligase (SKP1A, FBXW2, CUL1)",3,2,66.67,"P63208, Q13616, Q9UKT8","GO:0016567;GO:0043161;GO:0006511;GO:0005515;GO:0030878;GO:0005737",15640526,1.113,1.056,1.079,-1.115,-1.104,0.872
391,"Ubiquitin E3 ligase (DDB1, CUL4A, RBX1)",3,3,100,"P62877, Q13619, Q16531","GO:0016567;GO:0005515;GO:0006974;GO:0006511;GO:0045087;GO:0051607;GO:0019048",16964240,-19.603,-1.435,-23.806,-23.334,-24.321,1
393,"Succinyl-CoA synthetase, GDP-forming",2,2,100,"P53597, Q96I99","GO:0006163;GO:0006144;GO:0008152;GO:0005515;GO:0005525;GO:0005739",15234968,-1.039,1.328,1.331,1.108,1.074,0.323
394,"Succinyl-CoA synthetase, ADP-forming",2,2,100,"P53597, Q9P2R7","GO:0006163;GO:0006144;GO:0008152;GO:0005515;GO:0005524;GO:0005739",15234968,-1.052,1.443,1.505,1.4,1.462,0.079
404,"Isocitrate dehydrogenase, cytoplasmic",1,1,100,"O75874","GO:0008152;GO:0050661;GO:0005737;GO:0005777",15173171,NA,NA,NA,NA,NA,NA
419,"Farnesyltransferase",2,2,100,"P49354, P49356","GO:0006497;GO:0005515",11687658,1.124,1.165,1.199,1.216,1.269,0.993
422,"CAV3-DAG1 complex",2,1,50,"P56539, Q14118","GO:0005886;GO:0065003",10988290,NA,NA,NA,NA,NA,NA
424,"EXO1-MLH1-PCNA complex",3,1,33.33,"P12004, P40692, Q9UQ84","GO:0006308;GO:0006281;GO:0006974;GO:0005634",14676842,NA,NA,NA,NA,NA,NA
429,"Phosphatidylinositol 3-kinase complex (PIK3C3, PIK3R4)",2,2,100,"Q8NEB9, Q99570","GO:0006605;GO:0005515;GO:0007167;GO:0005886;GO:0046854;GO:0090160",7628435,-1.301,-1.405,-1.491,-1.706,-1.795,0.734
430,"18S U11/U12 snRNP",24,14,58.33,"O43143, O75533, P14678, P62304, P62306, P62308, P62314, P62316, P62318, P67809, Q13435, Q15393, Q15427, Q15696, Q16560, Q6IEG0, Q6P2Q9, Q8N8D1, Q8TBF4, Q96LT9, Q9BV90, Q9BWJ5, Q9UDW3, Q9Y3B4","GO:0000398;GO:0006397;GO:0005634",15146077,-1.073,1.022,-1.071,-1.19,-1.308,0.043
432,"N-NOS-CHIP-HSP70-1 complex",3,1,33.33,"P0DMV8, P29475, Q9UNE7","GO:0043161;GO:0006511;GO:0005737",15466472,NA,NA,NA,NA,NA,NA
433,"BASC complex (BRCA1-associated genome surveillance complex)",12,7,58.33,"O60934, P35249, P35250, P35251, P38398, P40692, P43246, P49959, P52701, P54132, Q13315, Q92878","GO:0006281;GO:0006974;GO:0005634",10783165,-1.173,-1.246,-1.538,-5.115,-4.376,0.302
434,"BASC (Ab 80) complex (BRCA1-associated genome surveillance complex)",8,4,50,"P35249, P35250, P35251, P38398, P40692, P43246, P52701, P54132","GO:0006281;GO:0006974;GO:0005634",10783165,-1.195,-1.506,-2.036,-5.368,-6.737,0.013
435,"BASC (Ab 81) complex (BRCA1-associated genome surveillance complex)",6,3,50,"P35249, P35250, P35251, P38398, P40692, Q13315","GO:0006281;GO:0006974;GO:0005634",10783165,-1.198,-1.475,-1.999,-6.567,-8.313,0.036
436,"BASC (Ab C-20) complex (BRCA1-associated genome surveillance complex)",3,1,33.33,"P38398, P52701, Q92878","GO:0006281;GO:0006974;GO:0005634",10783165,NA,NA,NA,NA,NA,NA
438,"GCN5-TRRAP histone acetyltransferase complex",10,1,10,"O75486, O75528, O75529, P38398, P43246, P52701, Q12962, Q16594, Q92830, Q9Y4A5","GO:0006281;GO:0006265;GO:2001141;GO:0006355;GO:0006974;GO:0051276",16260778,NA,NA,NA,NA,NA,NA
443,"BP-SMAD complex",8,2,25,"O14867, O15198, O95452, P17980, P19447, P50539, Q13118, Q15582","GO:0045893;GO:0005634",16101586,1.002,-1.198,-1.257,-1.115,-1.275,1
460,"CRB1-MPP5- PATJ complex",3,1,33.33,"P82279, Q8N3R9, Q8NI35","GO:0051211;GO:0009798;GO:0007043;GO:0030054",11927608,NA,NA,NA,NA,NA,NA
461,"CRB1-MPP4-MPP5 complex",3,1,33.33,"P82279, Q8N3R9, Q96JB8","GO:0009583;GO:0009416;GO:0007601",15914641,NA,NA,NA,NA,NA,NA
462,"TFTC complex (TATA-binding protein-free TAF-II-containing complex)",16,1,6.25,"O00268, O15265, O75486, O75528, O75529, P49848, Q12962, Q15393, Q15542, Q15545, Q16514, Q16594, Q6P1X5, Q92830, Q9Y4A5, Q9Y6J9","GO:0006265;GO:0006352;GO:0045893;GO:0051276;GO:0005634;GO:0016573",9603525,NA,NA,NA,NA,NA,NA
466,"Gamma-secretase complex (APH1A, PSEN1, PSENEN, NCSTN)",4,1,25,"P49768, Q92542, Q96BI3, Q9NZ42","GO:0016485;GO:0007219;GO:0005886;GO:0005794",15286082,NA,NA,NA,NA,NA,NA
467,"Gamma-secretase complex (APH1B, PSEN2, PSENEN, NCSTN)",4,1,25,"P49810, Q8WW43, Q92542, Q9NZ42","GO:0016485;GO:0051090;GO:0023052;GO:0007219;GO:0005886;GO:0005794",15286082,NA,NA,NA,NA,NA,NA
468,"Gamma-secretase complex (APH1A, PSEN2, PSENEN, NCSTN)",4,1,25,"P49810, Q92542, Q96BI3, Q9NZ42","GO:0016485;GO:0051090;GO:0023052;GO:0007219;GO:0005886;GO:0005794",15286082,NA,NA,NA,NA,NA,NA
470,"TFTC complex (TATA-binding protein-free TAF-II-containing complex)",17,1,5.88,"O00268, O15265, O75486, O75528, O75529, P49848, Q12962, Q15393, Q15542, Q15543, Q15545, Q16514, Q16594, Q6P1X5, Q92830, Q9Y4A5, Q9Y6J9","GO:0006265;GO:0006352;GO:0045893;GO:0051276;GO:0005634;GO:0016573",10591645,NA,NA,NA,NA,NA,NA
472,"Prolyl 4-hydroxylase (alpha(I)-type)",2,2,100,"P07237, P13674","GO:0018126;GO:0006479;GO:0005515;GO:0005783",7753822,1.247,1.039,-1.038,1.221,1.506,0.069
474,"Prolyl 4-hydroxylase (alpha(III)-type)",2,1,50,"P07237, Q7Z4N8","GO:0018126;GO:0006479;GO:0005515;GO:0005783",14500733,NA,NA,NA,NA,NA,NA
475,"STAGA complex",12,1,8.33,"O75486, O75528, O75529, O94864, Q12962, Q15393, Q16514, Q16594, Q92830, Q96BN2, Q9Y4A5, Q9Y6J9","GO:0006265;GO:0045893;GO:0006974;GO:0051276;GO:0005634;GO:0016573",11564863,NA,NA,NA,NA,NA,NA
476,"STAGA complex",13,1,7.69,"O15265, O75486, O75528, O75529, O94864, Q12962, Q15393, Q16514, Q16594, Q92830, Q96BN2, Q9Y4A5, Q9Y6J9","GO:0006265;GO:0045893;GO:0006974;GO:0051276;GO:0005634;GO:0016573",15115762,NA,NA,NA,NA,NA,NA
486,"WIP-WASp-actin-myosin-IIa complex",6,4,66.67,"O43516, P19105, P35579, P42768, P60660, P62736","GO:0050896;GO:0030036;GO:0005856",16606694,-1.008,1.075,-1.068,-1.26,-3.436,0.701
493,"DAB complex",16,1,6.25,"O00268, P20226, P21675, P49848, P52655, P52657, Q00403, Q12962, Q15542, Q15543, Q15544, Q15545, Q16514, Q16594, Q5VWG9, Q6P1X5","GO:0006352;GO:2001141;GO:0006355;GO:0003677;GO:0005634",2247058,NA,NA,NA,NA,NA,NA
509,"TFIID complex",12,1,8.33,"O00268, P20226, P21675, P49848, Q12962, Q15542, Q15543, Q15544, Q15545, Q16514, Q16594, Q92804","GO:0006352;GO:2001141;GO:0006355;GO:0003677;GO:0005634",8890175,NA,NA,NA,NA,NA,NA
513,"TFTC complex (TATA-binding protein-free TAF-II-containing complex)",17,1,5.88,"O00268, O15265, O75486, O75528, O75529, P49848, Q12962, Q15393, Q15542, Q15545, Q16514, Q16594, Q6P1X5, Q92830, Q9HBM6, Q9Y4A5, Q9Y6J9","GO:0006265;GO:0006352;GO:0045893;GO:0006473;GO:0051276;GO:0005634",15899866,NA,NA,NA,NA,NA,NA
517,"AKAP5-PRKAR2A-PPP3CA complex",3,2,66.67,"P13861, P24588, Q08209","GO:0006605;GO:0015031;GO:0006468;GO:0006470;GO:0005886;GO:0005856;GO:0048167;GO:0019722",12507994,-1.61,-1.241,-1.464,-1.497,-1.205,1
518,"AKAP250-PKA-PDE4D complex",3,2,66.67,"P17612, Q02952, Q08499","None",16642035,-1.191,-1.577,-1.697,-2.016,-2.501,1
519,"AMY-1-S-AKAP84-RII-beta complex",3,1,33.33,"P31323, Q92667, Q99417","GO:0019933;GO:0007276;GO:0005739",11483602,NA,NA,NA,NA,NA,NA
520,"KCNQ1 macromolecular complex",5,4,80,"P13861, P17612, P51787, P62136, Q99996","GO:0005216;GO:0019933;GO:0050896",11799244,1.202,1.467,1.756,1.971,1.593,0.23
521,"Polycystin-1-E-cadherin-beta-catenin complex",3,1,33.33,"P12830, P35222, P98161","GO:0045216;GO:0007043;GO:0030855;GO:0002009;GO:0001822;GO:0005886;GO:0005737",14718571,NA,NA,NA,NA,NA,NA
522,"Polycystin-1-E-cadherin-beta-catenin-Flotillin-2 complex",4,2,50,"P12830, P35222, P98161, Q14254","GO:0030301",16038619,1.117,1.171,1.172,1.046,-1.037,0.425
525,"TIP60 histone acetylase complex",5,3,60,"O96019, Q92993, Q9Y230, Q9Y265, Q9Y4A5","GO:0006281;GO:0006915;GO:0003677",10966108,-1.011,-1.008,-1.109,-1.27,-1.363,0.029
528,"NuA4/Tip60-HAT complex",15,3,20,"O95619, O96019, Q15014, Q92993, Q96L91, Q9H0E9, Q9H2F5, Q9HAF1, Q9NPF5, Q9NV56, Q9NXR8, Q9UBU8, Q9Y230, Q9Y265, Q9Y4A5","GO:0051276;GO:0006281;GO:0006265;GO:0003677;GO:0005634;GO:0016573",12963728,-1.011,-1.008,-1.109,-1.27,-1.363,0.029
529,"NuA4/Tip60-HAT complex",16,3,18.75,"O95619, O96019, Q15014, Q15906, Q92993, Q96L91, Q9H0E9, Q9H2F5, Q9HAF1, Q9NPF5, Q9NV56, Q9NXR8, Q9UBU8, Q9Y230, Q9Y265, Q9Y4A5","GO:0051276;GO:0006281;GO:0006265;GO:0003677;GO:0005634;GO:0016573",15647280,-1.011,-1.008,-1.109,-1.27,-1.363,0.029
533,"IMP3-IMP4-MPP10 complex",3,2,66.67,"O00566, Q96G21, Q9NV31","GO:0006461;GO:0005515;GO:0003723;GO:0005634",12655004,16.72,15.977,16.122,12.411,12.36,1
535,"TRAP complex",16,1,6.25,"O60244, O75448, O75586, P10827, P24863, Q13503, Q15648, Q6P2C8, Q93074, Q9BTT4, Q9NPJ6, Q9NVC6, Q9UHV7, Q9Y2W1, Q9Y2X0, Q9Y3C7","GO:2001141;GO:0006355;GO:0051090;GO:0009755;GO:0023052;GO:0005634",10198638,NA,NA,NA,NA,NA,NA
547,"SMCC complex",14,1,7.14,"O60244, O75448, O75586, P24863, P49336, Q13503, Q15648, Q6P2C8, Q93074, Q9NPJ6, Q9NVC6, Q9UHV7, Q9Y2W1, Q9Y2X0","GO:2001141;GO:0006355;GO:0005515;GO:0051090;GO:0005634",10198638,NA,NA,NA,NA,NA,NA
550,"NOS3-CAV1-NOSTRIN complex",3,1,33.33,"P29474, Q03135, Q8IVI9","GO:0006886;GO:0006605;GO:0015031;GO:0005886",16807357,NA,NA,NA,NA,NA,NA
551,"core-histone (H2A/H2B/H3/H4)-TDIF2-TDT complex",6,1,16.67,"P04053, P62805, P68431, Q16777, Q16778, Q5QJE6","GO:0005634;GO:0006338;GO:0003677",12786946,NA,NA,NA,NA,NA,NA
553,"RHOA-IP3R-TRPC1 complex",3,1,33.33,"P48995, P61586, Q14643","GO:0008324;GO:0006812;GO:0005216;GO:0006875;GO:0005886",12766172,NA,NA,NA,NA,NA,NA
554,"PBAF complex",10,5,50,"O96019, P51532, Q12824, Q68CP9, Q86U86, Q8TAQ2, Q92922, Q92925, Q969G3, Q96GM5","GO:0005634;GO:0051276;GO:0003677;GO:0006265;GO:0009755;GO:0045893",11780067,-1.104,-1.197,-1.336,-1.658,-3.207,0.039
555,"BAF complex",9,6,66.67,"O14497, O96019, P51532, Q12824, Q8TAQ2, Q92922, Q92925, Q969G3, Q96GM5","GO:0006265;GO:0045893;GO:0003677;GO:0051276;GO:0005694",11780067,-1.108,-1.215,-1.35,-3.392,-6.412,0.169
556,"PBAF complex, BAF200-specific",8,5,62.5,"O96019, P51532, Q12824, Q68CP9, Q8TAQ2, Q92922, Q969G3, Q96GM5","GO:0006265;GO:0045893;GO:0003677;GO:0009755;GO:0051276;GO:0005694;GO:0005634",15985610,-1.104,-1.197,-1.336,-1.658,-3.207,0.039
557,"TRP1-G alpha-11-IP3R3-CAV1 signaling complex",4,2,50,"P29992, P48995, Q03135, Q14573","GO:0008324;GO:0006812;GO:0005216;GO:0006875;GO:0005886",10766822,1.029,-1.047,-1.191,-1.48,-1.685,1
559,"Decapping complex",5,4,80,"P26196, Q6P2E9, Q8IU60, Q96F86, Q9NPI6","GO:0043488;GO:0005737",16364915,-1.05,-1.13,-1.098,-6.518,-1.278,1
561,"LSm1-7 complex",7,5,71.43,"O15116, P62310, P62312, Q9UK45, Q9Y333, Q9Y4Y9, Q9Y4Z0","GO:0043488;GO:0003723;GO:0005737",15711010,-1.007,1.033,1.001,-1.047,-4.03,0.997
562,"LSm2-8 complex",7,5,71.43,"O95777, P62310, P62312, Q9UK45, Q9Y333, Q9Y4Y9, Q9Y4Z0","GO:0008380;GO:0003723;GO:0005737;GO:0005634",10523320,1.028,1.123,1.117,1.046,-3.826,0.948
563,"F1F0-ATPase, mitochondrial",16,13,81.25,"O75947, O75964, P00846, P03928, P05496, P06576, P18859, P24539, P25705, P30049, P36542, P48047, P56134, P56381, P56385, Q9UII2","GO:0009060;GO:0022904;GO:0005743;GO:0006754;GO:0042776;GO:1904949",12110673,1.285,1.621,1.761,1.721,1.844,0.032
564,"BAF complex",8,5,62.5,"O14497, O96019, P51531, Q12824, Q8TAQ2, Q92922, Q969G3, Q96GM5","GO:0006265;GO:0045893;GO:0003677;GO:0051276;GO:0005634",8895581,-1.122,-1.234,-1.347,-3.969,-8.603,0.244
565,"PBAF complex (Polybromo- and BAF containing complex)",9,5,55.56,"O96019, P51532, Q12824, Q68CP9, Q86U86, Q8TAQ2, Q92922, Q969G3, Q96GM5","GO:0006265;GO:0045893;GO:0003677;GO:0009755;GO:0051276;GO:0005694",8895581,-1.104,-1.197,-1.336,-1.658,-3.207,0.039
566,"BAF complex",9,7,77.78,"O14497, O96019, P51532, P60709, Q12824, Q8TAQ2, Q92922, Q969G3, Q96GM5","GO:0006265;GO:0045893;GO:0003677;GO:0051276;GO:0005634",9845365,-1.105,-1.211,-1.338,-3.161,-5.632,0.17
570,"p300-CBP-p270-SWI/SNF complex",7,4,57.14,"O14497, P51532, Q09472, Q12824, Q8TAQ2, Q92793, Q92922","GO:0006265;GO:0045893;GO:0006473;GO:0003677;GO:0051276;GO:0005694",9584200,-1.134,-1.296,-1.41,-6.759,-17.337,0.281
571,"p300-CBP-p270 complex",3,1,33.33,"O14497, Q09472, Q92793","GO:0045893;GO:0003677;GO:0005634",8995708,NA,NA,NA,NA,NA,NA
575,"ABIN2-NFKB1-MAP3K8 complex",3,1,33.33,"P19838, P41279, Q8NFZ5","GO:0050821;GO:0006457;GO:0005515;GO:0035556",15169888,NA,NA,NA,NA,NA,NA
577,"FHL2-p53-HIPK2 complex",3,1,33.33,"P04637, Q14192, Q9H2X6","GO:2001141;GO:0006355;GO:0005634",16343438,NA,NA,NA,NA,NA,NA
585,"Mi2/NuRD-BCL6-MTA3 complex",5,1,20,"O95983, P41182, Q13547, Q14839, Q9BTC8","GO:0006265;GO:0045892;GO:0006476;GO:0051276;GO:0030183;GO:0005634",15454082,NA,NA,NA,NA,NA,NA
587,"NuRD.1 complex",7,5,71.43,"O95983, Q09028, Q13330, Q13547, Q14839, Q16576, Q92769","GO:0006265;GO:0045892;GO:0006476;GO:0009755;GO:0023052;GO:0051276;GO:0005634;GO:0016575",9885572,1.027,-1.014,-1.06,-1.275,-1.574,0.022
591,"SAP complex (Sin3-associated protein complex)",8,3,37.5,"O75446, Q09028, Q13547, Q16576, Q4LE39, Q92769, Q96ST3, Q9H0E3","GO:0006265;GO:0045892;GO:0006476;GO:0051276;GO:0005634",9885572,1.033,-1.017,-1.092,-1.329,-1.642,0.031
592,"mSin3A corepressor complex",9,3,33.33,"O75446, Q09028, Q13547, Q16576, Q4LE39, Q92769, Q96ST3, Q9H0E3, Q9H7L9","GO:0006265;GO:0045892;GO:0051276;GO:0005634;GO:0006476;GO:0016575",12724404,1.033,-1.017,-1.092,-1.329,-1.642,0.031
605,"TIM23 subcomplex (TIMM17A, TIMM23, TIMM44), mitochondrial",3,1,33.33,"O14925, O43615, Q99595","GO:0005743;GO:0005744;GO:0071806;GO:0005739;GO:0006626;GO:0015031;GO:0006839",10339406,NA,NA,NA,NA,NA,NA
613,"CTF18-CTF8-DCC1-RFC3 complex",4,1,25,"P0CG13, P40938, Q8WVB6, Q9BVC3","GO:0005515;GO:0005634",12766176,NA,NA,NA,NA,NA,NA
614,"NRD complex (Nucleosome remodeling and deacetylation complex)",7,6,85.71,"O60341, Q09028, Q12873, Q13330, Q13547, Q14839, Q92769","GO:0006265;GO:2001141;GO:0006355;GO:0006476;GO:0051276;GO:0005634",9804427,1.035,1.003,-1.02,-1.175,-1.501,0.163
617,"CASK-LIN7C-APBA1 complex",3,2,66.67,"O14936, Q02410, Q9NUP9","GO:0006886;GO:0006605;GO:0015031;GO:0006497",9822620,19.476,21.278,22.971,22.634,20.418,1
619,"MRE11A-RAD50-NBN-TRF2 complex",4,3,75,"O60934, P49959, Q15554, Q92878","GO:0000075;GO:0003677;GO:0051276;GO:0005694",10888888,-1.142,1.126,1.068,-3.391,-1.317,0.451
620,"CoREST-HDAC complex",7,3,42.86,"O60341, O75362, Q13547, Q92769, Q96BD5, Q9P0W2, Q9UKL0","GO:0006265;GO:0045892;GO:0006476;GO:0051276;GO:0005634;GO:0019048;GO:0051607",11171972,2.537,2.297,-1.234,-1.344,-1.627,0.535
622,"Ubiquitin E3 ligase (VHL, TCEB1, TCEB2, CUL2)",4,3,75,"P40337, Q13617, Q15369, Q15370","GO:0016567;GO:0030163;GO:0005737;GO:0005634;GO:0006511",9122164,-1.086,-1.131,-1.27,-1.239,-1.278,0.706
623,"Small TIM chaperone complex (TIMM9, TIMM10), mitochondrial",2,1,50,"P62072, Q9Y5J7","GO:0042719;GO:0005758;GO:0006839",16387659,NA,NA,NA,NA,NA,NA
624,"LSD1-CoREST complex",2,2,100,"O60341, Q9UKL0","None",16885027,19.392,18.27,-1.292,-1.299,-1.489,1
626,"LSD1 complex",14,4,28.57,"O60341, O75362, P0DMV8, P0DMV9, Q13363, Q13547, Q92766, Q96BD5, Q96EK2, Q9NP66, Q9P0W2, Q9P2K3, Q9UBW7, Q9UKL0","GO:0006265;GO:0045892;GO:0006476;GO:0018126;GO:0006479;GO:0051276;GO:0005634",16140033,1.026,1.116,1.205,1.128,1.108,0.996
627,"MRN-TRRAP complex (MRE11A-RAD50-NBN-TRRAP complex)",4,3,75,"O60934, P49959, Q92878, Q9Y4A5","GO:0006308;GO:0006281;GO:0000075;GO:0003677;GO:0006974;GO:0005634",16382133,-1.142,1.126,1.068,-3.391,-1.317,0.451
631,"AuroraA-chTOG-Tacc1  complex",3,2,66.67,"O14965, O75410, Q14008","GO:0051225;GO:0007098;GO:0006417;GO:0000775",14603251,-1.026,-1.375,-1.307,-1.412,-1.659,0.102
632,"Anti-HDAC2 complex",17,10,58.82,"O60341, O94776, P78347, Q09028, Q12873, Q13330, Q13547, Q14202, Q14687, Q14839, Q16576, Q92769, Q96BD5, Q96ST3, Q9P0W2, Q9UBW7, Q9UKL0","GO:0006265;GO:0045892;GO:0006476;GO:0051276;GO:0005634",12493763,1.259,1.241,-1.074,-1.264,-1.56,0.098
633,"anti-BHC110 complex",11,4,36.36,"O60341, O75362, P78347, Q13547, Q14202, Q14687, Q92769, Q96BD5, Q9P0W2, Q9UBW7, Q9UKL0","GO:0006265;GO:0045892;GO:0006476;GO:0051276;GO:0005634",12493763,2.384,2.491,-1.073,-1.265,-1.477,0.451
634,"XFIM complex",5,3,60,"O60341, P78347, Q13547, Q14202, Q92769","GO:0006265;GO:0045892;GO:0032774;GO:0006476;GO:0051276;GO:0005634",12493763,-1.07,-1.041,-1.104,-1.317,-1.59,0.413
635,"AGPS-GNPAT complex",2,2,100,"O00116, O15228","GO:0006720;GO:0006633;GO:0008299;GO:0009062;GO:0016042;GO:0008300;GO:0006629;GO:0006631;GO:0008610;GO:0005777",10215861,1.123,1.276,1.25,1.12,1.18,0.897
636,"BHC complex",6,3,50,"O60341, Q13547, Q92769, Q96BD5, Q9P0W2, Q9UKL0","GO:0006265;GO:0045892;GO:0006476;GO:0051276;GO:0030182;GO:0005634",12032298,2.537,2.297,-1.234,-1.344,-1.627,0.535
641,"RANBPM-SMP1 complex",2,1,50,"O95807, Q96S59","GO:0007276;GO:0005737",15014887,NA,NA,NA,NA,NA,NA
642,"CtBP complex",17,6,35.29,"O00257, O60315, O60341, O75362, P37275, P56545, Q13363, Q13547, Q92618, Q92766, Q92769, Q96JN0, Q96KQ7, Q9H9B1, Q9P2K3, Q9UKL0, Q9Y232","GO:0006265;GO:0045892;GO:0006476;GO:0018126;GO:0006479;GO:0003677;GO:0051276;GO:0005634",12700765,1.607,1.519,-1.228,-1.459,-1.763,0.304
643,"CtBP core complex",9,6,66.67,"O60341, P37275, P56545, Q13363, Q13547, Q92769, Q96KQ7, Q9H9B1, Q9UKL0","GO:0006265;GO:0045892;GO:0006476;GO:0018126;GO:0006479;GO:0003677;GO:0051276;GO:0005634",12700765,1.607,1.519,-1.228,-1.459,-1.763,0.304
644,"ASPP1-SAM68 complex",2,1,50,"Q07666, Q96KQ4","GO:0008380;GO:0005634",16474851,NA,NA,NA,NA,NA,NA
646,"HDAC1-associated protein complex",9,7,77.78,"O60341, O94776, O95983, Q09028, Q12873, Q13547, Q16576, Q9UBB5, Q9UKL0","GO:0006265;GO:0045892;GO:0003677;GO:0051276;GO:0005634;GO:0016575",11102443,1.429,1.333,-1.203,-1.347,-1.696,0.135
648,"HDAC1-associated core complex cI",3,2,66.67,"O60341, Q13547, Q9UKL0","GO:0006265;GO:0045892;GO:0006476;GO:0018126;GO:0006479;GO:0003677;GO:0051276;GO:0005634",11102443,19.392,18.27,-1.292,-1.299,-1.489,1
649,"HDAC1-associated core complex cII",9,7,77.78,"O94776, O95983, Q09028, Q12873, Q13547, Q16576, Q86YP4, Q9UBB5, Q9UKL0","GO:0006265;GO:0045892;GO:0003677;GO:0051276;GO:0005634;GO:0016575",11102443,1.451,1.423,-1.128,-1.289,-1.599,0.037
650,"HDAC2-asscociated core complex",7,6,85.71,"O94776, O95983, Q09028, Q12873, Q16576, Q86YP4, Q92769","GO:0006265;GO:0045892;GO:0018126;GO:0006479;GO:0003677;GO:0051276;GO:0005634;GO:0016575",11102443,1.023,-1.008,-1.104,-1.286,-1.606,0.033
652,"AP3-BLOC1 complex",12,8,66.67,"O00203, O14617, O95295, P78537, Q6QNY0, Q6QNY1, Q8TDH9, Q92572, Q96EV8, Q9NUP1, Q9UL45, Q9Y2T2","GO:0035654;GO:0060627;GO:0032438",16837549,-1.268,-1.045,-1.066,-1.483,-1.576,0.136
654,"BLOC1-BLOC2 complex",11,5,45.45,"O95295, P78537, Q6QNY0, Q6QNY1, Q86YV9, Q8TDH9, Q969F9, Q96EV8, Q9NUP1, Q9UL45, Q9UPZ3","GO:0006886;GO:0006605;GO:0015031;GO:0005768",16837549,-1.008,-1.001,1.074,1.08,1.299,0.999
655,"HSF1-HSF2 complex",2,1,50,"Q00613, Q03933","GO:0005515",16336210,NA,NA,NA,NA,NA,NA
656,"VPS35-VPS29-VPS26A complex",3,3,100,"O75436, Q96QK1, Q9UBQ0","GO:0006886;GO:0006605;GO:0015031",11102511,-1.064,-1.086,-1.149,-1.306,-1.239,0.055
657,"Retromer complex (SNX1, SNX2, VPS35, VPS29, VPS26A)",5,5,100,"O60749, O75436, Q13596, Q96QK1, Q9UBQ0","GO:0006886;GO:0006605;GO:0015031;GO:0016192;GO:0036465;GO:0000301",16732284,-1.042,-1.029,-1.09,-1.237,-1.206,0.297
680,"RANBMP-CD39 complex",2,1,50,"P43487, P49961","GO:0030234;GO:0050790;GO:0005886",16478441,NA,NA,NA,NA,NA,NA
682,"C-CFTR-NHERF-ezrin complex",3,2,66.67,"O14745, P13569, P15311","GO:0006821;GO:0005216;GO:0005886;GO:0005856",16129695,1.065,1.001,-1.216,-1.495,-1.609,0.051
685,"MeCP1 complex",9,6,66.67,"O94776, O95983, Q09028, Q13547, Q14839, Q16576, Q8WXI9, Q92769, Q9UBB5","GO:0051276;GO:0003677;GO:0016575;GO:0006265;GO:0045892;GO:0005634",11756549,1.016,-1.061,-1.151,-1.367,-1.671,0.027
687,"CFTR-NHERF-beta(2)AR signaling complex",3,1,33.33,"O14745, P07550, P13569","GO:0006821;GO:0005216;GO:0023052;GO:0005886",12502786,NA,NA,NA,NA,NA,NA
691,"SIN3-SAP25 complex",11,4,36.36,"O00422, O75446, Q09028, Q13547, Q16576, Q4LE39, Q8TEE9, Q92769, Q96ST3, Q9H0E3, Q9H7L9","GO:0006265;GO:0045892;GO:0006476;GO:0051276;GO:0005634",16449650,1.033,-1.017,-1.092,-1.329,-1.642,0.485
695,"SIN3-HDAC-SAP30-ARID4 complex",7,3,42.86,"O75446, Q09028, Q13547, Q16576, Q4LE39, Q92769, Q96ST3","GO:0006265;GO:0045892;GO:0006476;GO:0005515;GO:0051276;GO:0005634",12724404,1.033,-1.017,-1.092,-1.329,-1.642,0.031
696,"BRMS1-mSin3A corepressor complex",8,3,37.5,"O75182, O75446, Q09028, Q13547, Q16576, Q92769, Q96ST3, Q9HCU9","GO:0006265;GO:0045892;GO:0006476;GO:0051276;GO:0005634;GO:0016575",14581478,1.033,-1.017,-1.092,-1.329,-1.642,0.031
702,"NAA10-NAA15 complex",2,2,100,"P41227, Q9BXJ9","GO:0006417;GO:0005515;GO:0005634",15496142,-1.099,-1.445,-1.416,-1.414,-1.552,0.139
705,"RINT1-USE1-ZW10 subcomplex",3,1,33.33,"O43264, Q6NUQ1, Q9NZ43","GO:0000776;GO:0031577;GO:0005783",15029241,NA,NA,NA,NA,NA,NA
706,"SNARE complex (HGS, SNAP25, STX13)",3,2,66.67,"O14964, P60880, Q86Y82","GO:0006906;GO:0048489;GO:0016079;GO:0005768;GO:0031201;GO:0061025",14769786,-1.059,-1.284,-1.368,-1.462,-1.422,0.523
707,"SNARE complex (SNAP25, STX13, VAMP2)",3,1,33.33,"P60880, P63027, Q86Y82","GO:0061025;GO:0031201;GO:0034058",14769786,NA,NA,NA,NA,NA,NA
710,"Brg1-associated complex I",9,7,77.78,"O14497, O14744, O96019, P51532, Q12824, Q8TAQ2, Q92922, Q969G3, Q96GM5","GO:0006265;GO:2001141;GO:0006355;GO:0003677;GO:0051276;GO:0005634",11238380,-1.108,-1.215,-1.349,-3.379,-6.362,0.177
711,"Brm-associated complex",9,6,66.67,"O14497, O14744, O96019, P51531, Q12824, Q8TAQ2, Q92922, Q969G3, Q96GM5","GO:0006265;GO:2001141;GO:0006355;GO:0018126;GO:0006479;GO:0003677;GO:0051276;GO:0005634",11238380,-1.122,-1.233,-1.346,-3.95,-8.519,0.258
713,"BRG1-SIN3A complex",14,10,71.43,"O14497, O14744, O96019, P51532, Q09028, Q12824, Q6STE5, Q8TAQ2, Q92769, Q92922, Q92925, Q969G3, Q96GM5, Q96ST3","GO:0006265;GO:0045892;GO:0003677;GO:0051276;GO:0005634",11238380,-1.061,-1.15,-1.253,-2.423,-3.891,0.124
714,"BRM-SIN3A complex",15,9,60,"O14497, O14744, O96019, P51531, Q09028, Q12824, Q13547, Q6STE5, Q8TAQ2, Q92769, Q92922, Q92925, Q969G3, Q96GM5, Q96ST3","GO:0006265;GO:0045892;GO:0003677;GO:0051276;GO:0005634",11238380,-1.061,-1.151,-1.237,-2.531,-4.322,0.156
725,"P2X7 receptor signalling complex",12,4,33.33,"O43707, O95425, P05107, P08238, P0DMV8, P11142, P23467, P42356, P60709, Q13368, Q16787, Q99572","GO:0006811;GO:0005216;GO:0007166;GO:0007010;GO:0005886",11707406,-1.017,-1.157,-1.128,-1.13,-1.143,0.46
726,"DDB2 complex",12,11,91.67,"P61201, P62877, Q13098, Q13619, Q16531, Q7L5N1, Q92466, Q92905, Q99627, Q9BT78, Q9UBW8, Q9UNS2","GO:0006281;GO:0016567;GO:0003677;GO:0006974;GO:0005634;GO:0006511",12732143,-1.09,-1.038,-1.028,-1.058,-1.055,0.3
727,"CSA complex",12,11,91.67,"P61201, P62877, Q13098, Q13216, Q13619, Q16531, Q7L5N1, Q92905, Q99627, Q9BT78, Q9UBW8, Q9UNS2","GO:0006281;GO:0016567;GO:0005515;GO:0006974;GO:0005634;GO:0006511",12732143,-1.09,-1.038,-1.028,-1.058,-1.055,0.3
728,"CSA-POLIIa complex",13,12,92.31,"P24928, P61201, P62877, Q13098, Q13216, Q13619, Q16531, Q7L5N1, Q92905, Q99627, Q9BT78, Q9UBW8, Q9UNS2","GO:0006281;GO:0009299;GO:0016567;GO:0006974;GO:0005634;GO:0006511",12732143,-1.1,-1.049,-1.067,-1.109,-1.138,0.283
729,"Ubiquitin E3 ligase (FBXO31, SKP1A, CUL1, RBX1)",4,3,75,"P62877, P63208, Q13616, Q5XUX0","GO:0000278;GO:0016567;GO:0030163;GO:0006511;GO:0090398",16357137,-2.433,-1.057,-2.609,-2.991,-2.982,0.998
730,"SNARE complex (SNAP23, STX4, VAMP1)",3,2,66.67,"O00161, P23763, Q12846","GO:0048489;GO:0016079;GO:0031201;GO:0099503;GO:0043312;GO:0070820;GO:0061025",16920918,-1.068,1.117,1.017,-1.134,-1.291,0.619
731,"SNARE complex (SNAP23, STX4, VAMP2)",3,2,66.67,"O00161, P63027, Q12846","GO:0006887;GO:0070820;GO:0016079;GO:0031201;GO:0043312;GO:0099503;GO:0061025",16920918,-1.068,1.117,1.017,-1.134,-1.291,0.619
733,"SNARE complex (STX4, VAMP1, VAMP7)",3,1,33.33,"P23763, P51809, Q12846","GO:0006906;GO:0006887;GO:0042582;GO:0061025;GO:0031201",16920918,NA,NA,NA,NA,NA,NA
738,"SIN3-ING1b complex I",9,4,44.44,"O00422, O75446, Q09028, Q13547, Q16576, Q4LE39, Q92769, Q96ST3, Q9UK53","GO:0006265;GO:0045892;GO:0051276;GO:0005634;GO:0016575;GO:0006338",11784859,1.033,-1.017,-1.092,-1.329,-1.642,0.485
739,"SIN3-ING1b complex II",16,9,56.25,"O00422, O14497, O75446, O96019, P51532, Q09028, Q12824, Q13547, Q16576, Q4LE39, Q8TAQ2, Q92769, Q92922, Q96GM5, Q96ST3, Q9UK53","GO:0006265;GO:0045892;GO:0051090;GO:0051276;GO:0005634;GO:0006338;GO:0016575",11784859,-1.039,-1.14,-1.249,-2.518,-4.78,0.281
740,"Exon junction complex (EIF4A3, MLN51, MAGOH, Y14)",4,2,50,"O15234, P38919, P61326, Q9Y5S9","GO:0043488;GO:0006417;GO:0003723;GO:0050658;GO:0051033;GO:0051169;GO:0005737;GO:0005634",16797590,-1.002,1.129,1.076,-1.062,-1.167,0.694
741,"NCOR-HDAC3 complex",5,1,20,"O15379, O60907, O75376, Q13227, Q9BZK7","GO:0006265;GO:0045892;GO:0032774;GO:0006476;GO:0007254;GO:0051276;GO:0005634",11931768,NA,NA,NA,NA,NA,NA
742,"eIF3 complex (EIF3S6, EIF3S5, EIF3S4, EIF3S3, EIF3S6IP, EIF3S2, EIF3S9, EIF3S12,  EIF3S10, EIF3S8,  EIF3S1, EIF3S7)",12,12,100,"O00303, O15371, O15372, O75821, O75822, P55884, P60228, Q13347, Q14152, Q99613, Q9UBQ5, Q9Y262","GO:0006413",14519125,-1.023,-1.22,-1.171,-1.157,-1.205,0.041
745,"NCOR-SIN3-RPD3 complex",4,2,50,"O75182, Q92769, Q96ST3, Q9Y618","GO:0006265;GO:0045892;GO:0032774;GO:0006476;GO:0009755;GO:0051276;GO:0005634",9139820,-1.13,-1.089,-1.065,-1.442,-1.687,0.199
747,"NCOR-SIN3-HDAC1 complex",3,1,33.33,"Q13547, Q96ST3, Q9Y618","GO:0006265;GO:0045892;GO:0032774;GO:0006476;GO:0009755;GO:0051276;GO:0005634",9150137,NA,NA,NA,NA,NA,NA
748,"TRAF6-TAK1 complex",2,1,50,"O43318, Q9Y4K3","GO:0007178",16543409,NA,NA,NA,NA,NA,NA
749,"MeCP2-SIN3A-HDAC complex",4,2,50,"P51608, Q13547, Q92769, Q96ST3","GO:0006265;GO:0045892;GO:0006476;GO:0003677;GO:0051276;GO:0005634",9620804,1.189,1.608,1.61,1.412,1.339,1
752,"SMRT core complex",3,1,33.33,"O15379, O60907, Q9Y618","GO:0006265;GO:0045892;GO:0006476;GO:0009755;GO:0051276;GO:0005634",10944117,NA,NA,NA,NA,NA,NA
753,"UTM-SGCE-DAG1-CAV1-NOS3 complex",5,3,60,"O43556, P29474, P46939, Q03135, Q14118","GO:0030234;GO:0050790;GO:0061028",17127434,1.469,1.891,2.687,2.806,2.55,0.052
754,"Exon junction complex (EIF4A3, MLN51, UPF3B, MAGOH, Y14)",5,2,40,"O15234, P38919, P61326, Q0VAK7, Q9Y5S9","GO:0043488;GO:0006417;GO:0003723;GO:0050658;GO:0051033;GO:0051169;GO:0005737;GO:0005634",16209946,-1.002,1.129,1.076,-1.062,-1.167,0.694
755,"Exon junction complex (EIF4A3, MLN51, UPF3B, MAGOH, Y14, PYM)",6,3,50,"O15234, P38919, P61326, Q0VAK7, Q9BRP8, Q9Y5S9","GO:0043488;GO:0006417;GO:0003723;GO:0050658;GO:0051033;GO:0051169;GO:0005737;GO:0005634",16209946,-1.074,1.079,-1.04,-1.153,-1.182,0.566
756,"Prune-Gelsolin complex",2,1,50,"P06396, Q86TP1","GO:0016477",17103319,NA,NA,NA,NA,NA,NA
757,"Prune-GSK3beta complex",2,1,50,"P49841, Q86TP1","GO:0016477",17103319,NA,NA,NA,NA,NA,NA
758,"Prune/Nm23-H1 complex",2,1,50,"P15531, Q86TP1","GO:0048870",14998490,NA,NA,NA,NA,NA,NA
761,"Apoptosis- and splicing-associated protein complex (SAP18, RNPS1, Acinus-S)",3,2,66.67,"O00422, Q15287, Q9UKV3-3","GO:0000398;GO:0006397;GO:0006915;GO:0005634",12665594,-21.953,-1.046,1.058,-1.242,-1.088,1
763,"Y14-Magoh complex",2,1,50,"P61326, Q9Y5S9","GO:0000398;GO:0006397;GO:0050658;GO:0051033;GO:0051169;GO:0005737;GO:0005634",12781131,NA,NA,NA,NA,NA,NA
764,"Dysferlin-affixin complex",2,1,50,"O75923, Q9HBI1","GO:0007009;GO:0007519;GO:0014706",15835269,NA,NA,NA,NA,NA,NA
770,"TREX complex",8,7,87.5,"Q13769, Q13838, Q6I9Y2, Q86V81, Q86W42, Q8NI27, Q96FV9, Q96J01","GO:0016363;GO:0016607;GO:0006405",15998806,-1.101,1.054,1.02,-1.069,-2.054,0.605
771,"NDPKA-AMPKalpha1 complex",2,2,100,"P15531, Q13131","GO:0005515;GO:0005737",16026327,1.062,1.032,1.017,1.087,1.055,1
772,"EIF4A3-MLN51 complex",2,1,50,"O15234, P38919","GO:0043488",16923391,NA,NA,NA,NA,NA,NA
774,"THO complex",5,4,80,"Q13769, Q6I9Y2, Q86W42, Q8NI27, Q96FV9","GO:0003723;GO:0016607",15998806,-1.084,1.079,1.034,-1.046,-1.208,0.58
777,"Exon junction complex",7,6,85.71,"Q15287, Q86V81, Q8IYB3, Q9BZI7, Q9HAU5, Q9UBU9, Q9Y5S9","GO:0006401;GO:0003723;GO:0050658;GO:0051033;GO:0051169;GO:0005634",12093754,1.026,1.092,1.046,-1.085,-1.278,0.22
778,"LARC complex (LCR-associated remodeling complex)",19,14,73.68,"O14497, O94776, O95983, O96019, P07910, P51532, P60709, Q09028, Q12824, Q13547, Q14839, Q8TAQ2, Q8WXI9, Q92769, Q92785, Q92922, Q92925, Q969G3, Q9UBB5","GO:0006265;GO:0003677;GO:0051276;GO:0005634",16217013,-1.062,-1.127,-1.23,-1.996,-3.729,0.097
781,"URI complex (Unconventional prefoldin RPB5 Interactor)",9,7,77.78,"O94763, P19388, P63208, Q13309, Q13616, Q9UHV9, Q9ULZ2, Q9Y230, Q9Y265","GO:2001141;GO:0006355;GO:0042594;GO:0048015",14615539,-1.019,1.003,-1.031,-1.163,-1.225,0.336
783,"ITCH-USP9X complex",2,2,100,"Q93008, Q96J02","GO:0016579;GO:0005515",17038327,1.077,-20.125,-1.031,-1.01,-1.031,1
784,"SURF complex",4,3,75,"P15170, P62495, Q92900, Q96Q15","GO:0000184;GO:0006449",16452507,1.002,-1.229,-1.154,-1.141,-1.164,0.16
785,"Exon junction complex",8,6,75,"P38919, P61326, Q13838, Q15287, Q86V81, Q8IYB3, Q9BZI7, Q9Y5S9","GO:0006401;GO:0003723;GO:0050658;GO:0051033;GO:0051169;GO:0005634",1473001,1.001,1.127,1.095,-1.022,-1.214,0.18
786,"MR-UBC9-SRC1 complex",3,1,33.33,"P08235, Q08209, Q15788","GO:2001141;GO:0006355;GO:0005634",17105732,NA,NA,NA,NA,NA,NA
787,"NuA4/Tip60-HAT complex B",8,3,37.5,"O96019, Q92993, Q9H2F5, Q9NPF5, Q9UBU8, Q9Y230, Q9Y265, Q9Y4A5","GO:0051276;GO:0006281;GO:0006265;GO:0003677;GO:0006974;GO:0005634;GO:0016573",14966270,-1.011,-1.008,-1.109,-1.27,-1.363,0.029
788,"Exosome",10,8,80,"Q06265, Q13868, Q15024, Q5RKV6, Q96B26, Q9NPD3, Q9NQT4, Q9NQT5, Q9Y2L1, Q9Y3B2","GO:0006401;GO:0003723;GO:0005737;GO:0005634",11719186,-1.097,-1.044,-1.892,-2.16,-3.715,0.193
789,"Exosome",11,9,81.82,"Q01780, Q06265, Q13868, Q15024, Q5RKV6, Q96B26, Q9NPD3, Q9NQT4, Q9NQT5, Q9Y2L1, Q9Y3B2","GO:0006401;GO:0003723;GO:0005634",11719186,-1.106,-1.077,-1.827,-2.095,-3.294,0.067
790,"DDB complex",2,1,50,"Q16531, Q92466","GO:0006281;GO:0003677;GO:0006974",16223728,NA,NA,NA,NA,NA,NA
797,"SNARE complex (SNAP23, STX11, VAMP2)",3,1,33.33,"O00161, O75558, P63027","GO:0015031;GO:0006906;GO:0048489;GO:0016079;GO:0005768;GO:0061025;GO:0031201",10036234,NA,NA,NA,NA,NA,NA
798,"NuA4/Tip60-HAT complex A",15,3,20,"O95619, O96019, Q52LR7, Q92993, Q96L91, Q9H0E9, Q9H2F5, Q9HAF1, Q9NPF5, Q9NV56, Q9NXR8, Q9UBU8, Q9Y230, Q9Y265, Q9Y4A5","GO:0051276;GO:0006281;GO:0006265;GO:0003677;GO:0006974;GO:0005634;GO:0016573",14966270,-1.011,-1.008,-1.109,-1.27,-1.363,0.029
799,"DMAP1-associated complex",10,3,30,"O96019, Q15906, Q6ZRS2, Q96L91, Q9H0E9, Q9H2F5, Q9NPF5, Q9Y230, Q9Y265, Q9Y4A5","GO:0051276;GO:0006281;GO:0006265;GO:0005634",14966270,-1.011,-1.008,-1.109,-1.27,-1.363,0.029
801,"SNARE complex (SNAP23, STX2)",2,1,50,"O00161, P32856","GO:0006906;GO:0048489;GO:0016079;GO:0061025;GO:0031201",10648404,NA,NA,NA,NA,NA,NA
803,"BRG1-SIN3A-HDAC containing SWI/SNF remodeling complex I",11,8,72.73,"O14497, O14744, O96019, P51532, Q12824, Q8TAQ2, Q92769, Q92922, Q969G3, Q96GM5, Q96ST3","GO:0006265;GO:2001141;GO:0006355;GO:0006476;GO:0018126;GO:0006479;GO:0003677;GO:0051276;GO:0005634",14559996,-1.087,-1.192,-1.294,-2.909,-5.271,0.15
805,"SNARE complex (SNAP23, STX4)",2,2,100,"O00161, Q12846","GO:0006906;GO:0048489;GO:0016079;GO:0061025;GO:1990927;GO:0031201",10961877,-1.068,1.117,1.017,-1.134,-1.291,0.619
806,"BRM-SIN3A-HDAC complex",12,7,58.33,"O14497, O14744, O96019, P51531, Q12824, Q8TAQ2, Q92769, Q92922, Q92925, Q969G3, Q96GM5, Q96ST3","GO:0006265;GO:2001141;GO:0006355;GO:0006476;GO:0018126;GO:0006479;GO:0051276;GO:0005634",14559996,-1.093,-1.202,-1.28,-3.195,-6.458,0.201
807,"BRG1-associated complex",9,7,77.78,"O14497, O14744, O96019, P51532, Q12824, Q8TAQ2, Q92922, Q969G3, Q96GM5","GO:0006265;GO:2001141;GO:0006355;GO:0018126;GO:0006479;GO:0003677;GO:0051276;GO:0005634",14559996,-1.108,-1.215,-1.349,-3.379,-6.362,0.177
808,"BRM-associated complex",10,6,60,"O14497, O14744, O96019, P51531, Q12824, Q8TAQ2, Q92922, Q92925, Q969G3, Q96GM5","GO:0006265;GO:2001141;GO:0006355;GO:0018126;GO:0006479;GO:0003677;GO:0051276;GO:0005634",14559996,-1.122,-1.233,-1.346,-3.95,-8.519,0.258
809,"eRF1-eRF3-GTP-Mg(2+) complex",2,2,100,"P15170, P62495","GO:0006415;GO:0000287;GO:0005525;GO:0007264;GO:0005737",16914449,-1.003,-1.265,-1.198,-1.193,-1.203,0.138
811,"FCP1-associated protein complex",7,6,85.71,"O14744, P30876, P35269, P84090, Q15208, Q9BQA1, Q9Y5B0","GO:0006354;GO:0005634",12560496,-1.131,1.128,1.02,1.017,1.041,0.539
812,"Upf complex (UPF1, UPF2, UPF3a)",3,2,66.67,"Q92900, Q9H1J1, Q9HAU5","GO:0006401;GO:0003723;GO:0005737;GO:0016363",11163187,-1.002,-1.01,1.028,1.043,-1.037,1
813,"Upf complex (UPF1, UPF2, UPF3b)",3,2,66.67,"Q92900, Q9BZI7, Q9HAU5","GO:0006401;GO:0003723;GO:0005737;GO:0016363",11163187,-1.002,-1.01,1.028,1.043,-1.037,1
814,"Postsplicing complex",7,5,71.43,"Q15287, Q92900, Q9BZI7, Q9H1J1, Q9HAU5, Q9UBU9, Q9Y5S9","GO:0006401;GO:0003723;GO:0016363",11546874,1.084,1.104,1.042,-1.07,-1.168,0.435
815,"MRIP-MBS-RHOA complex",3,3,100,"O14974, P61586, Q6WCQ1","GO:0006461;GO:0005515;GO:0030234;GO:0050790",14506264,1.028,1.154,1.071,-1.018,-1.066,0.221
816,"MRIP-RHOA complex",2,2,100,"P61586, Q6WCQ1","GO:0005515",14506264,-1.049,1.105,1.087,1.066,1.035,1
817,"MRIP-MBS complex",2,2,100,"O14974, Q6WCQ1","GO:0005515",14506264,1.043,1.161,1.067,-1.028,-1.078,0.207
819,"20S methylosome-SmD complex",4,4,100,"O14744, P54105, P62314, P62318","GO:0018126;GO:0006479;GO:0006461;GO:0005737",11713266,-1.008,1.002,-1.145,-1.388,-20.439,1
820,"SNARE complex (SNAP23, STX6)",2,1,50,"O00161, O43752","GO:0006906;GO:0048489;GO:0016079;GO:0061025;GO:0043312;GO:0031201",11001914,NA,NA,NA,NA,NA,NA
822,"mRNA decay complex (UPF1, UPF2, UPF3B, DCP2, XRN1, XRN2, EXOSC2, EXOSC4, EXOSC10, PARN)",10,7,70,"O95453, Q01780, Q13868, Q8IU60, Q8IZH2, Q92900, Q9BZI7, Q9H0D6, Q9HAU5, Q9NPD3","GO:0006401;GO:0003723;GO:0005737;GO:0005634",14527413,-1.062,-1.082,-1.218,-1.409,-1.464,0.089
824,"Anti-SMN protein complex",5,2,40,"O14893, P14678, P57678, Q16637, Q9UHI6","GO:0008380;GO:0006461;GO:0005737",11713266,1.056,-1.305,-1.146,-1.224,-1.307,0.672
825,"JBP1-pICln complex",3,2,66.67,"O14744, P14678, P54105","GO:0018126;GO:0006479;GO:0006461;GO:0005737",11713266,-1.004,-1.078,-1.162,-1.334,-24.711,1
826,"PAR-3-VE-cadherin-beta-catenin complex",3,2,66.67,"P33151, P35222, Q8TEW0","GO:0051211;GO:0007043;GO:0030054",17057644,1.07,1.044,-1,-1.091,-1.154,1
828,"TRPC1-STIM1-ORAI1 complex",3,1,33.33,"P48995, Q13586, Q96D31","GO:0005216;GO:0005886;GO:0002115;GO:0006816;GO:0051592",17224452,NA,NA,NA,NA,NA,NA
831,"PAR-6-PAR-3-VE-cadherin complex, endothelial",3,1,33.33,"P33151, Q8TEW0, Q9NPB6","GO:0051211;GO:0007043",17057644,NA,NA,NA,NA,NA,NA
832,"Anti-Sm protein complex",7,4,57.14,"O14744, O14893, P14678, P54105, P57678, Q16637, Q9UHI6","GO:0018126;GO:0006479;GO:0005737",11713266,1.05,-1.268,-1.214,-1.38,-7.287,0.938
833,"6S methyltransferase complex",3,3,100,"P54105, P62314, P62318","GO:0006461;GO:0005515;GO:0005737",11713266,-1.008,1.002,-1.146,-1.388,-20.578,0.988
834,"20S methylosome and RG-containing Sm protein complex",6,5,83.33,"O14744, P14678, P54105, P62314, P62316, P62318","GO:0008380;GO:0018126;GO:0006479;GO:0005737",11713266,-1.035,1.038,-1.1,-1.269,-5.837,0.69
835,"6S methyltransferase and RG-containing Sm proteins complex",8,6,75,"P14678, P54105, P62304, P62306, P62308, P62314, P62316, P62318","GO:0008380;GO:0005737",11713266,-1.118,1.025,-1.119,-1.292,-2.538,0.273
836,"20S methyltransferase core complex",2,2,100,"O14744, P54105","GO:0018126;GO:0006479;GO:0006461;GO:0005515;GO:0005737",11713266,-1.004,-1.078,-1.162,-1.334,-24.711,1
846,"RICH1/AMOT polarity complex, Flag-Rich1 precipitated",8,6,75,"P47756, P52907, Q4VCS5, Q68EM7, Q8N3R9, Q8NI35, Q96B97, Q9Y5K6","GO:0008104;GO:0005096;GO:0043547;GO:0007186;GO:0051211;GO:0009798;GO:0007043;GO:0030054",16678097,-1.058,-1.077,-1.1,-1.219,-1.264,0.573
847,"RICH1-PAR3-aPKC polarity complex",3,3,100,"P41743, Q68EM7, Q8TEW0","GO:0008104;GO:0005096;GO:0043547;GO:0007186;GO:0051211;GO:0007043;GO:0030054",16678097,-1.044,-1.158,-1.432,-1.481,-1.349,0.351
848,"RICH1/AMOT polarity complex, Flag-Amot precipitated",8,3,37.5,"O75970, Q4VCS5, Q5T2T1, Q68EM7, Q8IY63, Q8N3R9, Q8NI35, Q9Y2J4","GO:0008104;GO:0005096;GO:0043547;GO:0007186;GO:0051211;GO:0009798;GO:0007043;GO:0030054",16678097,-1.105,-1.061,-1.075,-1.286,-1.388,0.349
860,"DNMT1-EHMT2-PCNA complex",3,2,66.67,"P12004, P26358, Q96KQ7","GO:0006260;GO:0006306;GO:0051276;GO:0005634;GO:0051567",17085482,-1.286,-2.323,-2.495,-5.052,-6.318,0.124
862,"DNMT1-EHMT2 complex",2,1,50,"P26358, Q96KQ7","GO:0006260;GO:0006306;GO:0000084;GO:0051276;GO:0005634;GO:0051567",17085482,NA,NA,NA,NA,NA,NA
871,"BRAF53-BRCA2 complex",7,3,42.86,"O60341, P51587, Q13547, Q92769, Q96BD5, Q9P0W2, Q9UKL0","GO:0006281;GO:0006265;GO:0000278;GO:0045892;GO:0006476;GO:0003677;GO:0051276;GO:0030182;GO:0005634",11207365,2.537,2.297,-1.234,-1.344,-1.627,0.535
873,"SNARE complex (STX1A, SNAP29)",2,1,50,"O95721, Q16623","GO:0006906;GO:0048489;GO:0016079;GO:0031201;GO:0061025",11707603,NA,NA,NA,NA,NA,NA
874,"SNARE complex (STX6, VAMP3, VAMP4, VAMP8)",4,1,25,"O43752, O75379, Q15836, Q9BV40","GO:0006906;GO:0048489;GO:0016079;GO:0061025;GO:0031201",11839770,NA,NA,NA,NA,NA,NA
875,"SNARE complex (STX16, VAMP3, VAMP4)",3,1,33.33,"O14662, O75379, Q15836","GO:0006906;GO:0048489;GO:0016079;GO:0061025;GO:0031201",11839770,NA,NA,NA,NA,NA,NA
876,"SNARE complex (STX6, VAMP3, VTI1A)",3,1,33.33,"O43752, Q15836, Q96AJ9","GO:0006906;GO:0048489;GO:0016079;GO:0061025;GO:0031201",11839770,NA,NA,NA,NA,NA,NA
877,"SNARE complex (STX6, STX16, VAMP4, VTI1a, VTI1b)",5,1,20,"O14662, O43752, O75379, Q96AJ9, Q9UEU0","GO:0006906;GO:0048489;GO:0016079;GO:0061025;GO:0031201",11839770,NA,NA,NA,NA,NA,NA
878,"PKA (RII-alpha and RII-beta)-AKAP5-ADRB1 complex",4,1,25,"P08588, P13861, P24588, P31323","GO:0007186;GO:0001881;GO:0010737",16940053,NA,NA,NA,NA,NA,NA
886,"MTA1 complex",6,4,66.67,"O95983, Q09028, Q13330, Q13547, Q16576, Q92769","GO:0006265;GO:0045892;GO:0006476;GO:0009755;GO:0051276;GO:0005634",12920132,1.044,-1,-1.031,-1.244,-1.562,0.024
888,"MTA2 complex",8,5,62.5,"O94776, O95983, Q09028, Q13547, Q14839, Q16576, Q92769, Q96ST3","GO:0006265;GO:0045892;GO:0032774;GO:0051276;GO:0005634;GO:0016575",12920132,1.016,-1.061,-1.151,-1.367,-1.671,0.026
889,"MTA1-HDAC core complex",5,4,80,"Q09028, Q13330, Q13547, Q16576, Q92769","GO:0006265;GO:0045892;GO:0006476;GO:0009755;GO:0051276;GO:0005634",12920132,1.044,-1,-1.031,-1.244,-1.562,0.024
905,"KIF3A/B-PAR-3-aPKC-PAR-6 complex",5,2,40,"O15066, P41743, Q8TEW0, Q9NPB6, Q9Y496","GO:0022008;GO:0048699;GO:0030182;GO:0030010",15048131,1.021,-1.147,-1.489,-1.495,-1.31,0.36
915,"SNARE complex (SNAP23, STX1A)",2,1,50,"O00161, Q16623","GO:0006906;GO:0048489;GO:0016079;GO:2001225;GO:0061025;GO:0031201",12209004,NA,NA,NA,NA,NA,NA
918,"PAR3-PAR6-PALS1 complex",3,2,66.67,"Q8N3R9, Q8TEW0, Q9NPB6","GO:0051211;GO:0009798;GO:0007043;GO:0030054",12545177,-1.034,-1.154,-1.18,-1.339,-1.352,0.348
921,"Remodeling and spacing factor (RSF) complex",2,2,100,"O60264, Q96T23","GO:0009117;GO:0006265;GO:0006352;GO:0051276;GO:0005634",9836642,-1.121,-1.102,-1.234,-1.646,-1.9,0.09
923,"SNF2L-RSF1 complex",2,1,50,"P28370, Q96T23","GO:0006265;GO:0051276;GO:0005634",15640247,NA,NA,NA,NA,NA,NA
924,"Toposome",7,6,85.71,"P07910, P11388, Q08211, Q08945, Q6P2Q9, Q96SB4, Q9NR30","GO:0051276;GO:0000278;GO:0051726;GO:0003677;GO:0005634",15034300,-1.07,1.013,-1.038,-1.23,-1.463,0.061
925,"SNF2H-BAZ1A complex",2,1,50,"O60264, Q9NRL2","GO:0006265;GO:0006355;GO:0051276;GO:0005634",10655480,NA,NA,NA,NA,NA,NA
926,"SCRIB-LGL2 complex",2,1,50,"Q14160, Q6P1M3","GO:0051211;GO:0009798;GO:0005886;GO:0005737",16791850,NA,NA,NA,NA,NA,NA
928,"SCRIB-VANGL2 complex",2,1,50,"Q14160, Q9ULK5","GO:0009798;GO:0005886",16791850,NA,NA,NA,NA,NA,NA
929,"CEN complex",37,17,45.95,"O60264, P07199, P11021, P11142, P22087, P35226, P49450, Q02241, Q03188, Q06587, Q08945, Q13185, Q13619, Q15007, Q16531, Q53SF7, Q5T200, Q69YN4, Q6T4P5, Q71F23, Q8N0S6, Q8N1F7, Q8NEM2, Q92620, Q92674, Q96JP5, Q96T23, Q99496, Q9BS16, Q9BU64, Q9BXP5, Q9BZH6, Q9H0H5, Q9H3R5, Q9HC52, Q9NSP4, Q9Y5B9","GO:0000278;GO:0051382;GO:0051225;GO:0007098;GO:0005694",15009096,-1.051,1.003,-1.114,-1.374,-1.568,0.022
930,"SCRIB-GIT1-ARHGEF7 complex",3,3,100,"Q14155, Q14160, Q9Y2X7","GO:0006887;GO:0005886;GO:0007268;GO:0045197",15182672,1.024,1.26,1.284,1.449,1.396,0.124
933,"SCRIB-APC complex",2,1,50,"P25054, Q14160","GO:0051211;GO:0009798;GO:0007043;GO:0030182;GO:0030855;GO:0002009;GO:0007416",16611247,NA,NA,NA,NA,NA,NA
934,"FACT-NEK9 complex",3,3,100,"Q08945, Q8TD19, Q9Y5B9","GO:0006265;GO:0000082;GO:0006354;GO:0006468;GO:0051276;GO:0005634",14660563,-1.097,-1.021,-1.139,-1.529,-2.092,0.024
936,"FACT complex",2,2,100,"Q08945, Q9Y5B9","GO:0006265;GO:0006354;GO:0051276;GO:0005634",10421373,-1.097,-1.021,-1.139,-1.529,-2.092,0.023
938,"FACT complex, UV-activated",5,5,100,"P19784, P67870, P68400, Q08945, Q9Y5B9","GO:0006468;GO:0006974;GO:0009314;GO:0005634",11239457,-1.038,1.012,-1.075,-1.37,-1.707,0.618
943,"Class C VPS complex (STX7, VPS11, VPS18)",3,2,66.67,"O15400, Q9H270, Q9P253","GO:0016192;GO:0005768;GO:0005773;GO:0005764;GO:0005770",11382755,-1.041,-1.113,-1.089,-1.088,-1.008,1
944,"Class C VPS complex (VPS11, VPS16, VPS18)",3,2,66.67,"Q9H269, Q9H270, Q9P253","GO:0016192;GO:0005768;GO:0005773;GO:0005764",11382755,-1.039,-1.007,1.053,1.068,1.072,1
955,"LLGL2-PAR-6B-PRKCI complex",3,1,33.33,"P41743, Q6P1M3, Q9BYG5","GO:0051211;GO:0009798;GO:0007043;GO:0030054",12725730,NA,NA,NA,NA,NA,NA
956,"PAR-3-PAR-6B-PRKCI complex",3,2,66.67,"P41743, Q8TEW0, Q9BYG5","GO:0051211;GO:0009798;GO:0007043;GO:0030054",12725730,1.021,-1.147,-1.489,-1.495,-1.31,0.36
959,"LLGL1-PAR-6B-PRKCI complex",3,1,33.33,"P41743, Q15334, Q9BYG5","GO:0051211;GO:0009798;GO:0007043;GO:0030054",12725730,NA,NA,NA,NA,NA,NA
964,"BRCA1-RAD50-MRE11-NBS1 complex",4,3,75,"O60934, P38398, P49959, Q92878","GO:0006281;GO:0006974;GO:0005634",10426999,-1.142,1.126,1.068,-3.391,-1.317,0.451
974,"EED-EZH2 complex",5,1,20,"O75530, Q09028, Q15022, Q15910, Q6ZN18","GO:0006265;GO:0032774;GO:0018126;GO:0006479;GO:0051276;GO:0005634",12351676,NA,NA,NA,NA,NA,NA
994,"GAA1-GPI8-PIGT-PIG-PIGS complex",5,4,80,"O43292, Q92643, Q969N2, Q96S52, Q9H490","GO:0006644;GO:0008654;GO:0009395;GO:0005886",14660601,10.117,1.09,1.039,8.679,9.356,0.898
996,"Polycomb repressive complex 2/3",5,2,40,"O75530, Q09028, Q15022, Q15910, Q16576","GO:0005634;GO:0016571;GO:0045892;GO:0070734",15099518,1.041,-1.001,-1.136,-1.371,-1.719,0.046
997,"KIN17-PCNA-RPA70 complex",3,2,66.67,"O60870, P12004, P27694","GO:0006260;GO:0000075;GO:0003677;GO:0016363",15831485,-1.044,-1.213,-1.582,-2.343,-3.158,0.046
999,"p23 protein complex",3,3,100,"O75340, P22626, Q15185","GO:0005515;GO:0043067",14675759,1.017,1.229,1.145,1.019,-1.005,0.214
1003,"RC complex (Replication competent complex)",9,4,44.44,"P09884, P20248, P24941, P35249, P35250, P35251, P40937, P40938, Q14181","GO:0006260;GO:0000075;GO:0003677;GO:0005694;GO:0005634",12006500,-1.199,-1.454,-1.957,-5.283,-15.333,0.037
1004,"RC complex, S-phase-specific",13,7,53.85,"P09874, P09884, P11387, P15927, P18858, P20248, P24941, P27694, P28340, P35244, P35250, P35251, Q07864","GO:0005694;GO:0000075;GO:0003677;GO:0006260;GO:0005634",12006500,-1.072,-1.035,-1.166,-2.513,-3.003,0.039
1005,"RC complex during G2/M-phase of cell cycle",13,7,53.85,"P06493, P09874, P09884, P11387, P14635, P15927, P20248, P27694, P28340, P35244, P35250, P35251, Q07864","GO:0006260;GO:0000075;GO:0003677;GO:0005694;GO:0005634",12006500,-1.072,-1.035,-1.166,-2.513,-3.003,0.039
1028,"HNF4A-SUB1 complex",2,1,50,"P41235, P53999","GO:0045893",17317687,NA,NA,NA,NA,NA,NA
1029,"TFIIH transcription factor complex",10,1,10,"P18074, P19447, P32780, P50613, P51946, P51948, Q13888, Q13889, Q6ZYL4, Q92759","GO:0006281;GO:0007049;GO:0006355;GO:0005634",8692842,NA,NA,NA,NA,NA,NA
1030,"CAK-ERCC2 complex",4,1,25,"P18074, P50613, P51946, P51948","GO:0005634;GO:0007049;GO:0051090",8692842,NA,NA,NA,NA,NA,NA
1039,"PCNA-PAF complex",2,1,50,"P12004, Q15004","GO:0006281;GO:0007049;GO:0006915;GO:0005634;GO:0005739",16288740,NA,NA,NA,NA,NA,NA
1041,"Alpha-dystrobrevin-ZO-1-actin complex",3,2,66.67,"P60709, Q07157, Q9Y4J8","GO:0007043;GO:0030054",15834686,-1.026,-1.284,-1.374,-1.341,-1.287,0.147
1042,"SRA-SRC-1 ribonucleoprotein complex",2,1,50,"Q15788, Q9HD15","GO:0045893;GO:0023052;GO:0005634",10199399,NA,NA,NA,NA,NA,NA
1045,"RAN-SNUPN-XPO1 complex",3,3,100,"O14980, O95149, P62826","GO:0005737;GO:0005634;GO:0006611",10209022,1.097,1.14,-1.012,-1.145,-1.25,0.279
1051,"Ubiquitin E3 ligase (SKP1A, SKP2, CUL1, RBX1)",4,3,75,"P62877, P63208, Q13309, Q13616","GO:0016567;GO:0043161;GO:0006511;GO:0005737",10230406,-2.433,-1.057,-2.609,-2.991,-2.982,0.998
1052,"Ubiquitin E3 ligase (FBXW11, SKP1A, CUL1, RBX1)",4,3,75,"P62877, P63208, Q13616, Q9UKB1","GO:0016567;GO:0043161;GO:0006511",10230406,-2.433,-1.057,-2.609,-2.991,-2.982,0.998
1054,"ESR1-RELA-BCL3-NCOA3 complex",4,1,25,"P03372, P20749, Q04206, Q9Y6Q9","GO:2001141;GO:0006355;GO:0023052",16331275,NA,NA,NA,NA,NA,NA
1055,"ZNF198-PML complex",2,1,50,"P29590, Q9UBW7","GO:2001141;GO:0006355;GO:0005634",17027752,NA,NA,NA,NA,NA,NA
1056,"ZNF198-SUMO1 complex",2,1,50,"P63165, Q9UBW7","GO:2001141;GO:0006355;GO:0005634",17027752,NA,NA,NA,NA,NA,NA
1058,"SNX complex (SNX1, SNX6)",2,2,100,"Q13596, Q9UNH7","GO:0000301;GO:0005768",17148574,1.048,1.169,1.097,-1.036,-1.103,0.318
1060,"Retromer complex (SNX1, SNX2, VPS35, VPS29, VPS26B)",5,5,100,"O60749, Q13596, Q4G0F5, Q96QK1, Q9UBQ0","GO:0000301",11102511,-1.002,1.016,-1.005,-1.17,-1.181,0.281
1064,"IFP35-NMI complex",2,1,50,"P80217, Q13287","GO:0043161;GO:0006511",10950963,NA,NA,NA,NA,NA,NA
1068,"12S U11 snRNP",15,7,46.67,"P14678, P62304, P62306, P62308, P62314, P62316, P62318, P67809, Q16560, Q16629, Q6IEG0, Q8N8D1, Q96GM8, Q9BV90, Q9H875","GO:0000398;GO:0006397;GO:0005634",15146077,-1.109,1.042,-1.075,-1.204,-1.254,0.125
1069,"FIF-FGR2 complex",2,1,50,"P09038, Q9BZZ5","GO:0005515",11075807,NA,NA,NA,NA,NA,NA
1079,"P-TEFb.1 complex",2,1,50,"O60563, P50750","GO:0006354;GO:0045893;GO:0005634;GO:0070816",9499409,NA,NA,NA,NA,NA,NA
1085,"DNA repair complex NEIL2-PNK-Pol(beta)-LigIII(alpha)-XRCC1",5,3,60,"O00764, P06746, P18887, P49916, Q969S2","GO:0006281;GO:0003677;GO:0005634",16982218,-1.223,-1.073,-1.234,-1.381,-1.303,0.941
1086,"DNA repair complex NEIL1-PNK-Pol(beta)-LigIII(alpha)-XRCC1",5,3,60,"O00764, P06746, P18887, P49916, Q96FI4","GO:0006281;GO:0003677;GO:0005634",15260972,-1.223,-1.073,-1.234,-1.381,-1.303,0.941
1089,"VAM1-VELI1 complex",2,1,50,"O14910, Q9NZW5","GO:0006461",11311936,NA,NA,NA,NA,NA,NA
1090,"AP1G1-RABEP1 complex",2,2,100,"O43747, Q15276","GO:0016192;GO:0005802",11872161,1.076,-1.068,-1.051,-1.034,-1.027,1
1092,"PCNA-KU antigen complex",3,3,100,"P12004, P12956, P13010","GO:0006281;GO:0003677;GO:0005524;GO:0006974",11239001,-1.031,1.006,-1.202,-1.504,-1.972,0.232
1094,"Frataxin complex",7,5,71.43,"O75964, P10809, P31040, P38646, Q16595, Q9HD34, Q9Y4W6","GO:0005515;GO:0005739",17331979,1.084,1.328,1.488,1.504,1.58,0.12
1097,"eIF3 complex (EIF3S6, EIF3S5, EIF3S4, EIF3S3, EIF3S6IP, EIF3S2, EIF3S9, EIF3S12,  EIF3S10, EIF3S8,  EIF3S1, EIF3S7, PCID1)",13,13,100,"O00303, O15371, O15372, O75821, O75822, P55884, P60228, Q13347, Q14152, Q7L2H7, Q99613, Q9UBQ5, Q9Y262","GO:0006413",17322308,-1.022,-1.228,-1.169,-1.16,-1.204,0.039
1098,"DNA synthesome complex (13 subunits)",13,4,30.77,"P09884, P11387, P11388, P12004, P27694, P28340, P35251, P49005, P49642, P49643, Q14181, Q15054, Q9HCU8","GO:0006260;GO:0005634",9279361,-1.072,-1.185,-1.424,-4.455,-5.877,0.061
1104,"SNX complex (SNX1, SNX1A, TFRC)",3,1,33.33,"P02786, Q13596-1, Q13596-2","GO:0004998;GO:1990459;GO:0015031",9819414,NA,NA,NA,NA,NA,NA
1105,"transcription factor IIIC multisubunit complex",5,3,60,"Q12789, Q8WUA4, Q9UKN8, Q9Y5Q8, Q9Y5Q9","GO:2001141;GO:0006355;GO:0003677;GO:0005634",9660958,1.863,2.321,1.865,-1.258,1.44,0.693
1106,"TFIIIC containing-TOP1-SUB1 complex",7,5,71.43,"P11387, P53999, Q12789, Q8WUA4, Q9UKN8, Q9Y5Q8, Q9Y5Q9","GO:2001141;GO:0006355;GO:0003677;GO:0005634",9660958,1.039,1.143,1.038,-1.241,-1.386,0.07
1107,"DNA synthesome core complex",10,2,20,"P09884, P12004, P28340, P35251, P49005, P49642, P49643, Q14181, Q15054, Q9HCU8","GO:0006260;GO:0005634",9563011,-1.134,-1.349,-1.814,-42.975,-56.976,0.46
1108,"DNA synthesome complex (15 subunits)",15,2,13.33,"P09884, P12004, P18858, P28340, P35251, P49005, P49642, P49643, P56282, Q07864, Q14181, Q15054, Q9HCU8, Q9NR33, Q9NRF9","GO:0006260;GO:0005634",9563011,-1.134,-1.349,-1.814,-42.975,-56.976,0.46
1111,"DNA synthesome complex (17 subunits)",17,4,23.53,"P09884, P11387, P11388, P12004, P27694, P28340, P35251, P49005, P49642, P49643, P56282, Q07864, Q14181, Q15054, Q9HCU8, Q9NR33, Q9NRF9","GO:0006260;GO:0005634",11968016,-1.072,-1.185,-1.424,-4.455,-5.877,0.061
1113,"5S-DNA-TFIIIA-TFIIIC2 subcomplex",6,3,50,"Q12789, Q8WUA4, Q92664, Q9UKN8, Q9Y5Q8, Q9Y5Q9","GO:2001141;GO:0006355;GO:0003677;GO:0005634",12711686,1.863,2.321,1.865,-1.258,1.44,0.693
1114,"5S-DNA-TFIIIA-TFIIIC2-TFIIIB subcomplex",9,3,33.33,"A6H8Y1, P20226, Q12789, Q8WUA4, Q92664, Q92994, Q9UKN8, Q9Y5Q8, Q9Y5Q9","GO:2001141;GO:0006355;GO:0003677;GO:0005634",12711686,1.863,2.321,1.865,-1.258,1.44,0.693
1116,"AURKB-BIRC5-XPO1 complex",3,1,33.33,"O14980, O15392, Q96GD4","GO:0000278;GO:0000775",17099693,NA,NA,NA,NA,NA,NA
1117,"BIRC5-XPO1 complex",2,1,50,"O14980, O15392","GO:0000278;GO:0000775",17099693,NA,NA,NA,NA,NA,NA
1121,"WNK1-OSR1 complex",2,2,100,"O95747, Q9H4A3","GO:0005515;GO:0006970;GO:0007588;GO:0030104;GO:0043575",17190791,1.036,1.159,1.025,-1.011,1.091,1
1123,"WNK1-SPAK complex",2,2,100,"Q9H4A3, Q9UEW8","GO:0006970;GO:0007588;GO:0030104;GO:0043575",17190791,-1.053,1.062,1.082,1.082,1.19,1
1130,"Hip1R-cortactin complex",2,1,50,"O75146, Q14247","GO:0005198;GO:0030048;GO:0005737",17318189,NA,NA,NA,NA,NA,NA
1131,"RFC2-RIalpha complex",2,2,100,"P30153, P35250","GO:0005515",15655353,-1.104,-1.27,-1.471,-1.642,-1.723,1
1132,"RFC2-RIalpha complex",2,2,100,"P30153, P35249","GO:0005515",15655353,-1.064,-1.298,-1.541,-1.755,-2.135,1
1133,"ATR-HDAC2 complex",2,1,50,"Q13535, Q92769","GO:0006265;GO:0006473;GO:0006476;GO:0051276",10545197,NA,NA,NA,NA,NA,NA
1134,"ATR-HDAC2-CHD4 complex",3,2,66.67,"Q13535, Q14839, Q92769","GO:0006265;GO:0000075;GO:0006473;GO:0006476;GO:0006974;GO:0051276;GO:0005634",10545197,-1.006,-1.057,-1.078,-1.307,-1.546,0.09
1141,"CF IIAm complex (Cleavage factor IIAm complex)",16,12,75,"O43809, O60231, O94913, P19447, P23246, P26368, P26599, P49959, Q01081, Q07157, Q14444, Q16630, Q8N684, Q92759, Q92989, Q9UKF6","GO:0031123;GO:0031124;GO:0005634",11060040,-1.128,1.02,-1.06,-1.285,-1.906,0.035
1142,"SMN complex (10 subunits)",10,6,60,"O14893, P14678, P62304, P62306, P62308, P62314, P62316, P62318, Q16637, Q9UHI6","GO:0008380;GO:0032774;GO:0003723;GO:0005737;GO:0005634;GO:0065003",10601333,-1.141,1.048,-1.091,-1.235,-1.251,0.126
1143,"SMN complex (16 subunits)",16,9,56.25,"O14893, P14678, P57678, P62304, P62306, P62308, P62314, P62316, P62318, Q16637, Q8TEQ6, Q8WXD5, Q9H840, Q9NWZ8, Q9UHI6, Q9Y3F4","GO:0008380;GO:0032774;GO:0003723;GO:0005737;GO:0005634;GO:0065003",17178713,-1.115,-1.054,-1.132,-1.258,-1.289,0.342
1144,"Cleavage and polyadenylation factor (CPSF)",5,3,60,"O95639, Q10570, Q6UN15, Q9P2I0, Q9UKF6","GO:0031124;GO:0003723;GO:0005515;GO:0005634;GO:1900363",14749727,-1.113,-1.012,-1.087,-1.3,-1.503,0.136
1146,"Cleavage stimulation factor",3,3,100,"P33240, Q05048, Q12996","GO:0031123;GO:0031124;GO:0003723;GO:0005634",10669729,1.011,1.133,-1.003,-1.153,-1.191,0.392
1147,"Polyadenylation complex (CSTF1, CSTF2, CSTF3, SYMPK CPSF1, CPSF2, CPSF3)",7,6,85.71,"P33240, Q05048, Q10570, Q12996, Q92797, Q9P2I0, Q9UKF6","GO:0031124;GO:0003723;GO:0005634;GO:0006378",10669729,-1.088,-1.014,-1.085,-1.33,-1.443,0.078
1148,"snRNP-free U1A (SF-A) complex",4,4,100,"P09012, P17844, P23246, Q15233","GO:0031123;GO:0031124;GO:0003723;GO:0005634",16373496,-1.032,1.008,-1.056,-1.19,-1.332,0.155
1149,"Histone H3.1 complex",10,5,50,"O14929, P49321, P62805, P68431, Q09028, Q13111, Q13112, Q8TEX9, Q9NVP2, Q9Y294","GO:0005634;GO:0065003",14718166,1.141,-1.008,-1.216,-1.599,-8.348,0.246
1150,"Histone H3.3 complex",9,5,55.56,"O14929, P49321, P54198, P62805, P84243, Q09028, Q8TEX9, Q9NVP2, Q9Y294","GO:0005634;GO:0065003",14718166,1.141,-1.008,-1.216,-1.599,-8.348,0.246
1153,"Integrator complex",12,1,8.33,"Q5TA45, Q68E01, Q6P9B9, Q75QN2, Q8N201, Q96CB8, Q96HW7, Q9H0H0, Q9NV88, Q9NVH2, Q9NVR2, Q9UL03","GO:0006396;GO:0005634",16239144,NA,NA,NA,NA,NA,NA
1155,"Integrator-RNAPII complex",14,3,21.43,"P24928, P30876, Q5TA45, Q68E01, Q6P9B9, Q75QN2, Q8N201, Q96CB8, Q96HW7, Q9H0H0, Q9NV88, Q9NVH2, Q9NVR2, Q9UL03","GO:0006351;GO:0006396;GO:0005634",16239144,-1.018,-1.052,-1.067,-1.217,-1.389,0.177
1160,"ING1-p300-PCNA complex",3,1,33.33,"P12004, Q09472, Q9UK53","GO:0006281;GO:0006265;GO:0000278;GO:0051726;GO:0006473;GO:0051276;GO:0005694",12015309,NA,NA,NA,NA,NA,NA
1162,"Ubiquitin E3 ligase (DDB1, DDB2, CUL4A, CUL4B, RBX1)",5,4,80,"P62877, Q13619, Q13620, Q16531, Q92466","GO:0016567;GO:0006974;GO:0009314;GO:0006511;GO:0000786",16678110,-2.343,-1.186,-2.836,-3.059,-3.226,0.767
1163,"ING1-PCNA complex",2,1,50,"P12004, Q9UK53","GO:0006974;GO:0009314;GO:0008219;GO:0005694",11682605,NA,NA,NA,NA,NA,NA
1165,"RNF20-RNF40-UbE2E1 complex",3,2,66.67,"O75150, P51965, Q5VTR2","GO:2001141;GO:0006355;GO:0016567;GO:0005634;GO:0006511",16307923,-1.143,-1.231,-1.439,-1.621,-1.658,0.16
1166,"p400-associated complex",6,4,66.67,"O96019, P60709, Q96L91, Q9Y230, Q9Y265, Q9Y4A5","GO:0051276;GO:0006265;GO:0005515;GO:0005634",11509179,-1.015,-1.021,-1.116,-1.259,-1.339,0.03
1167,"Paf complex",5,4,80,"Q6P1J9, Q6PD62, Q8N7H5, Q8WVC0, Q9GZS3","GO:0006351;GO:0005634",16307923,-1.159,-1.282,-1.373,-2.092,-1.797,0.549
1168,"SKI complex",3,3,100,"Q15477, Q6PGP7, Q9GZS3","GO:2001141;GO:0006355;GO:0005737;GO:0005634;GO:0043488",16024656,-1.023,1.005,1.017,-1.042,-1.075,0.366
1169,"SNARE complex (SNAP23, STX4, VAMP3)",3,3,100,"O00161, Q12846, Q15836","GO:0006906;GO:0048489;GO:0016079;GO:0031201;GO:0061025",12130530,-1.048,1.094,1.004,-1.132,-1.265,0.745
1171,"c-MYC-ATPase-helicase complex",5,3,60,"O96019, P01106, Q9Y230, Q9Y265, Q9Y4A5","GO:0051276;GO:0006355;GO:0006473;GO:0003677;GO:0005634",11839798,-1.011,-1.008,-1.109,-1.27,-1.363,0.029
1172,"CBC complex (cap binding complex)",2,2,100,"P52298, Q09161","GO:0003723;GO:0050658;GO:0051033;GO:0051169;GO:0005634",10786834,-1.03,1.06,1.037,-1.127,-1.397,0.128
1173,"TIP49-TIP48-BAF53 complex",3,3,100,"O96019, Q9Y230, Q9Y265","GO:0051276;GO:0005634",11839798,-1.011,-1.008,-1.109,-1.27,-1.363,0.029
1174,"PHAX-CBC complex (cap binding complex)",3,3,100,"P52298, Q09161, Q9H814","GO:0003723;GO:0050658;GO:0051033;GO:0051169;GO:0005737;GO:0005634",10786834,-1.071,-1.056,-1.14,-1.331,-1.605,0.162
1175,"TRRAP-BAF53-HAT complex",2,1,50,"O96019, Q9Y4A5","GO:0006265;GO:2001141;GO:0006355;GO:0006473;GO:0051276;GO:0005634",11839798,NA,NA,NA,NA,NA,NA
1176,"NCBP1-NCBP2-PHAX-RAN-XPO1 complex",5,5,100,"O14980, P52298, P62826, Q09161, Q9H814","GO:0005737;GO:0005634;GO:0051168;GO:0050658",10786834,-1.001,1.035,-1.035,-1.176,-1.361,0.126
1178,"BCOR complex",8,3,37.5,"P11142, P63208, Q06587, Q6W2J9, Q8N488, Q8NHM5, Q99496, Q9BSM1","GO:0016567;GO:0005634;GO:0006511;GO:0006351;GO:0016577",16943429,1.1,1.021,1.003,-1.175,-1.202,0.622
1181,"C complex spliceosome",80,62,77.5,"O43290, O43390, O43660, O60306, O60506, O60508, O75533, O75643, O94906, O95391, O95926, P07910, P08579, P09651, P09661, P11940, P14678, P17844, P22626, P31943, P38159, P38919, P42285, P51991, P52272, P52597, P61326, P61978, P62304, P62306, P62308, P62310, P62314, P62316, P62318, Q00839, Q01081, Q07955, Q12874, Q13435, Q13523, Q13573, Q14331, Q14562, Q15029, Q15393, Q15428, Q15459, Q6NZY4, Q6P2Q9, Q6UX04, Q86V81, Q8IYB3, Q8WUQ7, Q92620, Q96BP3, Q96DF8, Q96DI7, Q99459, Q9BRR8, Q9BRX9, Q9BUQ8, Q9BZJ0, Q9H2H8, Q9H307, Q9H5Z1, Q9HCG8, Q9HCS7, Q9NW64, Q9P013, Q9UBB9, Q9UJV9, Q9UKM9, Q9ULR0, Q9UMS4, Q9UNP9, Q9UQ35, Q9Y333, Q9Y3C6, Q9Y5S9","GO:0000398;GO:0005681",11991638,-1.087,1.063,-1.029,-1.186,-1.406,0.009
1182,"CDC5L core complex",6,6,100,"O43660, O75934, P11142, Q92616, Q99459, Q9UMS4","GO:0008380;GO:0003723;GO:0005634",11101529,-1.07,-1.03,-1.027,-1.179,-1.24,0.116
1183,"CDC5L complex",30,25,83.33,"A8K8P3, O15297, O43660, O75533, O75934, P09012, P09661, P11142, P11388, P15884, P23246, P38159, P62136, P62314, P62316, P62318, P78527, Q01130, Q07955, Q12905, Q13435, Q14204, Q15427, Q7L1Q6, Q8IYB3, Q92616, Q99459, Q9P013, Q9UMS4, Q9UPN6","GO:0008380;GO:0003723;GO:0005634",11101529,-1.032,1.094,1.013,-1.12,-1.247,0.042
1186,"ESCRT-III complex",10,7,70,"O43633, Q7LBR1, Q96CF2, Q96FZ7, Q9BY43, Q9H444, Q9HD42, Q9NZZ3, Q9UQN3, Q9Y3E7","GO:0006886;GO:0006605;GO:0015031;GO:0016192;GO:0005737",14519844,-1.054,-1.195,-1.295,-1.386,-1.329,0.603
1187,"ESCRT-II complex",3,3,100,"Q86VN1, Q96H20, Q9BRG1","GO:0006886;GO:0006605;GO:0015031;GO:0016192;GO:0005737",14519844,1.083,-1.15,-1.051,1.387,1.561,0.149
1189,"DNA double-strand break end-joining complex",7,6,85.71,"O60934, P12956, P13010, P49917, P49959, Q13426, Q92878","GO:0006281;GO:0003677;GO:0006974;GO:0005634",11809878,-1.07,1.145,1.074,-1.64,-1.253,0.372
1190,"NCBP-NIP1 complex",2,1,50,"Q09161, Q96P71","GO:0005634;GO:0000339",7478990,NA,NA,NA,NA,NA,NA
1191,"RNA pol II containing coactivator complex Tat-SF",5,4,80,"O00267, O43719, P19338, P24928, P50750","GO:2001141;GO:0006355;GO:0003677;GO:0005634",10393184,1.008,1.018,-1.055,-1.165,-1.384,0.135
1192,"ESCRT-I complex",3,2,66.67,"A5D8V6, Q99816, Q9UK41","GO:0006886;GO:0006605;GO:0015031;GO:0016192;GO:0005737;GO:0005783",15509564,1.001,1.159,1.195,1.241,1.326,0.182
1193,"Rap1 complex",7,5,71.43,"P09874, P12956, P13010, P49959, Q15554, Q92878, Q9NYB0","GO:0003677;GO:0006974;GO:0051276;GO:0005634",15100233,-1.047,1.177,1.092,-1.121,-1.31,0.017
1194,"E2F-6 complex",12,2,16.67,"O75461, O75712, P61244, Q06587, Q14186, Q8IWI9, Q8IY57, Q969R5, Q96KQ7, Q99496, Q9BYE7, Q9H9B1","GO:0045892;GO:0003677;GO:0005634;GO:0051567",12004135,1.051,1.183,1.074,-1.118,-1.342,0.215
1195,"Exon junction complex (mRNA splicing-dependent)",2,2,100,"Q6P2Q9, Q8IYB3","GO:0008380;GO:0003723;GO:0005634",10809668,-1.017,1.078,1.071,-1.106,-1.389,0.087
1199,"Oligosaccharyltransferase complex (Stt3A variant)",6,6,100,"P04843, P04844, P39656, P46977, P61803, Q9H0U3","GO:0006487;GO:0005783",12887896,1.078,1.029,1.055,1.115,1.157,0.184
1200,"Oligosaccharyltransferase complex (Stt3B variant)",7,6,85.71,"P04843, P04844, P39656, P61803, Q13454, Q8TCJ2, Q9H0U3","GO:0006487;GO:0005783",12887896,1.352,1.292,1.325,1.403,1.454,0.182
1204,"Rap1 complex",7,1,14.29,"P54274, Q15554, Q92878, Q96AP0, Q9BSI4, Q9NUX5, Q9NYB0","GO:0003677;GO:0051276;GO:0005634",15316005,NA,NA,NA,NA,NA,NA
1211,"Ubiquitin E3 ligase (AHR, ARNT, DDB1, TBL3, CUL4B, RBX1)",6,4,66.67,"P27540, P35869, P62877, Q12788, Q13620, Q16531","GO:0016567;GO:0043161;GO:0006511;GO:0023052;GO:0005634",17392787,-6.588,-1.256,-7.679,-7.565,-8.319,0.86
1214,"Ubiquitin E3 ligase (DET1, DDB1, CUL4A, RBX1, COP1)",5,3,60,"P62877, Q13619, Q16531, Q7L5Y6, Q8NHY2","GO:0016567;GO:0043161;GO:0006511;GO:0023052;GO:0005634",14739464,-19.603,-1.435,-23.806,-23.334,-24.321,1
1215,"Ubiquitin E3 ligase (FBXW7, CUL1, SKP1A, RBX1)",4,3,75,"P62877, P63208, Q13616, Q969H0","GO:0016567;GO:0043161;GO:0006511;GO:0007219;GO:0023052",11585921,-2.433,-1.057,-2.609,-2.991,-2.982,0.998
1220,"TRF2-Ku complex",3,2,66.67,"P12956, P13010, Q15554","GO:0003677;GO:0051276;GO:0005634",10984620,1.024,1.16,1.089,-1.004,-1.158,0.217
1223,"H2AX complex, isolated from cells without IR exposure",13,10,76.92,"O43390, P05455, P06748, P0DP23, P11021, P11940, P16104, P27797, P62805, Q08945, Q8N257, Q9Y262, Q9Y5B9","GO:0006265;GO:0000075;GO:0006354;GO:0051276;GO:0005634",16522924,-1.06,-1.063,-1.115,-1.345,-1.59,0.245
1224,"Ubiquitin E3 ligase (BMI1, SPOP, CUL3)",3,1,33.33,"O43791, P35226, Q13618","GO:0009048;GO:0016567;GO:0005634;GO:0006511",15897469,NA,NA,NA,NA,NA,NA
1225,"Ubiquitin E3 ligase (H2AFY, SPOP, CUL3)",3,2,66.67,"O43791, O75367, Q13618","GO:0009048;GO:0016567;GO:0005634;GO:0006511",15897469,1.172,1.46,1.501,1.422,1.4,0.229
1226,"H2AX complex I",7,5,71.43,"P06748, P09874, P11021, P16104, P27797, Q7L2E3, Q8N257","GO:0006281;GO:0006265;GO:0000075;GO:0006354;GO:0006974;GO:0051276;GO:0005634",16522924,-1.113,1.065,1.006,-1.284,-1.462,0.379
1227,"H2AX complex II",10,6,60,"P06748, P11021, P16104, P16989, P27797, P33778, P62805, Q8N257, Q96EY7, Q99879","GO:0006281;GO:0006265;GO:0000075;GO:0006354;GO:0006974;GO:0051276;GO:0005634",16522924,1.204,-1.02,1.13,1.38,1.443,0.926
1230,"WINAC complex",14,9,64.29,"O14497, O96019, P11473, P51531, P51532, Q02880, Q12824, Q13111, Q8TAQ2, Q92922, Q969G3, Q96GM5, Q9UIG0, Q9Y5B9","GO:0006260;GO:0006265;GO:0000084;GO:2001141;GO:0006355;GO:0051276;GO:0005634;GO:0005102",12837248,-1.066,-1.123,-1.255,-2.464,-4.125,0.121
1231,"FIB-associated protein complex",6,4,66.67,"O14744, P22087, Q07021, Q71U36, Q99873, Q9H4B7","GO:0006364;GO:0000154;GO:0042254;GO:0005634",14583623,1.049,1.207,1.298,1.265,1.242,0.419
1232,"REST-CoREST-mSIN3A complex",3,1,33.33,"Q13127, Q96ST3, Q9UKL0","GO:0045892;GO:0022008;GO:0048699;GO:0030182;GO:0007399;GO:0005634",10734093,NA,NA,NA,NA,NA,NA
1233,"CoREST-HDAC2 complex",2,2,100,"Q92769, Q9UKL0","GO:0006265;GO:0045892;GO:0006476;GO:0051276;GO:0005634",11516394,21.263,21.582,1.008,-1.142,-1.24,0.768
1237,"BAF complex",9,6,66.67,"O14497, O96019, P51531, P51532, Q12824, Q8TAQ2, Q92922, Q969G3, Q96GM5","GO:0006265;GO:0045893;GO:0003677;GO:0051276;GO:0005634",11073988,-1.108,-1.215,-1.35,-3.392,-6.412,0.169
1238,"PBAF complex (Polybromo- and BAF containing complex)",9,5,55.56,"O96019, P51532, Q12824, Q68CP9, Q86U86, Q8TAQ2, Q92922, Q969G3, Q96GM5","GO:0006265;GO:0045893;GO:0003677;GO:0009755;GO:0023052;GO:0051276;GO:0005694",11780067,-1.104,-1.197,-1.336,-1.658,-3.207,0.039
1239,"EBAFb complex",10,5,50,"O96019, P51532, Q03111, Q12824, Q8NFD5, Q8TAQ2, Q92922, Q92925, Q969G3, Q96GM5","GO:0006265;GO:0045893;GO:0003677;GO:0051276;GO:0005694",12665591,-1.104,-1.197,-1.336,-1.658,-3.207,0.039
1243,"Ubiquitin E3 ligase (SPOP, DAXX, CUL3)",3,2,66.67,"O43791, Q13618, Q9UER7","GO:2001141;GO:0006355;GO:0016567;GO:0043161;GO:0006511;GO:0043067;GO:0005634",16524876,1.061,1.145,1.07,-1.02,-1.042,1
1245,"Protein phosphatase 4 complex",2,2,100,"P60510, Q9NY27","GO:0006470;GO:0005813;GO:0000226",10769191,1.006,-1.04,-1.019,-1.175,-1.166,1
1248,"Apoptosome",2,1,50,"O14727, P99999","GO:0006915;GO:0005737",16271896,NA,NA,NA,NA,NA,NA
1251,"BAF complex",8,5,62.5,"O14497, O96019, P51531, Q12824, Q8TAQ2, Q92922, Q969G3, Q96GM5","GO:0006265;GO:0045893;GO:0003677;GO:0051276;GO:0005694",12665591,-1.122,-1.234,-1.347,-3.969,-8.603,0.244
1252,"EBAFa complex",10,6,60,"O14497, O96019, P51532, Q03111, Q12824, Q8TAQ2, Q92922, Q92925, Q969G3, Q96GM5","GO:0006265;GO:0045893;GO:0003677;GO:0051276;GO:0005694",12665591,-1.108,-1.215,-1.35,-3.392,-6.412,0.169
1254,"Menin-associated histone methyltransferase complex",7,4,57.14,"O00255, P30876, P61964, Q15291, Q9C005, Q9UBL3, Q9UMN6","GO:0006265;GO:0006349;GO:0045893;GO:0018126;GO:0006479;GO:0051276;GO:0030154;GO:0005634",14992727,-1.053,1.006,1.002,-1.302,-1.594,0.12
1255,"Ubiquitin E3 ligase (SIAH1, SIP, SKP1A, TBL1X)",4,2,50,"O60907, P63208, Q8IUQ4, Q9HB71","GO:0016567;GO:0043161;GO:0006511;GO:0023052",11389839,1.04,-1.054,-1.042,-1.134,-1.18,1
1256,"MLL-HCF complex",7,3,42.86,"O00255, P05546, P51610, P61964, Q03164, Q15291, Q9UBL3","GO:0006265;GO:0006349;GO:2001141;GO:0006355;GO:0018126;GO:0006479;GO:0051276;GO:0005634",15199122,-1.117,1.039,1.017,-1.239,-1.75,0.068
1257,"ALL-1 supercomplex",28,14,50,"O00422, O60264, O60341, O75446, O94776, O95983, P20226, P21675, P49848, P51531, P61964, P62826, Q03164, Q09028, Q12824, Q12873, Q13547, Q15029, Q15291, Q16514, Q16576, Q16594, Q8TAQ2, Q92769, Q92797, Q92922, Q96ST3, Q9P2I0","GO:0006265;GO:2001141;GO:0006355;GO:0006476;GO:0018126;GO:0006479;GO:0051276;GO:0005634",12453419,-1.027,-1.096,-1.17,-1.397,-2.425,0.238
1258,"Ubiquitin E3 ligase (GLMN, FBXW8, SKP1A, RBX1)",4,2,50,"P62877, P63208, Q8N3Y1, Q92990","GO:0016567;GO:0043161;GO:0006511;GO:0001570",12904573,-20.559,-1.332,-25.178,-25.754,-26.354,1
1259,"Chromatin assembly complex (CAF-1 complex)",3,1,33.33,"Q09028, Q13111, Q13112","GO:0006260;GO:0006265;GO:0000084;GO:0051276;GO:0005634",7600578,NA,NA,NA,NA,NA,NA
1260,"Neddylin ligase (FBXO11, SKP1, CUL1, RBX1)",4,3,75,"P62877, P63208, Q13616, Q86XK2","GO:0000338;GO:0016925;GO:0016926;GO:0045116;GO:0051090;GO:0005634;GO:0036211",17098746,-2.433,-1.057,-2.609,-2.991,-2.982,0.998
1261,"SRm160/300 complex",5,5,100,"P08621, P09661, P62995, Q8IYB3, Q9UQ35","GO:0008380;GO:0003723;GO:0005634",10339552,-1.06,1.111,1.04,-1.153,-1.394,0.061
1287,"HNRPF-HNRPH1 complex",2,2,100,"P31943, P52597","GO:0008380;GO:0003723;GO:0005634",9858532,1.034,1.166,1.031,-1.087,-1.283,0.129
1288,"DCS complex (PTBP1, PTBP2, HNRPH1, HNRPF)",4,3,75,"P26599, P31943, P52597, Q9UKA9","GO:0043484;GO:0048024;GO:0003723;GO:0005634",11003644,-1.03,1.051,-1.096,-1.304,-1.542,0.188
1293,"IPO13-RBM8A-MAGOH complex",3,1,33.33,"O94829, P61326, Q9Y5S9","GO:0050658;GO:0051033;GO:0051169;GO:0005634",11447110,NA,NA,NA,NA,NA,NA
1296,"DCP1A-DCP2 Decapping complex",2,1,50,"Q8IU60, Q9NPI6","GO:0006401;GO:0005737",12417715,NA,NA,NA,NA,NA,NA
1297,"MKK4-ARRB2-ASK1 complex",3,1,33.33,"P32121, P45985, Q99683","GO:0007254;GO:0000165",11090355,NA,NA,NA,NA,NA,NA
1298,"MKK4-ARRB2-JNK3 complex",3,1,33.33,"P32121, P45985, P53779","GO:0007254;GO:0000165",11090355,NA,NA,NA,NA,NA,NA
1306,"HNRNPD (p45)-PIN1 complex",2,1,50,"Q13526, Q14103-1","GO:0005125;GO:0005737;GO:0032604",16273101,NA,NA,NA,NA,NA,NA
1307,"Multiprotein bridging complex (translationally coupled mRNA turnover)",5,5,100,"O60506, O75534, P11940, Q14103, Q9H074","GO:0006401;GO:0005737",11051545,-1.074,-1.354,-1.257,-1.335,-1.438,0.186
1308,"EIF4G1-HSP70-HSPA8-HNRNPD-PABPC1 complex",5,4,80,"P11142, P11940, Q04637, Q14103, Q59EJ3","GO:0006401",10205060,-1.042,-1.389,-1.287,-1.282,-1.345,0.05
1317,"ATF7-TAF12 complex",2,1,50,"P17544, Q16514","GO:0045893",15735663,NA,NA,NA,NA,NA,NA
1332,"Large Drosha complex",20,18,90,"O00571, O14979, O43143, P17844, P31943, P35637, P52272, Q00839, Q01844, Q12905, Q12906, Q13148, Q8WYQ5, Q92499, Q92804, Q92841, Q96SB4, Q9BUJ2, Q9NRR4, Q9UKM9","GO:0006396;GO:0003723;GO:0005634",15531877,1.032,1.182,1.127,-1.004,-1.136,0.198
1335,"SNW1 complex",18,16,88.89,"O75643, O95071, P07437, P11021, P17858, P23246, P26641, P43243, P43246, P68104, Q00839, Q13573, Q15029, Q16531, Q6P2Q9, Q99459, Q9BUQ8, Q9UG63","GO:0045893;GO:0008380;GO:0005634",12840015,-1.052,1.026,-1.031,-1.187,-1.352,0.022
1347,"NPC subcomplex (NUP96, NUP107, NUP133, NUP160)",4,4,100,"P52948, P57740, Q12769, Q8WUM0","GO:0000278;GO:0015031;GO:0006810;GO:0051169;GO:0000775;GO:0005643",11564755,1.02,1.096,1.089,-1.048,-1.285,0.147
1348,"GLE1-NUPL2-NUP155 complex",3,1,33.33,"O15504, O75694, Q53GS7","GO:0006886;GO:0006605;GO:0015031",16000379,NA,NA,NA,NA,NA,NA
1377,"hASC-1 complex",4,3,75,"Q15650, Q8N3C0, Q8N9N2, Q9H1I8","GO:0045893;GO:0023052;GO:0005634",12077347,-1.018,-1.246,-5.752,-6.708,-6.9,0.422
1379,"GALNS-lysosomal hydrolase 1.27 MDa complex",4,4,100,"P10619, P16278, P34059, Q99519","GO:0005976;GO:0005764",8910459,2.371,3.976,4.349,4.106,3.262,0.029
1380,"Elongator holo complex",4,2,50,"O95163, Q6IA86, Q96EB1, Q9H9T3","GO:0006354;GO:0006473;GO:0006476;GO:0005634",11714725,-1.096,-1.219,-1.274,-1.345,-1.509,0.792
1387,"TTP-AGO2 complex",2,1,50,"P26651, Q9UKV8","GO:0006402;GO:0061157",15766526,NA,NA,NA,NA,NA,NA
1399,"WDR5-ASH2L-RBBP5-MLL2 complex",4,2,50,"O14686, P61964, Q15291, Q9UBL3","GO:0045893;GO:0018126;GO:0006479;GO:0005634",15960974,-1.02,1.246,1.319,-1.018,-1.418,1
1400,"ASCOM complex",7,2,28.57,"O14686, P07437, P68366, Q14686, Q15291, Q8NEZ4, Q9UBL3","GO:0006265;GO:0045893;GO:0003677;GO:0051276;GO:0005634",12482968,-1.07,-1.024,-1.148,-1.431,-1.815,0.151
1401,"MOF complex",10,1,10,"O14686, O15047, P21675, P49848, P61964, Q03164, Q15291, Q16594, Q99496, Q9H7Z6","GO:0005634",15960975,NA,NA,NA,NA,NA,NA
1413,"NCOR1 complex",10,6,60,"O15379, O75376, P51532, Q12824, Q13263, Q15393, Q15459, Q6ZRS2, Q8TAQ2, Q92922","GO:0006265;GO:0045892;GO:0032774;GO:0006476;GO:0051276;GO:0005634",11013263,-1.082,-1.112,-1.193,-1.371,-2.925,0.075
1448,"LIN2-LIN7-SAP97 complex",3,2,66.67,"O14910, O14936, Q12959","GO:0006886;GO:0006605;GO:0015031;GO:0051211;GO:0009798;GO:0030855;GO:0002009",11865057,19.989,21.314,21.72,20.597,20.869,1
1452,"MCM2-MCM6-MCM7 complex",3,3,100,"P33993, P49736, Q14566","GO:0006260;GO:0005634",15448696,-1.141,-1.773,-3.162,-6.336,-13.855,0.003
1458,"SNF2h-HDAC12 complex",2,2,100,"O60264, Q92769","GO:0051052;GO:0006473;GO:0006476;GO:0051276",15775975,1.003,-1.086,-1.155,-1.516,-1.806,0.093
1462,"hPRC1L complex",4,1,25,"P35226, Q06587, Q8IXK0, Q99496","GO:0006304;GO:0009307;GO:0032774;GO:0016567;GO:0005634",15386022,NA,NA,NA,NA,NA,NA
1464,"Mis12 centromere complex",6,1,16.67,"O95229, P45973, Q6P1K2, Q96IY1, Q9H081, Q9H410","GO:0007059;GO:0000775",15502821,NA,NA,NA,NA,NA,NA
1488,"DNMT1-RB1-HDAC1-E2F1 complex",4,1,25,"P06400, P26358, Q01094, Q13547","GO:0045892",10888886,NA,NA,NA,NA,NA,NA
1490,"DAXX-DNMT1-DMAP1 complex",3,2,66.67,"P26358, Q9NPF5, Q9UER7","GO:0045892",14978102,-1.206,-1.895,-1.809,-3.09,-3.051,0.381
1491,"RGS6-DNMT1-DMAP1 complex",3,1,33.33,"P26358, P49758, Q9NPF5","GO:2001141;GO:0006355",14734556,NA,NA,NA,NA,NA,NA
1492,"BHC110 complex",10,3,30,"O60341, O75362, Q13547, Q14687, Q92618, Q92769, Q96BD5, Q9P0W2, Q9UBW7, Q9UKL0","GO:0006265;GO:0006473;GO:0006476;GO:0018126;GO:0006479;GO:0005634",16079794,2.537,2.297,-1.234,-1.344,-1.627,0.535
1495,"PID complex",5,3,60,"O94776, O95983, Q09028, Q13547, Q14839","GO:0006473;GO:0006476;GO:0051090;GO:0005634;GO:0036211",11099047,1.027,-1.075,-1.169,-1.328,-1.646,0.044
1505,"NCOR2 complex",7,2,28.57,"O15379, O75376, O75446, Q13547, Q92769, Q96ST3, Q9Y618","GO:0006265;GO:0045892;GO:0032774;GO:0006476;GO:0051276;GO:0005634",11013263,-1.13,-1.089,-1.065,-1.442,-1.687,0.199
1519,"IL6ST-PRKCD-STAT3 complex",3,1,33.33,"P40189, P40763, Q05655","GO:0070103",12361954,NA,NA,NA,NA,NA,NA
1520,"STAT3-NLK-MAP3K7 complex",3,2,66.67,"O43318, P40763, Q9UBE8","GO:0007165;GO:0005634",15764709,1.124,1.103,1.243,1.28,1.264,1
1521,"p300-SMAD1-STAT3 complex",3,2,66.67,"P40763, Q09472, Q15797","GO:0045893;GO:0007167;GO:0048708",10205054,1.085,1.41,1.525,1.557,1.619,0.405
1522,"STAT3 homodimer complex",1,1,100,"P40763","GO:2001141;GO:0006355;GO:0003677",15653507,NA,NA,NA,NA,NA,NA
1530,"Girdin homo-oligomer complex",1,1,100,"Q3V6T2","GO:0030036;GO:0048870",16139227,NA,NA,NA,NA,NA,NA
1539,"G protein complex (GNG2, GNB2L1, RAF1)",3,3,100,"P04049, P59768, P63244","GO:0007186;GO:0004674",7782277,1.046,1.058,1.104,-23.915,-1.482,1
1543,"PPP2CA-PPP2R1A complex",2,1,50,"P30153, P67775","GO:0030234;GO:0050790",12370081,NA,NA,NA,NA,NA,NA
1544,"PPP2CA-PPP2R1A-PPP2R3A complex",3,1,33.33,"P30153, P67775, Q06190","GO:0030234;GO:0050790",12506124,NA,NA,NA,NA,NA,NA
1551,"IPO13-RAN-EIF1AX complex",3,1,33.33,"O94829, P47813, P62826","GO:0015031;GO:0051169;GO:0005737;GO:0005634;GO:0140318",11447110,NA,NA,NA,NA,NA,NA
1552,"TNPO2-RAN-NXF1 complex",3,3,100,"O14787, P62826, Q9UBU9","GO:0003723;GO:0005737;GO:0005634;GO:0006405",12384575,1.201,1.135,1.084,-1.003,-1.094,0.801
1554,"KPNB1-RAN-RANBP1complex",3,3,100,"P43487, P62826, Q14974","GO:0015031;GO:0051169;GO:0005737;GO:0140318",10037787,1.135,-1.005,-1.087,-1.149,-1.332,0.147
1571,"Vigilin-DNA-PK-Ku antigen complex",4,4,100,"P12956, P13010, P78527, Q00341","GO:0007059;GO:0006468;GO:0003723;GO:0005694",15723802,1.023,1.204,1.132,1.014,-1.131,0.103
1612,"G protein complex (GNAS, GNB1, GNG2)",3,3,100,"P59768, P62873, P63092","GO:0005834;GO:0007186",15782186,-1.024,1.504,1.46,1.045,1.015,0.171
1614,"G protein complex (GNB1, GNG2, MCF2)",3,2,66.67,"P10911, P59768, P62873","GO:0007186;GO:0005834",10518015,-1.069,1.601,1.552,-1.01,1.003,0.29
1615,"G protein complex (BTK, GNG1, GNG2)",3,2,66.67,"P59768, P62873, Q06187","GO:0007186;GO:0030154;GO:0005834",7972043,-1.069,1.601,1.552,-1.01,1.003,0.29
1617,"G protein complex (CACNA1A, GNB1, GNG2)",3,2,66.67,"O00555, P59768, P62873","GO:0007186",9238069,-1.069,1.601,1.552,-1.01,1.003,0.29
1618,"G protein complex (GNB1, GNG2, PTHR1)",3,2,66.67,"P59768, P62873, Q03431","GO:0007186",16099817,-1.069,1.601,1.552,-1.01,1.003,0.29
1619,"G protein complex (HDAC5, GNB1, GNG2)",3,2,66.67,"P59768, P62873, Q9UQL6","GO:0045892;GO:0007186",16221676,-1.069,1.601,1.552,-1.01,1.003,0.29
1620,"G protein complex (HDAC4, GNB1, GNG2)",3,3,100,"P56524, P59768, P62873","GO:0045892;GO:0007186",16221676,-1.091,3.524,3.445,2.554,2.91,0.703
1633,"CyclinD1-CDK4-CDK6 complex",3,2,66.67,"P11802, P24385, Q00534","GO:0000278;GO:0000082;GO:0035556;GO:0007519",8930396,1.006,-1.966,-1.925,-2.534,-2.715,0.091
1634,"CyclinD1-CDK4-p21 complex",3,1,33.33,"P11802, P24385, P38936","GO:0007050;GO:0035556",9467962,NA,NA,NA,NA,NA,NA
1642,"p16-cyclin D2-CDK4 complex",3,2,66.67,"P11802, P30279, P42771","GO:0000278;GO:0051726;GO:0035556",7739547,-1.007,-1.225,-1.491,-1.742,-2.034,0.053
1695,"SCAMP1-SCAMP2 complex",2,1,50,"O15126, O15127","GO:0015031;GO:0006892;GO:0016192;GO:0140318",9224770,NA,NA,NA,NA,NA,NA
1728,"CTCF-nucleophosmin-PARP-HIS-KPNA-LMNA-TOP complex",9,5,55.56,"O00505, P02545, P06748, P09874, P0C0S5, P11388, P49711, P52294, Q6FI13","GO:2001141;GO:0006355;GO:0005634",14759373,-1.094,-1.016,-1.088,-1.279,-1.392,0.526
1729,"TLE1 corepressor complex (MASH1 promoter-corepressor complex)",10,9,90,"P06748, P09874, P19338, P34932, P35580, P60709, Q02880, Q04724, Q15233, Q92878","GO:0045892;GO:0005515;GO:0003677;GO:0051090;GO:0030182;GO:0005634",15607978,1.01,1.173,1.108,-1.111,-1.277,0.114
1731,"PRMT1 complex",1,1,100,"Q99873","GO:0018126;GO:0006479;GO:0005634",11152681,NA,NA,NA,NA,NA,NA
1734,"SF3A1-SF3A2-SF3A3 complex",3,3,100,"Q12874, Q15428, Q15459","GO:0008380;GO:0005634",11533230,-1.052,1.03,-1.069,-1.149,-1.36,0.093
1737,"SF3b complex",8,8,100,"O75533, Q13435, Q15393, Q15427, Q7RTV0, Q86XP3, Q9BWJ5, Q9Y3B4","GO:0008380;GO:0005634",12234937,-1.013,1.053,-1.015,-1.121,-1.292,0.092
1743,"(E.F.G) complex",3,2,66.67,"P62304, P62306, P62308","GO:0005634;GO:0000387",9020971,-1.245,-1.018,-1.182,-1.378,-1.316,0.235
1745,"SMN complex",15,9,60,"O14893, P09012, P14678, P57678, P62304, P62306, P62308, P62314, P62316, P62318, P63162, Q8TEQ6, Q8WXD5, Q9H840, Q9UHI6","GO:0008380;GO:0032774;GO:0003723;GO:0005737;GO:0005634;GO:0065003",11748230,-1.089,1.047,-1.075,-1.212,-1.223,0.073
1746,"SMN containing complex",8,7,87.5,"O14893, P09382, P17931, P57678, P62314, P62316, P62318, Q16637","GO:0008380;GO:0032774;GO:0003723;GO:0005634;GO:0065003",11522829,-1.04,1,-1.117,-1.261,-1.359,0.259
1749,"SMN-PolII-RHA complex",10,6,60,"O14893, P08579, P14678, P20226, P24928, P57678, P63162, Q00403, Q08211, Q9UHI6","GO:0008380;GO:0032774;GO:0003723;GO:0005737;GO:0005634;GO:0065003",11149922,-1.02,-1.011,-1.073,-1.47,-1.271,0.469
1750,"PPP4C-PPP4R2-Gemin3-Gemin4 complex",4,3,75,"P57678, P60510, Q9NY27, Q9UHI6","GO:0006470;GO:0005634",12668731,-1.021,-1.31,-1.241,-1.456,-1.452,0.4
1751,"SMN complex",10,5,50,"O14893, P09012, P14678, P57678, Q16637, Q8TEQ6, Q8WXD5, Q9H840, Q9UHI6, Q9Y3F4","GO:0008380;GO:0032774;GO:0003723;GO:0006811;GO:0050658;GO:0051033;GO:0051169;GO:0005737;GO:0005634;GO:0065003",15494309,-1.044,-1.344,-1.213,-1.276,-1.359,0.511
1752,"SMN complex",7,3,42.86,"O14893, P57678, Q16637, Q8TEQ6, Q8WXD5, Q9H840, Q9UHI6","GO:0008380;GO:0032774;GO:0003723;GO:0005737;GO:0005634;GO:0065003",12065586,-1.048,-1.486,-1.245,-1.338,-1.418,0.425
1760,"TOP1-PSF-P54 complex",3,3,100,"P11387, P23246, Q15233","GO:0008380;GO:0005634",9756848,-1.018,1.037,-1.019,-1.191,-1.468,0.037
1767,"CPSF6-ITCH-NUDT21-POLR2A-UBAP2L complex",5,5,100,"O43809, P24928, Q14157, Q16630, Q96J02","GO:0006351;GO:0006396;GO:0001817",16055720,-1.128,1.104,-1.023,-1.217,-1.386,0.058
1768,"CPSF6-EWSR1-ITCH-NUDT21-POLR2A-UBAP2L complex",6,6,100,"O43809, P24928, Q01844, Q14157, Q16630, Q96J02","GO:0001817;GO:0006396;GO:0006351",16055720,-1.113,1.117,-1.001,-1.184,-1.355,0.064
1769,"CPSF6-ITCH-NUDT21-POLR2A complex",4,4,100,"O43809, P24928, Q16630, Q96J02","GO:0001817;GO:0006396;GO:0006351",16055720,-1.128,1.116,-1.019,-1.218,-1.388,0.056
1784,"RNF11-SMURF2-STAMBP complex",3,1,33.33,"O95630, Q9HAU4, Q9Y3C5","GO:0043161;GO:0006511",14755250,NA,NA,NA,NA,NA,NA
1787,"Nogo-potassium channel complex",4,1,25,"P16389, P78357, Q09470, Q9NQC3","GO:0008324;GO:0006812;GO:0005216;GO:0022008;GO:0048699;GO:0007417",14592966,NA,NA,NA,NA,NA,NA
1793,"LINGO1-RTN4R-NGFR complex",3,1,33.33,"P08138, Q96FE5, Q9BZR6","GO:0022008;GO:0048699;GO:0031175",14966521,NA,NA,NA,NA,NA,NA
1794,"SORT1-NGFR complex",2,1,50,"P08138, Q99523","GO:0005515;GO:0005737",14985763,NA,NA,NA,NA,NA,NA
1795,"SORT1-NGFR-NGFB complex",3,1,33.33,"P01138, P08138, Q99523","GO:0006915",14985763,NA,NA,NA,NA,NA,NA
1810,"ITGA4-PXN-GIT1 complex",3,3,100,"P13612, P49023, Q9Y2X7","GO:0016477",15793570,-1.172,-1.086,1.045,1.217,1.534,0.568
1816,"JUN-TCF4-CTNNB1 complex",3,1,33.33,"P05412, P15884, P35222","GO:0016055;GO:0023052",16007074,NA,NA,NA,NA,NA,NA
1827,"PML-SMAD2/3-SARA complex",4,2,50,"O95405, P29590, P84022, Q15796","GO:0007179;GO:0005737",15356634,-1.037,-1.067,-1.138,-1.379,-1.501,0.548
1844,"APC-IQGAP1 complex",2,1,50,"P25054, P46940","GO:0016477;GO:0007010;GO:0005856",15572129,NA,NA,NA,NA,NA,NA
1845,"APC-IQGAP1-CLIP-170 complex",3,2,66.67,"P25054, P30622, P46940","GO:0016477;GO:0007010;GO:0005856",15572129,-1.063,-1.223,-1.275,-1.301,-1.297,1
1851,"BUB1-BUB3 complex",2,1,50,"O43683, O43684","GO:0006468",15525512,NA,NA,NA,NA,NA,NA
1863,"TSG101-VPS37B-VPS28 complex",3,3,100,"Q99816, Q9H9H4, Q9UK41","GO:0006886;GO:0006605;GO:0015031",15218037,-1.037,1.182,1.216,1.216,1.301,0.112
1893,"mTOR2 complex (MTOR, RICTOR, MLST8)",3,2,66.67,"P42345, Q6R327, Q9BVC4","GO:0000902;GO:0016049;GO:0030036",15268862,-1.273,1.049,-1.026,-1.083,1.172,1
1927,"PKD2-PACS1 complex",2,1,50,"Q13563, Q6VY07","GO:0005216",15692563,NA,NA,NA,NA,NA,NA
1982,"CACY homodimer  complex",1,1,100,"P06703","GO:0005509;GO:0008270",9578461,NA,NA,NA,NA,NA,NA
1984,"PEX14 homodimer complex",1,1,100,"O75381","GO:0006461;GO:0007031;GO:0005777",12096124,NA,NA,NA,NA,NA,NA
1986,"Endoglin homodimer complex",1,1,100,"P17813","GO:0023052",15806144,NA,NA,NA,NA,NA,NA
1989,"BANF1 homodimer protein",1,1,100,"O75531","GO:0003677;GO:0009607",9783751,NA,NA,NA,NA,NA,NA
1990,"PGRMC1-SCAP complex",2,1,50,"O00264, Q12770","GO:0042632;GO:0005783",15782218,NA,NA,NA,NA,NA,NA
2055,"CASP8-CHUK-IKBKB-MALT1-BCL10 complex",5,2,40,"O14920, O15111, O95999, Q14790, Q9UDY8","GO:0043122",15746428,-1.011,-1.007,-1.028,-1.194,-1.247,0.241
2084,"NFKB1-NFKB2-REL-RELA-RELB complex",5,2,40,"P19838, Q00653, Q01201, Q04206, Q04864","GO:2001141;GO:0006355",15782119,-1.125,-1.21,-1.132,-1.15,-1.174,1
2086,"NFKB1-NFKB2-RELA-RELB complex",4,2,50,"P19838, Q00653, Q01201, Q04206","GO:2001141;GO:0006355",15782119,-1.125,-1.21,-1.132,-1.15,-1.174,1
2100,"CHUK-IKBKB-MAP3K14 complex",3,2,66.67,"O14920, O15111, Q99558","GO:0030234;GO:0050790",9346485,-1.011,-1.007,-1.028,-1.194,-1.247,0.241
2101,"CHUK-IKBKB complex",2,2,100,"O14920, O15111","GO:0034612;GO:0070555;GO:0006468;GO:0045087;GO:0019048;GO:0006954;GO:0008384;GO:0007249;GO:0051090;GO:0051607",9346485,-1.011,-1.007,-1.028,-1.194,-1.247,0.241
2104,"IKBKB-MAP3K14 complex",2,1,50,"O14920, Q99558","GO:0030234;GO:0050790",9346485,NA,NA,NA,NA,NA,NA
2105,"IkappaB kinase complex (IKBKB, CHUK, IKBKAP, NFKBIA, RELA, MAP3K14)",6,4,66.67,"O14920, O15111, O95163, P25963, Q04206, Q99558","GO:0007249;GO:0023052",9751059,-1.078,-1.147,-1.143,-1.279,-1.321,0.143
2112,"CDC37-HSP90AA1-HSP90AB1-MAP3K11 complex",4,3,75,"P07900, P08238, Q16543, Q16584","GO:0030234;GO:0050790",15001580,-1.04,-1.1,-1.141,-1.243,-1.282,0.139
2118,"CHUK-ERC1-IKBKB-IKBKG complex",4,4,100,"O14920, O15111, Q8IUD2, Q9Y6K9","GO:0007249",15218148,-1.002,1.027,-1.036,-1.178,-1.182,0.172
2123,"IKBKG homodimer complex",1,1,100,"Q9Y6K9","GO:0007249",12435599,NA,NA,NA,NA,NA,NA
2124,"CHUK-ESR1-NCOA3 complex",3,1,33.33,"O15111, P03372, Q9Y6Q9","GO:0006355;GO:0006468;GO:0003677;GO:0071391;GO:0030520",15808510,NA,NA,NA,NA,NA,NA
2129,"DNAJB2-HSPA8-PSMA3 complex",3,2,66.67,"P11142, P25686, P25788","GO:0006886;GO:0006605;GO:0015031;GO:0043161;GO:0006511",15936278,-1.052,-1.144,-1.101,-1.098,-1.109,1
2143,"MAP2K5-PRKCI-SQSTM1 complex",3,2,66.67,"P41743, Q13163, Q13501","GO:0035556;GO:0023052",12813044,-1.062,-1.013,-1.411,-1.454,-1.273,0.658
2145,"HSF1-YWHAE complex",2,2,100,"P62258, Q00613","GO:0009408",15364926,1.017,1.128,1.083,1.134,1.103,1
2156,"YBX1-AKT1 complex",2,2,100,"P31749, P67809","GO:0008361;GO:0005634",15806160,-1.085,-1.288,-1.251,-1.255,-1.347,1
2159,"AR-AKT-APPL complex",3,2,66.67,"P10275, P31749, Q9UKG1","GO:0023052",12621049,1.118,1.174,1.27,1.24,1.162,1
2160,"AOF2-AR complex",2,1,50,"O60341, P10275","GO:0045893",16079795,NA,NA,NA,NA,NA,NA
2162,"APPBP1-UBA3 complex",2,2,100,"Q13564, Q8TBC4","GO:0016567",12646924,1.05,1.244,1.193,1.091,-1.021,0.37
2170,"Ubiquitin E3 ligase (CDC34, CUL1, RBX1)",3,2,66.67,"P49427, P62877, Q13616","GO:0016567;GO:0043161;GO:0006511",11675391,-23.738,-1.364,-25.878,-26.975,-26.874,1
2171,"Ubiquitin E3 ligase (CHEK1, CUL4A)",2,1,50,"O14757, Q13619","GO:0016567;GO:0043161;GO:0006511;GO:0006974;GO:0005634",16137618,NA,NA,NA,NA,NA,NA
2172,"Ubiquitin E3 ligase (CDT1, DDB1, CUL4A, RBX1)",4,3,75,"P62877, Q13619, Q16531, Q9H211","GO:0016567;GO:0043161;GO:0006511;GO:0006974",15448697,-19.603,-1.435,-23.806,-23.334,-24.321,1
2174,"COP9 signalosome complex",8,8,100,"P61201, Q13098, Q7L5N1, Q92905, Q99627, Q9BT78, Q9UBW8, Q9UNS2","GO:0008180;GO:0010387",9535219,-1.098,-1.048,-1.039,-1.066,-1.06,0.24
2179,"CNS-P53 complex",9,8,88.89,"P04637, P61201, Q13098, Q7L5N1, Q92905, Q99627, Q9BT78, Q9UBW8, Q9UNS2","GO:0006886;GO:0006605;GO:0015031",11285227,-1.098,-1.048,-1.039,-1.066,-1.06,0.24
2183,"KAISO-NCOR complex",10,1,10,"O15379, O60907, O75164, O75376, P52732, Q13227, Q86T24, Q92828, Q9BZK7, Q9UPN9","GO:0006265;GO:0045892;GO:0006473;GO:0006476;GO:0003677;GO:0051276;GO:0005634",14527417,NA,NA,NA,NA,NA,NA
2188,"Ubiquitin E3 ligase (CDC34, NEDD8, BTRC, CUL1, SKP1A, RBX1)",5,4,80,"P62877, P63208, Q13616, Q15843, Q9Y297","GO:0016567;GO:0043161;GO:0006511;GO:0005737",10713156,-5.933,-1.142,-6.97,-6.795,-6.926,0.985
2189,"Ubiquitin E3 ligase (SMAD3, BTRC, CUL1, SKP1A, RBX1)",5,3,60,"P62877, P63208, P84022, Q13616, Q9Y297","GO:0016567;GO:0043161;GO:0006511;GO:0023052;GO:0005737;GO:0005634",11359933,-2.433,-1.057,-2.609,-2.991,-2.982,0.998
2191,"Ubiquitin E3 ligase (FBXO18, SKP1A, CUL1, RBX1)",4,3,75,"P62877, P63208, Q13616, Q8NFZ0","None",11956208,-2.433,-1.057,-2.609,-2.991,-2.982,0.998
2192,"Ubiquitin E3 ligase (NIPA, SKP1A, CUL1, RBX1)",4,3,75,"P62877, P63208, Q13616, Q86WB0","GO:0000278;GO:0016567;GO:0043161;GO:0006511;GO:0005634",16009132,-2.433,-1.057,-2.609,-2.991,-2.982,0.998
2197,"9-1-1-FEN1 complex",4,1,25,"O60671, O60921, P39748, Q99638","None",15556996,NA,NA,NA,NA,NA,NA
2199,"CHTF18-RFC2-5 complex",5,3,60,"P35249, P35250, P40937, P40938, Q8WVB6","GO:0006260;GO:0007059;GO:0005634;GO:0003677;GO:0016887",12930902,-1.21,-1.469,-2.023,-2.591,-9.126,0.041
2200,"RFC2-5 subcomplex",4,3,75,"P35249, P35250, P40937, P40938","GO:0006260;GO:0003677;GO:0005634;GO:0016887",9488738,-1.21,-1.469,-2.023,-2.591,-9.126,0.041
2201,"PCNA-RFC2-5 complex",5,4,80,"P12004, P35249, P35250, P40937, P40938","GO:0006260;GO:0005634",12171929,-1.186,-1.43,-2.051,-2.841,-7.929,0.011
2203,"BRD4-RFC complex",6,5,83.33,"O60885, P35249, P35250, P35251, P40937, P40938","GO:0000278;GO:0051726;GO:0000082;GO:0005634",12192049,-1.229,-1.304,-1.771,-4.325,-11.693,0.283
2211,"BARD1-BRCA1-CSTF complex",5,3,60,"P33240, P38398, Q05048, Q12996, Q99728","GO:0031123;GO:0031124;GO:0003723;GO:0005634",10477523,1.011,1.133,-1.003,-1.153,-1.191,0.392
2213,"BRCA1-BARD1-POLR2A complex",3,1,33.33,"P24928, P38398, Q99728","GO:2001141;GO:0006355;GO:0016567;GO:0005634",15886201,NA,NA,NA,NA,NA,NA
2217,"MDC1-MRN-ATM-FANCD2 complex",6,4,66.67,"O60934, P49959, Q13315, Q14676, Q92878, Q9BXW9","GO:0006281;GO:0000075;GO:0003677;GO:0006974;GO:0005634",12607005,-1.061,1.055,-1.094,-3.257,-1.556,0.443
2218,"MDC1-MRE11-RAD50-NBS1 complex",4,4,100,"O60934, P49959, Q14676, Q92878","GO:0006281;GO:0000075;GO:0006974;GO:0005634",12607003,-1.061,1.055,-1.094,-3.257,-1.556,0.443
2224,"MSH2/6-BLM-p53-RAD51 complex",5,1,20,"P04637, P43246, P52701, P54132, Q06609","GO:0006281;GO:0006974;GO:0005634",15064730,NA,NA,NA,NA,NA,NA
2226,"MutS-alpha-PK-zeta complex",3,1,33.33,"P43246, P52701, Q05513","GO:0006281;GO:0043161;GO:0006511",15808853,NA,NA,NA,NA,NA,NA
2231,"PCNA homotrimer complex",1,1,100,"P12004","GO:0006260;GO:0005634",7522248,NA,NA,NA,NA,NA,NA
2236,"ASF1-histone containing complex",7,2,28.57,"O96017, P49321, P50502, P68431, Q13112, Q9NVP2, Q9Y294","GO:0006260;GO:0006265;GO:0051276",15664198,1.131,1.059,-1.019,-1.191,-1.442,1
2241,"HTT-OPTN-RAB8A complex",3,3,100,"P42858, P61006, Q96CV9","GO:0016192;GO:0000902",11137014,1,-1.1,-1.038,-1.028,1.231,0.687
2242,"TGM2-HD-CALM1 complex",3,2,66.67,"P0DP23, P21980, P42858","GO:0006461",14985437,-1.058,-1.093,-1.215,-1.403,-1.238,1
2243,"TGM2-HD complex",2,2,100,"P21980, P42858","GO:0006461",11442349,-1.058,-1.093,-1.215,-1.403,-1.238,1
2254,"CTGF/Hcs24-actin(beta/gamma) complex",3,1,33.33,"P29279, P60709, P63261","GO:0030037;GO:0030036;GO:0051216;GO:0005737",12470643,NA,NA,NA,NA,NA,NA
2255,"Cofilin-actin-CAP1 complex",3,3,100,"P23528, P60709, Q01518","GO:0030036;GO:0015629;GO:0048870",11950878,-1.07,-1.125,-1.273,-1.455,-1.549,0.099
2256,"RIAM-Rap1-GTP complex",2,1,50,"P62834, Q7Z5R6","GO:0007155;GO:0030036;GO:0005886",15469846,NA,NA,NA,NA,NA,NA
2266,"PPP3CA-PPP3CB-RCAN1 complex",3,2,66.67,"P16298, P53805, Q08209","GO:0019722",12809556,-1.587,-1.339,-1.502,-1.481,-1.159,1
2294,"ABI1-WASF2 complex",2,2,100,"Q8IZP0, Q9Y6W5","GO:0030036",16155590,-1.064,-1.075,-1.138,-1.219,-1.237,0.164
2297,"ABI1-WASL complex",2,2,100,"O00401, Q8IZP0","GO:0030036",16155590,-1.018,1.042,1.01,-1.045,-1.153,1
2307,"AP3D1-AP3S2 complex",2,1,50,"O14617, P59780","GO:0006886;GO:0006605;GO:0015031",15469849,NA,NA,NA,NA,NA,NA
2308,"AP3D1-AP3S1 complex",2,2,100,"O14617, Q92572","GO:0006886;GO:0006605;GO:0015031",15469849,1.014,1.08,-1.007,-1.131,-1.116,0.912
2318,"ITGA6-ITGB4-Laminin10/12 complex",5,4,80,"O15230, P07942, P11047, P16144, P23229","GO:0007155",10671376,1.106,-2.161,-2.287,-2.068,-2.065,0.735
2319,"ITGA6-ITGB4-Laminin10/12 complex",5,4,80,"O15230, P11047, P16144, P23229, P55268","GO:0007155",10671376,1.843,2.691,3.085,3.148,2.88,0.304
2320,"ITGA6-ITGB4-CD151 complex",3,2,66.67,"P16144, P23229, P48509","GO:0005515;GO:0007160",10811835,1.027,-1.042,1.165,1.194,1.067,0.735
2321,"ITGA6-ITGB4-FYN complex",3,1,33.33,"P06241, P16144, P23229","GO:0005515;GO:0006921",11684709,NA,NA,NA,NA,NA,NA
2322,"ITGA6-ITGB4-LAMA5 complex",3,2,66.67,"O15230, P16144, P23229","GO:0007155",7556090,1.258,1.416,1.502,1.427,1.223,1
2323,"ITGA6-ITGB4 complex",2,1,50,"P16144, P23229","GO:0007155;GO:0048870",2649503,NA,NA,NA,NA,NA,NA
2342,"ITGAV-ITGB8-MMP14-TGFB1 complex",4,2,50,"P01137, P06756, P26012, P50281","GO:0016049;GO:1901392",11970960,1.022,-1.184,-1.296,-1.111,-1.034,1
2343,"ITGAV-ITGB5-PLAUR complex",3,2,66.67,"P06756, P18084, Q03405","GO:0016477",10537314,1.3,1.479,1.323,1.029,-1.08,0.541
2345,"ITGAV-ITGB5-ICAM4 complex",3,2,66.67,"P06756, P18084, Q14773","GO:0005515;GO:0007155",11435317,1.3,1.479,1.323,1.029,-1.08,0.541
2346,"ITGAV-ITGB5-ADAM9 complex",3,2,66.67,"P06756, P18084, Q13443","GO:0005515;GO:0007155",11162558,1.3,1.479,1.323,1.029,-1.08,0.541
2347,"ITGAV-ITGB5-SPP1 complex",3,2,66.67,"P06756, P10451, P18084","GO:0005515;GO:0007155",16005200,1.3,1.479,1.323,1.029,-1.08,0.541
2348,"ITGAV-ITGB5-CYR61 complex",3,2,66.67,"O00622, P06756, P18084","GO:0016477;GO:0007155;GO:0010761",11287419,1.3,1.479,1.323,1.029,-1.08,0.541
2350,"ITGAV-ITGB5 complex",2,2,100,"P06756, P18084","GO:0005515;GO:0007155;GO:0008305",1694173,1.3,1.479,1.323,1.029,-1.08,0.541
2351,"ITGB6-FYN-FN1 complex",3,1,33.33,"P02751, P06241, P18564","GO:0035556;GO:0007229",12917446,NA,NA,NA,NA,NA,NA
2352,"ITGAV-ITGB6-SPP1 complex",3,1,33.33,"P06756, P10451, P18564","GO:0005515;GO:0007155",16005200,NA,NA,NA,NA,NA,NA
2353,"ITGAV-ITGB6-TGFB3 complex",3,1,33.33,"P06756, P10600, P18564","GO:0036366",11821050,NA,NA,NA,NA,NA,NA
2354,"ITGAV-ITGB6 complex",2,1,50,"P06756, P18564","GO:0005515;GO:0008305;GO:0007155",8798654,NA,NA,NA,NA,NA,NA
2355,"ITGAV-ITGB3-CD47-FCER2 complex",4,1,25,"P05106, P06734, P06756, Q08722","GO:0005515;GO:0006954",10037797,NA,NA,NA,NA,NA,NA
2356,"ITGB3-ITGAV-CD47 complex",3,1,33.33,"P05106, P06756, Q08722","GO:0005515;GO:0007155;GO:0005886",7691831,NA,NA,NA,NA,NA,NA
2358,"ITGAV-ITGB3-SPP1 complex",3,1,33.33,"P05106, P06756, P10451","GO:0016477;GO:0000902;GO:0016049",9256478,NA,NA,NA,NA,NA,NA
2359,"ITGAV-ITGB3-ADAM15 complex",3,1,33.33,"P05106, P06756, Q13444","GO:0005515;GO:0007155;GO:0005886;GO:0031012",11882657,NA,NA,NA,NA,NA,NA
2362,"ITAGV-ITGB3-F11R complex",3,1,33.33,"P05106, P06756, Q9Y624","GO:0001568;GO:0001944",12750158,NA,NA,NA,NA,NA,NA
2363,"ITGAV-ITGB3-PXN-PTK2b complex",4,2,50,"P05106, P06756, P49023, Q14289","GO:0005515;GO:0007155",11683411,1.139,1.141,-1.024,-1.156,-1.135,1
2364,"ITGAV-ITGB3-ADAM23 complex",3,1,33.33,"O75077, P05106, P06756","GO:0005515;GO:0007155",10749942,NA,NA,NA,NA,NA,NA
2365,"ITGAV-ITGB3-COL4A3 complex",3,1,33.33,"P05106, P06756, Q01955","GO:0006417",12682293,NA,NA,NA,NA,NA,NA
2366,"ITGAV-ITGB3-PPAP2b complex",3,1,33.33,"O14495, P05106, P06756","GO:0007155;GO:0001568;GO:0001944;GO:0005886",16099422,NA,NA,NA,NA,NA,NA
2369,"ITGAV-ITGB3-EGFR complex",3,1,33.33,"P00533, P05106, P06756","GO:0005515;GO:0007173;GO:0007229",15834425,NA,NA,NA,NA,NA,NA
2374,"ITGAV-ITGB3-LAMA4 complex",3,1,33.33,"P05106, P06756, Q16363","GO:0005515;GO:0007155;GO:0031012",16824487,NA,NA,NA,NA,NA,NA
2375,"FN1-TGM2 complex",2,2,100,"P02751, P21980","GO:0005515;GO:0007155",10684262,1.109,-1.471,-1.884,-2.031,-1.337,0.523
2376,"ITGA2B-ITGB3-FN1-TGM2 complex",4,2,50,"P02751, P05106, P08514, P21980","GO:0005515;GO:0007155;GO:0005886",10684262,1.109,-1.471,-1.884,-2.031,-1.337,0.523
2378,"ITGA2b-ITGB3-TLN1 complex",3,1,33.33,"P05106, P08514, Q9Y490","GO:0005515",8663236,NA,NA,NA,NA,NA,NA
2383,"ITGA5-ITGB1-FN1-TGM2 complex",4,4,100,"P02751, P05556, P08648, P21980","GO:0005515;GO:0007155;GO:0005886",10684262,1.037,-1.349,-1.717,-1.868,-1.51,0.212
2384,"ITGA5-ITGB1-ADAM15 complex",3,2,66.67,"P05556, P08648, Q13444","GO:0005515;GO:0007155",9914169,1.01,-1.251,-1.594,-1.715,-1.614,0.312
2385,"ITGA5-ITGB4 complex",2,2,100,"P05556, P08648","GO:0007155;GO:0008305",3546305,1.01,-1.251,-1.594,-1.715,-1.614,0.312
2390,"CD98-ITGB1-LAT2 complex",3,2,66.67,"P05556, P08195, Q9UHI5","GO:0016337",11507094,1.014,-1.089,-1.36,-1.431,-1.37,0.644
2395,"ITGA7-ITGB1-CD151 complex",3,3,100,"P05556, P48509, Q13683","GO:0005515;GO:0007155",11884516,1.37,1.832,2.135,2.17,1.861,0.98
2396,"ITGA7-ITGB1-CD9 complex",3,2,66.67,"P05556, P21926, Q13683","GO:0007519",10459022,1.429,1.868,1.798,1.562,1.364,1
2397,"ITGA7-ITGB1-ITGB1BP3 complex",3,2,66.67,"P05556, Q13683, Q9NPI5","GO:0007155",12941630,1.429,1.868,1.798,1.562,1.364,1
2398,"ITGA3-ITGB1-BSG complex",3,3,100,"P05556, P26006, P35613","GO:0007160;GO:1904464",9360995,1.036,1.055,-1.225,-1.584,-1.748,0.017
2399,"ITGA3-ITGB1-CD63 complex",3,2,66.67,"P05556, P08962, P26006","GO:0007155;GO:0048870",9360995,-1.06,-1.02,-1.31,-1.682,-1.886,0.028
2401,"ITGA3-ITGB1-THBS1 complex",3,2,66.67,"P05556, P07996, P26006","GO:0007155",11358957,-1.06,-1.02,-1.31,-1.682,-1.886,0.028
2406,"ITGA3-ITGB1 complex",2,2,100,"P05556, P26006","GO:0007155;GO:0008305",3546305,-1.06,-1.02,-1.31,-1.682,-1.886,0.028
2411,"ITGA6-ITGB1-CD151 complex",3,3,100,"P05556, P23229, P48509","GO:0016477",11884516,1.027,-1.042,1.165,1.194,1.067,0.979
2413,"ITGA6-ITGB1 complex",2,2,100,"P05556, P23229","GO:0007155;GO:0008305",2649503,1.071,-1.021,-1.02,-1.164,-1.278,1
2416,"ITGB1-RAP1A-PKD1 complex",3,2,66.67,"P05556, P62834, P98161","GO:0033623",16111639,1.015,22.58,18.677,14.647,-1.385,1
2417,"ITGA4-ITGB1-EMILIN1 complex",3,2,66.67,"P05556, P13612, Q9Y6C2","GO:0007155;GO:0048870",12456677,-1.178,-1.177,-1.186,-1.176,1.009,1
2418,"ITGA4-ITGB1 complex",2,2,100,"P05556, P13612","GO:0007155;GO:0008305",3546305,-1.178,-1.177,-1.186,-1.176,1.009,1
2419,"ITGA4-ITGB1-CD81 complex",3,3,100,"P05556, P13612, P60033","GO:0007155",10229664,6.398,7.516,-1.085,7.415,7.565,1
2420,"ITGA4-ITGB1-CD53 complex",3,2,66.67,"P05556, P13612, P19397","GO:0005515",8757325,-1.178,-1.177,-1.186,-1.176,1.009,1
2421,"ITGA4-ITGB1-VCAM1 complex",3,2,66.67,"P05556, P13612, P19320","GO:0007155",10623819,-1.178,-1.177,-1.186,-1.176,1.009,1
2422,"ITGA4-ITGB1-JAM2 complex",3,2,66.67,"P05556, P13612, P57087","GO:0007155",12070135,-1.178,-1.177,-1.186,-1.176,1.009,1
2423,"ITGA4-ITGB1-CD47 complex",3,2,66.67,"P05556, P13612, Q08722","GO:0007155",15292185,-1.178,-1.177,-1.186,-1.176,1.009,1
2424,"ITGA4-ITGB1-CD63 complex",3,2,66.67,"P05556, P08962, P13612","GO:0005515",8757325,-1.178,-1.177,-1.186,-1.176,1.009,1
2426,"ITGA4-ITGB1-THBS1 complex",3,2,66.67,"P05556, P07996, P13612","GO:0007155",11980922,-1.178,-1.177,-1.186,-1.176,1.009,1
2428,"ITGA4-ITGB1-THBS2 complex",3,2,66.67,"P05556, P13612, P35442","GO:0007155",11980922,-1.178,-1.177,-1.186,-1.176,1.009,1
2429,"ITGA2-ITGB1-CD47 complex",3,1,33.33,"P05556, P17301, Q08722","GO:0006935",10397731,NA,NA,NA,NA,NA,NA
2430,"ITGA2-ITGB1-CHAD complex",3,1,33.33,"O15335, P05556, P17301","GO:0007155",9281592,NA,NA,NA,NA,NA,NA
2431,"ITGA2-ITGB1-COL6A3 complex",3,1,33.33,"P05556, P12111, P17301","GO:0005515;GO:0007155;GO:0005886;GO:0031012",8387021,NA,NA,NA,NA,NA,NA
2432,"ITGA2-ITGB1 complex",2,1,50,"P05556, P17301","GO:0007155;GO:0008305",3546305,NA,NA,NA,NA,NA,NA
2434,"ITGA1-ITGB1-COL6A3 complex",3,1,33.33,"P05556, P12111, P56199","GO:0005515;GO:0007155;GO:0005886;GO:0031012",8387021,NA,NA,NA,NA,NA,NA
2435,"ITGA1-ITGB1-PTPN2 complex",3,1,33.33,"P05556, P17706, P56199","GO:0007169",15592458,NA,NA,NA,NA,NA,NA
2436,"ITGAV-ITGB1 complex",2,2,100,"P05556, P06756","GO:0005515;GO:0007155;GO:0008305",2138612,1.116,1.137,-1.067,-1.207,-1.207,1
2437,"ITGA6-ITGB1-CYR61 complex",3,2,66.67,"O00622, P05556, P23229","GO:0007155;GO:0001568;GO:0001944",12826661,1.071,-1.021,-1.02,-1.164,-1.278,1
2439,"ITGA8-ITGB1 complex",2,1,50,"P05556, P53708","GO:0005515;GO:0007155;GO:0008305",7559467,NA,NA,NA,NA,NA,NA
2440,"ITGA9-ITGB1-ADAM9 complex",3,1,33.33,"P05556, Q13443, Q13797","GO:0005515",11882657,NA,NA,NA,NA,NA,NA
2442,"ITGA9-ITGB1-VCAM1 complex",3,1,33.33,"P05556, P19320, Q13797","GO:0016477;GO:0007155;GO:0072672",10209034,NA,NA,NA,NA,NA,NA
2443,"ITGA9-ITGB1-TNC complex",3,2,66.67,"P05556, P24821, Q13797","GO:0005515",9565552,-1.113,1.036,-1.204,-1.475,-1.291,0.996
2444,"ITGA9-ITGB1 complex",2,1,50,"P05556, Q13797","GO:0005515;GO:0007155;GO:0016049;GO:0008305",8798654,NA,NA,NA,NA,NA,NA
2445,"ITGA9-ITGB1-ADAM15 complex",3,1,33.33,"P05556, Q13444, Q13797","GO:0005515;GO:0016337",11882657,NA,NA,NA,NA,NA,NA
2446,"ITGA9-ITGB1-FIGF complex",3,1,33.33,"O43915, P05556, Q13797","GO:0016477;GO:0007155;GO:0030154",15590642,NA,NA,NA,NA,NA,NA
2447,"ITGA9-ITGB1-ADAM12 complex",3,1,33.33,"O43184, P05556, Q13797","GO:0016337;GO:0005886",10944520,NA,NA,NA,NA,NA,NA
2453,"Multiprotein complex (CBLB, EGFR, SH3KBP1)",3,2,66.67,"P00533, Q13191, Q96B97","GO:0016567;GO:1905146",12218189,1.056,1.17,-1.146,-1.265,-1.245,0.474
2454,"CBL-EGFR-SH3GL2-SH3KBP1 complex",4,2,50,"P00533, P22681, Q96B97, Q99962","GO:0006900;GO:0016050;GO:0006897;GO:0007173",11894095,-1.069,-1.265,-1.308,-1.382,-26.405,0.999
2455,"CIN85-SH3GL2 complex",2,1,50,"Q96B97, Q99962","GO:0006900;GO:0016050;GO:0006897",11894095,NA,NA,NA,NA,NA,NA
2456,"MET-CIN85-SH3GL3-CBL complex, HGF stimulated",4,2,50,"P08581, P22681, Q96B97, Q99963","GO:0006900;GO:0016050;GO:0006897;GO:0007169",11894096,-1.069,-1.265,-1.308,-1.382,-26.405,0.999
2457,"CIN85-SH3GL3 complex",2,1,50,"Q96B97, Q99963","GO:0006900;GO:0016050;GO:0006897",11894096,NA,NA,NA,NA,NA,NA
2462,"Caveolin-1 homodimer complex",1,1,100,"Q03135","None",15782218,NA,NA,NA,NA,NA,NA
2470,"p130Cas-ER-alpha-cSrc-kinase- PI3-kinase p85-subunit complex",4,1,25,"P03372, P12931, P27986, P56945","GO:0006468;GO:0071391;GO:0030520;GO:0006355;GO:0070372",15020686,NA,NA,NA,NA,NA,NA
2476,"CRK-CRKL-PDGFRA-RAPGEF1 complex",4,2,50,"P16234, P46108, P46109, Q13905","GO:0035556",9546424,1.126,1.204,1.142,1.043,1.008,1
2480,"CIN85 complex (CIN85, CRK, BCAR1, CBL, PIK3R1, GRB2, SOS1)",7,5,71.43,"P22681, P27986, P46108, P56945, P62993, Q07889, Q96B97","GO:0007267",11071869,-1.15,-1.319,-1.214,-1.331,-6.04,0.563
2486,"GIPC1-LHCGR complex",2,1,50,"O14908, P22888","GO:0006886;GO:0006605;GO:0015031;GO:0006897",14507927,NA,NA,NA,NA,NA,NA
2487,"GIPC1-NTRK1-RGS19 complex",3,1,33.33,"O14908, P04629, P49795","GO:0000301",11251075,NA,NA,NA,NA,NA,NA
2510,"CRKL-WAS-WIPF1-ZAP70 complex",4,2,50,"O43516, P42768, P43403, P46109","GO:0035556;GO:0045121",12504004,1.073,1.145,1.181,1.166,-18.802,0.999
2511,"CRKL-WAS-WIPF1 complex",3,2,66.67,"O43516, P42768, P46109","GO:0035556",12504004,1.073,1.145,1.181,1.166,-18.802,0.999
2513,"N-WASp homomer complex",1,1,100,"O00401","GO:0030036",10781580,NA,NA,NA,NA,NA,NA
2528,"ERBB2-MEMO-SHC complex",3,2,66.67,"P04626, P29353, Q9Y316","GO:0000226;GO:0048870",15156151,-1.389,-1.461,-1.631,-1.851,-1.408,1
2529,"LAT-PLC-gamma-1-p85-GRB2-CBL-VAV-SLP-76 signaling complex, C305 activated",7,3,42.86,"O43561, P15498, P19174, P22681, P27986, P62993, Q13094","GO:0007169;GO:0050896;GO:0048015",9489702,-1.1,-1.288,-1.304,-1.622,-31.247,0.848
2534,"Cbl-SLP-76-Grb2 complex, Fc receptor gamma-R1 stimulated",3,2,66.67,"P22681, P62993, Q13094","GO:0007169;GO:0006955",9716598,1.011,-1.037,1.02,1.061,-16.751,1
2535,"SLP-76-Cbl-Grb2-Shc complex, Fc receptor gamma-R1 stimulated",4,3,75,"P22681, P29353, P62993, Q13094","GO:0007169;GO:0006955",9716598,-1.228,-1.311,-1.373,-1.452,-8.09,1
2536,"PLC-gamma-2-SLP-76-Lyn-Grb2 complex",4,1,25,"P07948, P16885, P62993, Q13094","GO:0007169;GO:0007596;GO:0048015",10469124,NA,NA,NA,NA,NA,NA
2537,"PKC-alpha-PLD1-PLC-gamma-2 signaling complex, lacritin stimulated",3,1,33.33,"P16885, P17252, Q13393","GO:0019722;GO:0030855;GO:0002009;GO:0005794;GO:0048015",16923831,NA,NA,NA,NA,NA,NA
2542,"EGFR-CBL-GRB2 complex",3,2,66.67,"P00533, P22681, P62993","GO:0035556;GO:0005768",15782196,1.011,-1.037,1.02,1.061,-16.751,1
2547,"PLC-gamma-1-SLP-76-SOS1-LAT complex",4,1,25,"O43561, P19174, Q07889, Q13094","GO:0007169;GO:0050896;GO:0048015",15696170,NA,NA,NA,NA,NA,NA
2551,"PDGFRA-PLC-gamma-1-PI3K-SHP-2 complex, PDGF stimulated",4,2,50,"P16234, P19174, P27986, Q06124","GO:0007169",8943348,1.014,-1.003,-1.018,-1.175,-1.158,1
2563,"FGFR2-c-Cbl-Lyn-Fyn complex",4,1,25,"P06241, P07948, P21802, P22681","GO:0043161;GO:0006511;GO:0023052;GO:0008543;GO:0001649",15190072,NA,NA,NA,NA,NA,NA
2564,"p21(ras)GAP-Fyn-Lyn-Yes complex, thrombin stimulated",4,2,50,"P06241, P07947, P07948, P20936","GO:0023052;GO:0007596",1544885,1.018,1.065,1.08,1.013,1.011,1
2572,"RAB5-EEA1 complex",2,2,100,"P20339, Q15075","GO:0006897;GO:0005768",15782196,1.065,1.005,1.038,1.024,-1.022,1
2573,"Class C VPS/HOPS complex",6,4,66.67,"P20339, Q15075, Q96JC1, Q9H269, Q9H270, Q9P253","None",16143105,1.01,1.035,1.055,1.035,1.079,1
2577,"Sam68-p85 P13K-IRS-1-IR signaling complex",4,1,25,"P06213, P27986, P35568, Q07666","GO:0008286;GO:0005737",11604231,NA,NA,NA,NA,NA,NA
2578,"Sam68-p120GAP complex",2,2,100,"P20936, Q07666","GO:0008286;GO:0005737",11604231,1.088,1.141,-1.002,1.01,-1.023,1
2581,"RasGAP-AURKA-survivin complex",3,1,33.33,"O14965, O15392, P20936","GO:0000278;GO:0051726;GO:0007186",11976319,NA,NA,NA,NA,NA,NA
2589,"PGC-1-SRp40-SRp55-SRp75 complex",4,3,75,"Q08170, Q13243, Q13247, Q9UBK2","GO:2001141;GO:0006355;GO:0000398;GO:0006397;GO:0003676;GO:0005634",10983978,-1.126,1.005,-1.046,-1.278,-1.387,0.876
2590,"FOXO1-FHL2-SIRT1 complex",3,1,33.33,"Q12778, Q14192, Q96EB6","GO:0045892;GO:0006473;GO:0006476;GO:0005634",15692560,NA,NA,NA,NA,NA,NA
2598,"NELF complex",4,4,100,"P18615, Q8IXH7, Q8WX92, Q9H3P2","GO:0006354;GO:0045892;GO:0003723;GO:0051090;GO:0005634",12612062,-1.129,1.267,1.078,-1.057,-1.284,0.234
2599,"POLR2A-CCNT1-CDK9-NCL-LEM6-CPSF2 complex",6,3,50,"O60563, P19338, P24928, P50750, Q9P2I0, Q9UBK2","GO:0006355;GO:0000398;GO:0006397;GO:0006468;GO:0003676;GO:0005634",10983978,1.035,1.04,-1.044,-1.174,-1.45,0.836
2600,"BRD4 complex",8,2,25,"O60244, O60563, O60885, O75448, P50750, Q15648, Q93074, Q9NVC6","GO:0006354;GO:0045893;GO:0005634;GO:0070816",16109376,11.394,1.113,-1.098,10.266,11.417,1
2601,"P-TEFb-BRD4-TRAP220 complex",4,2,50,"O60563, O60885, P50750, Q15648","GO:0006354;GO:0045893;GO:0005634;GO:0070816",16109377,11.394,1.113,-1.098,10.266,11.417,1
2604,"P-TEFb-SKP2 complex",3,1,33.33,"O60563, P50750, Q13309","GO:0006354;GO:2001141;GO:0006355;GO:0043161;GO:0006511;GO:0005634",11689688,NA,NA,NA,NA,NA,NA
2605,"CCNT1-GRN complex",2,1,50,"O60563, P28799","GO:0045892;GO:0008083",12588988,NA,NA,NA,NA,NA,NA
2625,"CDK8-MED6-PARP1 complex",3,1,33.33,"O75586, P09874, P49336","GO:2001141;GO:0006355",15808511,NA,NA,NA,NA,NA,NA
2638,"HES1 promoter corepressor complex",6,2,33.33,"P24928, P50613, Q06330, Q09472, Q7KZ85, Q92793","GO:0045892;GO:0003677;GO:0005634",15546612,-1.157,-1.111,-1.163,-1.32,-1.609,0.133
2639,"HES1 promoter-Notch enhancer complex",13,5,38.46,"O60563, P24928, P46531, P49336, P50613, P50750, Q06330, Q09472, Q15648, Q7KZ85, Q92585, Q9BT40, Q9Y5B9","GO:0045893;GO:0003677;GO:0007219;GO:0005634",15546612,-1.133,-1.099,-1.166,-1.424,-1.76,0.583
2642,"SMAD1-P300 complex",2,1,50,"Q09472, Q15797","GO:0006265;GO:0045893;GO:0006473;GO:0007179;GO:0051276;GO:0005634",10673036,NA,NA,NA,NA,NA,NA
2653,"MYC-MAX-KAT2A-TRRAP complex",4,1,25,"P01106, P61244, Q92830, Q9Y4A5","GO:0016573;GO:0006338;GO:0006351",10611234,NA,NA,NA,NA,NA,NA
2657,"ESR1-CDK7-CCNH-MNAT1-MTA1-HDAC2 complex",6,2,33.33,"P03372, P50613, P51946, P51948, Q13330, Q92769","GO:2001141;GO:0006355;GO:0006468;GO:0005634;GO:0033146",12527756,1.05,1.007,1.094,-1.101,-1.39,0.184
2685,"RNA polymerase II (RNAPII)",17,12,70.59,"O15514, P13984, P19387, P19388, P24928, P30876, P35269, P36954, P52434, P52435, P53803, P61218, P62487, P62875, Q00403, Q9BWH6, Q9Y5B0","GO:0006351;GO:0003677;GO:0005634",15282305,-1.759,-1.122,-1.911,-2.7,-2.295,0.075
2686,"BRCA1-core RNA polymerase II complex",13,8,61.54,"O15514, P19387, P19388, P24928, P30876, P36954, P38398, P52434, P52435, P53803, P61218, P62487, P62875","GO:0006351;GO:0003677;GO:0005634",10725406,-2.877,-1.136,-2.896,-3.261,-3.436,0.484
2688,"CLDN1-MMP14 complex",2,1,50,"O95832, P50281","GO:1905050;GO:0045216",11382769,NA,NA,NA,NA,NA,NA
2709,"LRP1-MMP9-TIMP1 complex",3,1,33.33,"P01033, P14780, Q07954","GO:0030234;GO:0050790;GO:0006898;GO:0030198",11279011,NA,NA,NA,NA,NA,NA
2711,"Amyloid beta protein homo-oligomer complex",1,1,100,"P05067","GO:1900272;GO:0048169",15834427,NA,NA,NA,NA,NA,NA
2714,"Ubiquitin E3 ligase (CHEK1, CUL1)",2,1,50,"O14757, Q13616","GO:0016567;GO:0043161;GO:0006511;GO:0006974;GO:0005634",16137618,NA,NA,NA,NA,NA,NA
2715,"Ubiquitin E3 ligase (CUL1/2/3, CSN1/8, RBX1, SKP1/2)",8,7,87.5,"P62877, P63208, Q13098, Q13309, Q13616, Q13617, Q13618, Q99627","GO:0006511;GO:0031461",11337588,-1.075,1.054,-1.038,-1.154,-1.125,0.951
2716,"Elongator core complex",3,2,66.67,"O95163, Q6IA86, Q9H9T3","GO:0006354;GO:0005634",11714725,-1.096,-1.219,-1.274,-1.345,-1.509,0.792
2717,"DDX58-TRIM25 complex",2,1,50,"O95786, Q14258","GO:0035556;GO:0005737;GO:0002221;GO:0039529;GO:0045087;GO:0032481;GO:0051607;GO:0016567;GO:0019048",17392790,NA,NA,NA,NA,NA,NA
2719,"Casein kinase II-HMG1 complex",4,4,100,"P09429, P19784, P67870, P68400","GO:0006468;GO:0032785;GO:0030234",12591939,-1.004,1.078,1.214,1.185,1.236,0.84
2720,"Casein kinase II (beta-dimer, alpha, alpha')",3,3,100,"P19784, P67870, P68400","GO:0006468;GO:0030234;GO:0032785",12591939,-1.004,1.078,1.214,1.186,1.237,0.259
2721,"HCF-1 complex",18,11,61.11,"O15047, O15294, O75182, O75446, P07900, P08047, P11021, P11142, P34932, P51610, P61964, Q09028, Q13547, Q16576, Q92769, Q96ST3, Q9H7L9, Q9UBL3","GO:0006265;GO:0000910;GO:0000917;GO:2001141;GO:0006355;GO:0000902;GO:0016049;GO:0051276;GO:0005634;GO:0016575;GO:0016571",12670868,-1.03,-1.057,-1.076,-1.267,-1.557,0.15
2723,"ATM-NBN complex",2,1,50,"O60934, Q13315","GO:0000075;GO:0006468;GO:0046777;GO:0006974;GO:0009314;GO:0005634",10839544,NA,NA,NA,NA,NA,NA
2724,"Ubiquitin E3 ligase (NFKBIA, BTRC, CUL1, SKP1A)",4,2,50,"P25963, P63208, Q13616, Q9Y297","GO:0016567;GO:0043161;GO:0006511",10644755,1.113,1.056,1.079,-1.115,-1.104,0.872
2725,"Ubiquitin E3 ligase (NFKBIA, FBXW11, CUL1, SKP1A)",4,2,50,"P25963, P63208, Q13616, Q9UKB1","GO:0016567;GO:0043161;GO:0006511;GO:0005737;GO:0043122",10644755,1.113,1.056,1.079,-1.115,-1.104,0.872
2726,"PXN-ITGB5-PTK2 complex",3,3,100,"P18084, P49023, Q05397","GO:0007229",11278329,1.156,1.302,1.054,-1.267,-1.402,0.429
2727,"SRC-3 complex",7,4,57.14,"O14920, O15111, P10155, Q15596, Q92793, Q9Y6K9, Q9Y6Q9","GO:0045893;GO:0006473;GO:0006476;GO:0007249;GO:0023052;GO:0006954;GO:0005634",11971985,-1.025,-1.037,-1.082,-1.224,-1.256,0.158
2728,"SRC-1 complex",4,1,25,"P10155, Q15596, Q15788, Q92793","GO:0007249;GO:0023052;GO:0005634",11971985,NA,NA,NA,NA,NA,NA
2730,"Set1B complex",6,3,50,"P61964, Q15291, Q6UXN9, Q9P0U4, Q9UBL3, Q9UPS6","GO:0006265;GO:0006349;GO:0018126;GO:0006479;GO:0003677;GO:0051276;GO:0005634",17355966,1.016,1.169,1.148,-1.11,-1.415,0.649
2731,"Set1A complex",6,3,50,"O15047, P61964, Q15291, Q6UXN9, Q9P0U4, Q9UBL3","GO:0006265;GO:0003677;GO:0051276;GO:0005634;GO:0051568",17355966,1.016,1.169,1.148,-1.11,-1.415,0.649
2734,"APH1A-PSEN1-NCSTN complex",3,1,33.33,"P49768, Q92542, Q96BI3","GO:0043161;GO:0006511;GO:0007219;GO:0005886",12297508,NA,NA,NA,NA,NA,NA
2735,"APH1A-PSEN2-NCSTN complex",3,1,33.33,"P49810, Q92542, Q96BI3","GO:0043161;GO:0006511;GO:0007219",12297508,NA,NA,NA,NA,NA,NA
2738,"BLM complex II",6,3,50,"P15927, P27694, P35244, P54132, Q13472, Q9H9A7","GO:0051276;GO:0006281;GO:0006974;GO:0005634",12724401,-1.011,1.03,-1.076,-1.341,-1.51,0.243
2739,"FA complex (Fanconi anemia complex)",11,1,9.09,"O15287, O15360, P27694, P54132, Q00597, Q13472, Q8NB91, Q9H9A7, Q9HB96, Q9NPI8, Q9NW38","GO:0016567;GO:0006974;GO:0005634",12724401,NA,NA,NA,NA,NA,NA
2755,"17S U2 snRNP",33,30,90.91,"O15042, O43143, O75533, O75937, O75940, P08579, P09661, P10809, P14678, P26368, P62304, P62306, P62308, P62314, P62316, P62318, Q01081, Q07955, Q12874, Q12931, Q13435, Q15393, Q15427, Q15428, Q15459, Q7L014, Q7RTV0, Q8IWX8, Q96I25, Q9BWJ5, Q9P0W2, Q9UHX1, Q9Y3B4","GO:0008380;GO:0005634",12234937,-1.073,1.036,-1.039,-1.185,-1.317,0.024
2756,"Ubiquitin ligase (UBE2N, UBE2V2)",2,2,100,"P61088, Q15819","GO:0016567;GO:0019209;GO:0023052;GO:0036211",11460167,1.16,1.146,1.008,-1.026,-1.075,0.718
2757,"SMN complex, U7 snRNA specific",7,3,42.86,"P14678, P62304, P62306, P62308, P62318, P83369, Q969L4","GO:0008380;GO:0032774;GO:0003723;GO:0005737;GO:0005634;GO:0065003",12975319,-1.184,1.032,-1.117,-1.273,-1.266,0.185
2758,"TAK1 complex",3,2,66.67,"O43318, Q15750, Q9NYJ8","GO:0006468;GO:0007249;GO:0007254",11460167,1.088,-1.06,-1.139,-1.274,-1.348,0.502
2763,"MBD1-Suv39h1-HP1 complex",3,1,33.33,"O43463, P45973, Q9UIS9","GO:0006349;GO:0045892;GO:0018126;GO:0006479;GO:0005634",12711603,NA,NA,NA,NA,NA,NA
2764,"PRMT5 complex",1,1,100,"O14744","GO:0018126;GO:0006479;GO:0005737",11152681,NA,NA,NA,NA,NA,NA
2765,"PRMT1 complex",1,1,100,"Q99873","GO:0018126;GO:0006479;GO:0005634",11152681,NA,NA,NA,NA,NA,NA
2766,"TERF2-RAP1 complex",7,4,57.14,"P12956, P13010, P49959, Q15554, Q92878, Q9BSI4, Q9NYB0","GO:0003677;GO:0006974;GO:0051276;GO:0005634",15383534,-1.062,1.155,1.075,-1.093,-1.257,0.034
2767,"RAD50-MRE11-NBN-p200-p350 complex",3,3,100,"O60934, P49959, Q92878","GO:0006281;GO:0000075;GO:0003677;GO:0006974;GO:0005634",8756642,-1.142,1.126,1.068,-3.391,-1.317,0.451
2770,"ITGA6-ITGB4-CD9 complex",3,1,33.33,"P16144, P21926, P23229","GO:0048870",10711425,NA,NA,NA,NA,NA,NA
2772,"Ubiquitin E3 ligase (CRY1, SKP1A, CUL1, FBXL3)",4,2,50,"P63208, Q13616, Q16526, Q9UKT7","GO:0016567;GO:0043161;GO:0006511;GO:0007624;GO:0048511;GO:0005634",17463251,1.113,1.056,1.079,-1.115,-1.104,0.872
2773,"Ubiquitin E3 ligase (CRY2, SKP1A, CUL1, FBXL3)",4,2,50,"P63208, Q13616, Q49AN0, Q9UKT7","GO:0016567;GO:0043161;GO:0006511;GO:0007624;GO:0048511;GO:0005634",17463251,1.113,1.056,1.079,-1.115,-1.104,0.872
2774,"MDC1-H2AFX-TP53BP1 complex",3,2,66.67,"P16104, Q12888, Q14676","GO:0006281;GO:0000075;GO:0003677;GO:0006974;GO:0005634",12607005,1.162,1.102,-1.18,-1.251,-1.415,1
2775,"MDC1-p53BP1-SMC1 complex",3,3,100,"Q12888, Q14676, Q14683","GO:0006281;GO:0000075;GO:0003677;GO:0005634",12607005,1.125,-1.089,-1.545,-1.826,-2.247,0.731
2776,"RAD50-BRCA1 complex",2,1,50,"P38398, Q92878","GO:0006281;GO:0005634",11504724,NA,NA,NA,NA,NA,NA
2783,"BARD1-BRCA1-CSTF64 complex",3,1,33.33,"P33240, P38398, Q99728","GO:0031123;GO:0031124;GO:0006974;GO:0005634",11257228,NA,NA,NA,NA,NA,NA
2791,"MCM4-MCM6-MCM7 complex",3,3,100,"P33991, P33993, Q14566","GO:0051276;GO:0006260;GO:0005524;GO:0005634",9305914,-1.098,-1.746,-3.153,-6.636,-16.976,0.006
2792,"MCM2-MCM4-MCM6-MCM7 complex",4,4,100,"P33991, P33993, P49736, Q14566","GO:0051276;GO:0006260;GO:0005524;GO:0005634",9305914,-1.112,-1.771,-3.158,-6.345,-16.03,0.003
2797,"PCNA-CHL12-RFC2-5 complex",6,4,66.67,"P12004, P35249, P35250, P40937, P40938, Q8WVB6","GO:0006260;GO:0005634",12171929,-1.186,-1.43,-2.051,-2.841,-7.929,0.011
2804,"CTF18-cohesion-RFC complex",7,3,42.86,"P0CG13, P35249, P35250, P40937, P40938, Q8WVB6, Q9BVC3","GO:0006260;GO:0007059;GO:0003677;GO:0051276;GO:0005634",12930902,-1.21,-1.469,-2.023,-2.591,-9.126,0.041
2809,"9-1-1-APE1 complex",4,1,25,"O60671, O60921, P27695, Q99638","GO:0006281;GO:0000075;GO:0006974;GO:0005634;GO:0006284",17426133,NA,NA,NA,NA,NA,NA
2812,"RPAP1-RPB2-RPB3 complex",3,3,100,"P19387, P30876, Q9BWH6","GO:0006351;GO:0005634",15282305,-1.038,-1.044,-1.095,-1.125,-1.223,0.907
2814,"BRCA1-HDAC1-HDAC2 complex",3,1,33.33,"P38398, Q13547, Q92769","GO:0006281;GO:0006476;GO:0005634",10220405,NA,NA,NA,NA,NA,NA
2815,"BRCA1-BARD1-BACH1-DNA damage complex II",8,3,37.5,"O14867, O60934, P38398, P49959, Q92547, Q92878, Q99708, Q99728","GO:0006260;GO:0006281;GO:0000075;GO:0006974;GO:0005634",16391231,-1.142,1.126,1.068,-3.391,-1.317,0.451
2816,"ITGAV-ITGB3 complex",2,1,50,"P05106, P06756","GO:0005515;GO:0016477;GO:0007155;GO:0016049;GO:0008305",8798654,NA,NA,NA,NA,NA,NA
2819,"BRCA1-CtIP-CtBP complex",3,1,33.33,"P38398, Q13363, Q99708","GO:0006281;GO:2001141;GO:0006355;GO:0006974;GO:0005634",10196224,NA,NA,NA,NA,NA,NA
2820,"BRCA1-VCP complex",2,1,50,"P38398, P55072","GO:0006281;GO:0005634",10855792,NA,NA,NA,NA,NA,NA
2823,"BRCA1-BARD1-UbcH7c complex",3,1,33.33,"P38398, P68036, Q99728","GO:0006974;GO:0005634",12732733,NA,NA,NA,NA,NA,NA
2825,"BRCA1-RNA polymerase II complex",26,14,53.85,"O15514, P13984, P18074, P19387, P19388, P19447, P20226, P24928, P29083, P29084, P30876, P32780, P35269, P36954, P38398, P52434, P52435, P53803, P61218, P62487, P62875, Q00403, Q13503, Q13888, Q13889, Q92759","GO:0006351;GO:0003677;GO:0005634",9159119,-1.496,-1.076,-1.631,-2.319,-2.808,0.045
2826,"ITGB3-ITGAV-VTN complex",3,1,33.33,"P04004, P05106, P06756","GO:0016477",10835423,NA,NA,NA,NA,NA,NA
2829,"RSmad complex",10,4,40,"P51532, P84022, Q13485, Q15796, Q8NFD5, Q8TAQ2, Q92793, Q92922, Q9UPN9, Q9Y6Q9","GO:2001141;GO:0006355;GO:0007179;GO:0005634",16751102,-1.128,-1.306,-1.355,-1.565,-3.862,0.094
2830,"TIF1gamma-SMAD2-SMAD3 complex",3,1,33.33,"P84022, Q15796, Q9UPN9","GO:2001141;GO:0006355;GO:0007179;GO:0030097;GO:0005634",16751102,NA,NA,NA,NA,NA,NA
2833,"SRm160-SRm300 complex",2,2,100,"Q8IYB3, Q9UQ35","GO:0008380;GO:0003723;GO:0016363",9531537,-1.058,1.076,1.023,-1.209,-1.644,0.048
2834,"SMAD4-SMAD2-SMAD3 complex",3,1,33.33,"P84022, Q13485, Q15796","GO:0006355;GO:0007179;GO:0005634",16751102,NA,NA,NA,NA,NA,NA
2838,"MEP50-PRMT5-ICLN complex",3,3,100,"O14744, P54105, Q9BQA1","GO:0045893;GO:0003677;GO:0030850;GO:0005634;GO:0030521",12972618,-1.13,1.043,1.037,1.042,1.082,0.302
2839,"ATRX-DAXX complex",2,2,100,"P46100, Q9UER7","GO:0006265;GO:0006355;GO:0051276;GO:0005634",12953102,-1.064,1.246,-1.119,-1.561,-1.635,0.078
2842,"DAXX-Axin-p53-HIPK2 complex",4,1,25,"O15169, P04637, Q9H2X6, Q9UER7","GO:2001141;GO:0006355;GO:0006468;GO:0009314;GO:0006915;GO:0005634",17210684,NA,NA,NA,NA,NA,NA
2846,"ITGAV-ITGB3-THBS1 complex",3,1,33.33,"P05106, P06756, P07996","GO:0005515",2478219,NA,NA,NA,NA,NA,NA
2849,"ITGAV-ITGB3-NOV complex",3,1,33.33,"P05106, P06756, P48745","GO:0005515;GO:0007155",12902636,NA,NA,NA,NA,NA,NA
2850,"ITGA5-ITGB1-FN-1-NOV complex",4,3,75,"P02751, P05556, P08648, P48745","GO:0005515;GO:0007155",12902636,1.153,-1.47,-1.875,-1.817,-1.293,0.121
2851,"ING2 complex",13,3,23.08,"A0A024R3R1, O75446, P29374, Q09028, Q13547, Q16576, Q5PSV4, Q92769, Q96ST3, Q9H0E3, Q9H160, Q9H7L9, Q9HCU9","GO:0006265;GO:0000278;GO:0051726;GO:0006473;GO:0006476;GO:0006915;GO:0001525;GO:0051276;GO:0005634",16387653,1.033,-1.017,-1.092,-1.329,-1.642,0.031
2852,"Brg1-based SWI/SNF complex",4,3,75,"O96019, Q12824, Q8TAQ2, Q92922","GO:0006265;GO:0000278;GO:0051726;GO:2001141;GO:0006355",16387653,-1.093,-1.247,-1.355,-1.618,-6.338,0.155
2853,"ITGA5-ITGB1-CAL4A3 complex",3,3,100,"P05556, P08648, P39060","GO:0006469;GO:0019210",12682293,1.01,-1.251,-1.594,-1.715,-1.614,0.357
2856,"NuA4/Tip60 HAT complex",10,2,20,"O96019, Q92993, Q96L91, Q9H0E9, Q9H2F5, Q9NPF5, Q9NXR8, Q9UBU8, Q9Y265, Q9Y4A5","GO:0051276;GO:0006281;GO:0006265;GO:0000278;GO:0051726;GO:0003677;GO:0006915;GO:0005634;GO:0016573",16387653,1.001,1.007,-1.114,-1.285,-1.414,0.057
2857,"NuA4/Tip60 HAT complex",14,3,21.43,"O95619, O96019, Q52LR7, Q92993, Q96L91, Q9H0E9, Q9H2F5, Q9HAF1, Q9NPF5, Q9NXR8, Q9UBU8, Q9Y230, Q9Y265, Q9Y4A5","GO:0051276;GO:0006281;GO:0006265;GO:0000278;GO:0051726;GO:0003677;GO:0006915;GO:0005634;GO:0016573",16387653,-1.011,-1.008,-1.109,-1.27,-1.363,0.029
2861,"DSIF complex (DRB sensitivity-inducing factor complex)",2,1,50,"O00267, P63272","GO:0006354;GO:0045892;GO:0051098;GO:0005515;GO:0005634",9450929,NA,NA,NA,NA,NA,NA
2863,"Serine-palmitoyltransferase (SPTLC1, SPTLC3) complex",2,1,50,"O15269, Q9NUV7","GO:0002178;GO:0016409;GO:0005783;GO:0030148",17023427,NA,NA,NA,NA,NA,NA
2873,"P-TEFb-7SKRNA-HEXIM1 complex",3,2,66.67,"O60563, O94992, P50750","GO:0006354;GO:2001141;GO:0006355;GO:0005634",12832472,13.343,1.212,1.177,12.904,11.27,1
2875,"BRD4-P-TEFb complex",3,2,66.67,"O60563, O60885, P50750","GO:0006354;GO:0045893;GO:0005634;GO:0070816",16109376,11.394,1.113,-1.098,10.266,11.417,1
2880,"Ubiquitin E3 ligase (FBXW11, SKP1, CUL1)",3,2,66.67,"P63208, Q13616, Q9UKB1","GO:0006511;GO:0016567;GO:0006468;GO:0000087",15070733,1.113,1.056,1.079,-1.115,-1.104,0.872
2881,"Ubiquitin E3 ligase (BTRC, CUL1, RBX1, SKP1)",4,3,75,"P62877, P63208, Q13616, Q9Y297","GO:0016567;GO:0006468;GO:0006511;GO:0000087",15070733,-2.433,-1.057,-2.609,-2.991,-2.982,0.998
2882,"ITGA5-ITGB3-COL6A3 complex",3,1,33.33,"P05106, P08648, P12111","GO:0005515;GO:0007155;GO:0005886;GO:0031012",8387021,NA,NA,NA,NA,NA,NA
2884,"Respiratory chain complex I (early intermediate NDUFAF1 assembly), mitochondrial",7,3,42.86,"O75251, O75489, O95139, P03886, P56556, Q16795, Q9Y375","GO:0022904;GO:0005743;GO:0006119;GO:0009060;GO:1902600;GO:0065003",17557076,-1.009,1.248,1.314,1.308,1.377,0.114
2885,"ITGAV-ITGB1-SPP1 complex",3,2,66.67,"P05556, P06756, P10451","GO:0005515;GO:0007155;GO:0005886",7532190,1.116,1.137,-1.067,-1.207,-1.207,1
2892,"BCR-ABL (p185 fusion protein)-GRB2 complex",2,1,50,"P62993, Q13745","GO:0007186",8112292,NA,NA,NA,NA,NA,NA
2893,"BCR-ABL (p210 fusion protein)-GRB2-SOS1 complex",3,1,33.33,"A1Z199, P62993, Q07889","GO:0023052;GO:0007186",8112292,NA,NA,NA,NA,NA,NA
2895,"SHC-GRB2 complex",2,2,100,"P29353, P62993","GO:0023052",8112292,-1.29,-1.264,-1.337,-1.368,1.044,1
2896,"ITGA2B-ITGB3-CD47-FAK complex",4,1,25,"P05106, P08514, Q05397, Q08722","GO:0005515;GO:0007155",9169439,NA,NA,NA,NA,NA,NA
2898,"Respiratory chain complex I (intermediate I/200kD and III/250kD), mitochondrial",3,3,100,"O75306, O75489, Q16795","GO:0022904;GO:0005743;GO:0006119;GO:0009060;GO:1902600;GO:0065003",12941961,-1.061,1.291,1.323,1.297,1.341,0.044
2901,"Respiratory chain complex I (intermediate IV/310kD), mitochondrial",4,3,75,"O75306, O75489, P03886, Q16795","GO:0022904;GO:0005743;GO:0006119;GO:0009060;GO:1902600;GO:0065003",12941961,-1.061,1.291,1.323,1.297,1.341,0.044
2903,"Respiratory chain complex I (intermediate V/380kD and VI/480kD), mitochondrial",5,4,80,"O43678, O75306, O75489, P03886, Q16795","GO:0022904;GO:0005743;GO:0006119;GO:0009060;GO:1902600;GO:0065003",12941961,-1.062,1.245,1.292,1.233,1.32,0.252
2904,"Respiratory chain complex I (intermediate VII/650kD), mitochondrial",10,8,80,"O43181, O43678, O43920, O75251, O75306, O75489, P03886, P19404, P56556, Q16795","GO:0022904;GO:0005743;GO:0006119;GO:0009060;GO:1902600;GO:0065003",12941961,-1.071,1.201,1.254,1.223,1.297,0.146
2905,"Respiratory chain complex I (intermediate), mitochondrial",11,8,72.73,"O43181, O43678, O43920, O75251, O75306, O75489, O95139, P03886, P19404, P56556, Q16795","GO:0022904;GO:0005743;GO:0006119;GO:0009060;GO:1902600;GO:0065003",12941961,-1.071,1.201,1.254,1.223,1.297,0.146
2906,"Respiratory chain complex I (intermediate II/230kD), mitochondrial",3,2,66.67,"O43181, O75251, P19404","GO:0022904;GO:0005743;GO:0006119;GO:0009060;GO:1902600;GO:0065003",12941961,-1.093,1.092,1.141,1.077,1.04,0.544
2911,"SMRT-SKIP-CBF1 complex",3,2,66.67,"Q06330, Q13573, Q9Y618","GO:2001141;GO:0006355;GO:0006886;GO:0006605;GO:0015031;GO:0007219;GO:0005634",11509665,-1.213,1.008,-1.05,-1.374,-1.542,0.172
2914,"Respiratory chain complex I (beta subunit), mitochondrial",16,11,68.75,"O00483, O14561, O43674, O43676, O75438, O95139, O95168, O95169, O95178, O95298, O96000, P03905, P03915, P17568, Q9NX14, Q9Y6M9","GO:0022904;GO:0005743;GO:0006119;GO:0009060;GO:1902600;GO:0065003",15317750,-1.698,1.411,1.529,1.458,1.481,0.244
2917,"GRB2-SOS1 complex",2,1,50,"P62993, Q07889","GO:0007169;GO:0006955",9716598,NA,NA,NA,NA,NA,NA
2918,"Ku antigen-YY1-alphaMyHC promoter complex",3,3,100,"P12956, P13010, P25490","GO:0045892;GO:0003677;GO:0005634",15367688,-1.026,1.151,1.077,-1.089,-1.253,0.041
2919,"Respiratory chain complex I (gamma subunit), mitochondrial",13,5,38.46,"O15239, O43677, O43920, O95167, O95299, P03886, P03891, P03897, P03901, P03923, P51970, P56556, Q16795","GO:0022904;GO:0005743;GO:0006119;GO:0009060;GO:1902600;GO:0065003",15317750,1.009,1.337,1.413,1.362,1.464,0.075
2920,"Respiratory chain complex I (lambda subunit), mitochondrial",16,13,81.25,"O00217, O43181, O43678, O75251, O75306, O75380, O75489, O95182, P19404, P28331, P49821, P56181, Q16718, Q86Y39, Q9P0J0, Q9UI09","GO:0022904;GO:0005743;GO:0006119;GO:0009060;GO:1902600;GO:0065003",15317750,-1.017,1.253,1.295,1.278,1.303,0.071
2921,"SHARP-CtBP complex",3,2,66.67,"P56545, Q13363, Q96T58","GO:0045892;GO:0003677;GO:0007219;GO:0005634",16287852,-1.044,1.072,1.02,-1.189,-1.354,1
2922,"LAT-PLC-gamma-1-p85-GRB2-SOS signaling complex, C305 activated",5,2,40,"O43561, P19174, P27986, P62993, Q07889","GO:0007169;GO:0050896;GO:0048015",9489702,1.021,1.055,1.132,1.07,1.103,1
2923,"SHARP-CtBP1-CtIP complex",3,1,33.33,"Q13363, Q96T58, Q99708","GO:0045892;GO:0003677;GO:0007219;GO:0005634",16287852,NA,NA,NA,NA,NA,NA
2931,"SHARP-CtBP1-CtIP-RBP-Jkappa corepressor complex",4,1,25,"Q06330, Q13363, Q96T58, Q99708","GO:0045892;GO:0003677;GO:0007219;GO:0005634",16287852,NA,NA,NA,NA,NA,NA
2936,"Ecsit complex (ECSIT, GAPDH, MT-CO2, NDUFAF1, TRAF6)",5,2,40,"P00403, P04406, Q9BQ95, Q9Y375, Q9Y4K3","GO:0005739;GO:0034985;GO:0065003",17344420,1.165,1.269,1.131,1.048,-1.091,1
2938,"ECSIT complex (ECSIT, NDUFS3, TOMM20)",3,1,33.33,"O75489, Q15388, Q9BQ95","GO:0005739;GO:0065003",17344420,NA,NA,NA,NA,NA,NA
2939,"Ecsit complex (ECSIT, MT-CO2, MT-ND1, NDUFA1, NDUFAF1, TRAF6)",6,1,16.67,"O15239, P00403, P03886, Q9BQ95, Q9Y375, Q9Y4K3","GO:0005739;GO:0034985;GO:0065003",17344420,NA,NA,NA,NA,NA,NA
2942,"Ecsit complex (ECSIT, NDUFS3, NDUFAF1)",3,1,33.33,"O75489, Q9BQ95, Q9Y375","GO:0005739;GO:0034985;GO:0065003",17344420,NA,NA,NA,NA,NA,NA
2945,"RBP-Jkappa-RING1-KyoT2 complex",3,2,66.67,"Q06330, Q06587, Q13642","GO:0045892;GO:0003677;GO:0005515;GO:0007219;GO:0005634",14999091,-1.055,1.151,1.233,1.258,1.387,1
2946,"YY1-Notch1-RBP-Jkappa complex",3,1,33.33,"P25490, P46531, Q06330","GO:0045893;GO:0003677;GO:0007219;GO:0005634",12913000,NA,NA,NA,NA,NA,NA
2947,"YY1-Notch1 complex",2,1,50,"P25490, P46531","GO:0003677;GO:0007219;GO:0005634",12913000,NA,NA,NA,NA,NA,NA
2948,"Respiratory chain complex I (incomplete intermediate), mitochondrial",11,9,81.82,"O43181, O75251, O75306, O75380, O95169, O95299, P19404, P28331, P49821, P56181, Q16795","GO:0022904;GO:0005743;GO:0006119;GO:0009060;GO:1902600;GO:0065003",17438127,-1.432,1.275,1.375,1.338,1.343,0.096
2955,"LCK-SLP76-PLC-gamma-1-LAT complex, pervanadate-activated",4,1,25,"O43561, P06239, P19174, Q13094","GO:0007169;GO:0050896",16938345,NA,NA,NA,NA,NA,NA
2956,"PLC-gamma-1-LAT-c-CBL complex, OKT3 stimulated",3,2,66.67,"O43561, P19174, P22681","GO:0007169;GO:0050896",16938345,-1.1,-1.288,-1.304,-1.622,-31.247,0.673
2957,"LAT-GRB2 complex, Fyn-mLck(KA) or Syk kinase activated",2,1,50,"O43561, P62993","GO:0007169;GO:0050896",16938345,NA,NA,NA,NA,NA,NA
2958,"SMAD1-CBP complex",2,1,50,"Q15797, Q92793","GO:0006265;GO:0045893;GO:0006473;GO:0006476;GO:0007179;GO:0051276;GO:0005634",10673036,NA,NA,NA,NA,NA,NA
2959,"SMAD1-OAZ-HsN3 complex",3,2,66.67,"P28070, P54368, Q15797","GO:2001141;GO:0006355;GO:0043161;GO:0006511;GO:0003677;GO:0007179;GO:0005634",12097147,1.056,1.168,1.152,1.149,1.175,1
2960,"SLP-76-PLC-gamma-1-ITK complex, alpha-TCR stimulated",3,1,33.33,"P19174, Q08881, Q13094","GO:0023052;GO:0048015",17148460,NA,NA,NA,NA,NA,NA
2961,"SLP-76-PLC-gamma-1-VAV complex, alpha-TCR stimulated",3,1,33.33,"P15498, P19174, Q13094","GO:0023052;GO:0048015",17148460,NA,NA,NA,NA,NA,NA
2962,"CRK-BCAR1-DOCK1 complex",3,3,100,"P46108, P56945, Q14185","GO:0007229;GO:0006909;GO:0043067",11146654,-1.156,-1.157,-1.086,-1.238,-1.397,0.617
2966,"NuMA-LGN-G-alpha-i-1 complex",3,1,33.33,"P63096, P81274, Q14980","GO:0000278;GO:0051726;GO:0051225;GO:0007098",15537540,NA,NA,NA,NA,NA,NA
2970,"mTORC1 complex (MLST8, MTOR, RAPTOR)",3,1,33.33,"P42345, Q8N122, Q9BVC4","GO:0000902;GO:0016049;GO:0071900;GO:0033554;GO:0019725;GO:0010507",15467718,NA,NA,NA,NA,NA,NA
2971,"ITGA9-ITGB1-VEGFC complex",3,1,33.33,"P05556, P49767, Q13797","GO:0016477;GO:0007155;GO:0030154",15590642,NA,NA,NA,NA,NA,NA
2972,"ITGA9-ITGB1-VEGFA complex",3,1,33.33,"P05556, P15692, Q13797","GO:0001525",15590642,NA,NA,NA,NA,NA,NA
2985,"mTOR complex (MTOR, RAPTOR)",2,1,50,"P42345, Q8N122","GO:0000902;GO:0016049",12150925,NA,NA,NA,NA,NA,NA
2989,"ITGA9-ITGB1-ADAM8 complex",3,1,33.33,"P05556, P78325, Q13797","GO:0005515;GO:0007155;GO:0001503;GO:0030316",16995821,NA,NA,NA,NA,NA,NA
2998,"Axin-PP2A A-PP2A C-GSK3-beta-beta-catenin complex",4,2,50,"O15169, P35222, P49841, Q15172","GO:0016055",11818547,1.133,1.143,1.155,1.04,1.011,1
3004,"APC-AXIN1-CTNNB1 complex",3,1,33.33,"O15169, P25054, P35222","GO:0016055",16188939,NA,NA,NA,NA,NA,NA
3008,"60S APC containing complex",4,2,50,"P23258, P25054, P46940, Q71U36","GO:0030036;GO:0005737",17126424,1.036,1.078,1.015,-1.168,-1.395,0.167
3011,"APC-IQGAP1-Rac1 complex",3,2,66.67,"P25054, P46940, P63000","GO:0016477;GO:0007010;GO:0005856",15572129,1.042,1.094,-1.035,-1.243,-1.38,0.234
3012,"APC-IQGAP1-Cdc42 complex",3,2,66.67,"P25054, P46940, P60953","GO:0016477;GO:0007010;GO:0005856",15572129,-1.006,1.141,1.05,-1.228,-1.352,0.099
3015,"p27-cyclinE-Cdk2 - Ubiquitin E3 ligase (SKP1A, SKP2, CUL1, CKS1B, RBX1) complex",8,3,37.5,"P24864, P24941, P46527, P61024, P62877, P63208, Q13309, Q13616","GO:0000278;GO:0006468;GO:0016567;GO:0006511",17409098,-2.433,-1.057,-2.609,-2.991,-2.982,0.998
3032,"AGO2-DICER1-HSP90AB1-TARBP2 complex",4,2,50,"P08238, Q15633, Q9UKV8, Q9UPY3","GO:0032774;GO:0006396;GO:0003723;GO:0005737",16357216,1.117,1.041,1.134,1.167,1.139,0.611
3033,"PAC3-PAC4 complex",2,1,50,"Q5JS54, Q9BT73","GO:0065003",17707236,NA,NA,NA,NA,NA,NA
3034,"PAC1-PAC2 complex",2,2,100,"O95456, Q969U7","GO:0050821;GO:0006457;GO:0065003",16251969,-1.165,-1.438,-1.415,-1.629,-1.685,0.625
3035,"LAT2-ITGB1 complex",2,1,50,"P05556, Q9UHI5","GO:0016337",11507094,NA,NA,NA,NA,NA,NA
3036,"Ubiquitin E3 ligase (SKP1A, SKP2, CUL1, CKS1B, RBX1)",5,3,60,"P61024, P62877, P63208, Q13309, Q13616","GO:0000278;GO:0051726;GO:0016567;GO:0006511",17409098,-2.433,-1.057,-2.609,-2.991,-2.982,0.998
3038,"SMAD2-SMAD4-FAST1 complex",3,1,33.33,"O75593, Q13485, Q15796","GO:0045893;GO:0003677;GO:0007179;GO:0005634",9389648,NA,NA,NA,NA,NA,NA
3039,"SMAD2-FAST1 complex",2,1,50,"O75593, Q15796","GO:0003677;GO:0007179;GO:0005634",9389648,NA,NA,NA,NA,NA,NA
3040,"Multisynthetase complex",11,11,100,"O43324, P07814, P14868, P41252, P47897, P54136, P56192, Q12904, Q13155, Q15046, Q9P2J5","GO:0004812;GO:0005737;GO:0005634",16169847,1.037,-1.033,1.009,1.088,1.141,0.437
3045,"hs4 enhancer complex (faster migrating complex)",5,3,60,"P09086, P14859, P19838, P25490, Q04206","GO:2001141;GO:0006355;GO:0003677;GO:0007249;GO:0030183;GO:0005634",14707079,-1.134,-1.033,-1.066,-1.273,-1.388,0.833
3046,"hs4 enhancer complex (slow migrating complex)",2,1,50,"P25490, Q01201","GO:2001141;GO:0006355;GO:0003677;GO:0007249;GO:0043066;GO:0030183;GO:0005634",14707079,NA,NA,NA,NA,NA,NA
3048,"mSin3A corepressor complex",5,3,60,"Q09028, Q13547, Q16576, Q92769, Q96ST3","GO:0006265;GO:0045892;GO:0006476;GO:0003677;GO:0051276;GO:0005634;GO:0016575",9150133,1.033,-1.017,-1.092,-1.329,-1.642,0.031
3051,"MAD-MAX complex",2,1,50,"P61244, Q05195","GO:0045892;GO:0003677;GO:0005634",8224841,NA,NA,NA,NA,NA,NA
3052,"MYC-MAX complex",2,1,50,"P01106, P61244","GO:0045893;GO:0003677;GO:0005634",8224841,NA,NA,NA,NA,NA,NA
3053,"mSin3A-HDAC1-HDAC2 complex",3,1,33.33,"Q13547, Q92769, Q96ST3","GO:0006265;GO:0045892;GO:0006476;GO:0051276;GO:0005634",9150134,NA,NA,NA,NA,NA,NA
3054,"MAD1-mSin3A-HDAC2 complex",3,1,33.33,"Q05195, Q92769, Q96ST3","GO:0006265;GO:2001141;GO:0006355;GO:0006476;GO:0051276;GO:0005634",9150134,NA,NA,NA,NA,NA,NA
3055,"Nop56p-associated pre-rRNA complex",104,94,90.38,"O00567, O76021, P05141, P05386, P05387, P05388, P06748, P08708, P09651, P11387, P13639, P15880, P16402, P18077, P18124, P18621, P19338, P22087, P25398, P26368, P26373, P27635, P30050, P32969, P35268, P36578, P37108, P39023, P40429, P42766, P46776, P46777, P46778, P46779, P46781, P47914, P49411, P50914, P52272, P55209, P55769, P61247, P61254, P61313, P61353, P61513, P62081, P62241, P62244, P62249, P62263, P62266, P62269, P62273, P62277, P62280, P62424, P62736, P62750, P62753, P62829, P62841, P62847, P62888, P62891, P62899, P62906, P62910, P62913, P62917, P63267, P67809, P68104, P83731, P83881, P84098, Q00839, Q01081, Q02543, Q02878, Q07020, Q08211, Q12905, Q12906, Q13428, Q13610, Q14978, Q6P3W7, Q71U36, Q8TDN6, Q92522, Q96SB4, Q99848, Q99879, Q9BQG0, Q9BVP2, Q9H4B7, Q9NR30, Q9NW13, Q9NX58, Q9NZI8, Q9Y2X3, Q9Y383, Q9Y3U8","GO:0042254;GO:0005634",12777385,1.027,-1.14,-1.135,-1.177,-1.275,0.066
3057,"ITGA10-ITGB1 complex",2,1,50,"O75578, P05556","GO:0051211;GO:0008305;GO:0007155",9685391,NA,NA,NA,NA,NA,NA
3058,"ITGA11-ITGB1 complex",2,2,100,"P05556, Q9UKX5","GO:0005515;GO:0016477;GO:0008305;GO:0007155",10464311,1.048,-22.802,-1.27,-1.123,1.246,1
3059,"ITGA11-ITGB1-COL1A1 complex",3,3,100,"P02452, P05556, Q9UKX5","GO:0007229",10464311,1.485,-15.946,2.171,2.472,2.842,1
3060,"RNA polymerase II complex (RPB1, RAP74, CDK8, CYCC, SRB7, BAF190, BAF47), chromatin structure modifying",7,2,28.57,"P24863, P24928, P35269, P49336, P51531, Q12824, Q13503","GO:0006265;GO:0006351;GO:0003677;GO:0005634",9710619,-1.114,-1.178,-1.363,-1.583,-1.808,0.42
3061,"RNA polymerase II complex (CBP, PCAF, RPB1, BAF47, CYCC, CDK8), chromatin structure modifying",6,1,16.67,"P24863, P24928, P49336, Q12824, Q92793, Q92831","GO:0006265;GO:0006351;GO:0003677;GO:0005634",9710619,NA,NA,NA,NA,NA,NA
3062,"RNA polymerase II complex, (CBP, RPBI, PCAF, BAF47), chromatin structure modifying",4,1,25,"P24928, Q12824, Q92793, Q92831","GO:0006265;GO:0006351;GO:0003677;GO:0005634",9710619,NA,NA,NA,NA,NA,NA
3063,"Brg1-associated complex II",7,6,85.71,"O14497, O14744, O96019, P51532, Q12824, Q8TAQ2, Q92922","GO:0006265;GO:2001141;GO:0006355;GO:0003677;GO:0051276;GO:0005634",11238380,-1.09,-1.224,-1.361,-4.169,-9.497,0.233
3064,"RNA polymerase II complex, chromatin structure modifying",16,7,43.75,"P20226, P24863, P24928, P29083, P32780, P35269, P49336, P51531, Q00403, Q12824, Q13503, Q14919, Q6UW60, Q8TAQ2, Q92922, Q96GM5","GO:0006265;GO:0006351;GO:0003677;GO:0005634",9710619,-1.121,-1.173,-1.373,-2.555,-3.503,0.144
3065,"RNA polymerase II complex, chromatin structure modifying",9,4,44.44,"O96019, P24863, P49336, Q12824, Q13503, Q8TAQ2, Q92922, Q969G3, Q96GM5","GO:0006265;GO:0006351;GO:0003677;GO:0005634",9710619,-1.12,-1.212,-1.327,-1.669,-3.746,0.061
3066,"RNA polymerase II complex, chromatin structure modifying",13,4,30.77,"P19447, P24863, P24928, P35269, P49336, P51531, P51532, Q00403, Q12824, Q13503, Q13889, Q92793, Q92831","GO:0006265;GO:0006351;GO:0003677;GO:0005634",9710619,-1.095,-1.143,-1.373,-2.853,-1.761,0.229
3067,"RNA polymerase II complex, (CDK8 complex), chromatin structure modifying",8,3,37.5,"P24863, P35269, P49336, P51946, Q12824, Q13503, Q8TAQ2, Q92922","GO:0006265;GO:0006351;GO:0003677;GO:0005634",9710619,-1.147,-1.395,-1.482,-1.779,-7.931,0.322
3070,"CTF18-cohesion-RFC-POLH complex",8,3,37.5,"P0CG13, P35249, P35250, P40937, P40938, Q8WVB6, Q9BVC3, Q9Y253","GO:0006260;GO:0006310;GO:0006281;GO:0003677;GO:0005634",17545166,-1.21,-1.469,-2.023,-2.591,-9.126,0.041
3071,"CTLH complex, 20S",5,2,40,"Q7L5Y9, Q8IUR7, Q96S59, Q9H871, Q9UL63","None",17467196,-1.025,-1.459,-27.892,-1.446,-1.409,1
3075,"UTX-MLL2/3 complex",12,3,25,"O14686, O15550, P61964, Q14686, Q15291, Q5H9R7, Q6ZW49, Q86UW6, Q86XN7, Q8NEZ4, Q9UBL3, Q9Y2X9","GO:0045893;GO:0018126;GO:0006479;GO:0005634;GO:0036211",17761849,-1.044,-1.016,-1.026,-1.189,-1.548,0.824
3078,"DGCR8-NCL complex",2,1,50,"P19338, Q8WYQ5","GO:0006396;GO:0003723;GO:0005730",17765891,NA,NA,NA,NA,NA,NA
3079,"DGCR8-ILF3 complex",2,1,50,"Q12906, Q8WYQ5","GO:0006396;GO:0003723;GO:0005730",17765891,NA,NA,NA,NA,NA,NA
3080,"ILF3-XPO5 complex",2,2,100,"Q12906, Q9HAV4","GO:0005634;GO:0006405;GO:0005737",17765891,-1.022,-1.002,-1.027,-1.105,-1.187,1
3082,"DGCR8 multiprotein complex",11,10,90.91,"O43390, P11021, P17844, P19338, P31943, P35637, Q00839, Q08211, Q12906, Q8WYQ5, Q92841","GO:0006396;GO:0005634",17765891,1.028,1.173,1.12,-1.023,-1.165,0.091
3084,"CCND1-CDK4 complex",2,1,50,"P11802, P24385","GO:0000278;GO:0006468;GO:0005634;GO:0097128",9447971,NA,NA,NA,NA,NA,NA
3085,"CCND2-CDK4 complex",2,1,50,"P11802, P30279","GO:0000278;GO:0006468;GO:0005634;GO:0097129",9447971,NA,NA,NA,NA,NA,NA
3086,"CCND3-CDK4 complex",2,1,50,"P11802, P30281","GO:0000278;GO:0006468;GO:0005634;GO:0097130",9447971,NA,NA,NA,NA,NA,NA
3087,"CCND1-CDK6 complex",2,1,50,"P24385, Q00534","GO:0000278;GO:0006468;GO:0005634;GO:0097131",9447971,NA,NA,NA,NA,NA,NA
3088,"CCND2-CDK6 complex",2,1,50,"P30279, Q00534","GO:0000278;GO:0006468;GO:0005634;GO:0097132",9447971,NA,NA,NA,NA,NA,NA
3089,"CCND3-CDK6 complex",2,1,50,"P30281, Q00534","GO:0000278;GO:0006468;GO:0005634;GO:0097133",9447971,NA,NA,NA,NA,NA,NA
3092,"APP-TOMM40 complex, mitochondrial",2,2,100,"O96008, P05067","GO:0006886;GO:0006605;GO:0015031;GO:0005739;GO:0005741",16943564,1.065,1.38,1.546,1.69,1.765,0.819
3093,"APP-TIMM23 complex, mitochondrial",2,1,50,"O14925, P05067","GO:0006886;GO:0006605;GO:0015031;GO:0005739;GO:0005743",16943564,NA,NA,NA,NA,NA,NA
3096,"ITGA6-ITGB4-SHC1-GRB2 complex",4,3,75,"P16144, P23229, P29353, P62993","GO:0023052;GO:0007010",7556090,1.132,1.102,1.378,1.489,1.466,0.95
3099,"COIL-TIMM50a complex",2,1,50,"P38432, Q3ZCQ8-2","GO:0005634;GO:0016791;GO:0051030;GO:0015030;GO:0030532",16008839,NA,NA,NA,NA,NA,NA
3102,"DHX9-ADAR-vigilin-DNA-PK-Ku antigen complex",6,6,100,"P12956, P13010, P55265, P78527, Q00341, Q08211","GO:0006265;GO:0007059;GO:0016556;GO:0003723;GO:0051276;GO:0005634",15723802,1.009,1.139,1.062,-1.079,-1.264,0.075
3103,"ITGAV-ITGB3-SLC3A2 complex",3,2,66.67,"P05106, P06756, P08195","GO:0007155;GO:0005886;GO:0048870",18032696,1.113,1.008,-1.107,-1.058,1.033,1
3104,"ITGB1-NRP1 complex",2,2,100,"O14786, P05556","GO:0007155;GO:0005886",17726369,-1.012,-1.408,-2.094,-3.108,-4.738,0.055
3110,"ITGAV-P2RY2-GNA12 complex",3,1,33.33,"P06756, P41231, Q03113","GO:0016477;GO:0005886",17452627,NA,NA,NA,NA,NA,NA
3111,"ITGA9-ITGB1-SPP1 complex",3,1,33.33,"P05556, P10451, Q13797","GO:0005515;GO:0007155",16005200,NA,NA,NA,NA,NA,NA
3112,"ITGA5-ITGB1-SPP1 complex",3,2,66.67,"P05556, P08648, P10451","GO:0005515;GO:0007155",16005200,1.01,-1.251,-1.594,-1.715,-1.614,0.312
3117,"ITGB5-ITGAV-VTN complex",3,2,66.67,"P04004, P06756, P18084","GO:0005515;GO:0007155",1694173,1.3,1.479,1.323,1.029,-1.08,0.541
3118,"SMN complex (GEMIN2, SMN1, SNRPB, SNRPDs)",7,5,71.43,"O14893, P14678, P62304, P62314, P62316, P62318, Q16637","GO:0005737;GO:0000387;GO:0034718",9323129,-1.101,1.044,-1.059,-1.203,-1.248,0.158
3128,"Gamma-secretase complex (APH1B, PSEN1, PSENEN, NCSTN)",4,1,25,"P49768, Q8WW43, Q92542, Q9NZ42","GO:0016485;GO:0051090;GO:0023052;GO:0007219;GO:0005886;GO:0005794",15286082,NA,NA,NA,NA,NA,NA
3129,"STAT6-p100-RHA complex",3,3,100,"P42226, Q08211, Q7KZF4","GO:0051276;GO:0006265;GO:0045893;GO:0003677;GO:0005634",16914450,1.036,-1.019,-1.027,-1.183,-1.2,1
3135,"TLE1 corepressor complex (MASH1 promoter-corepressor complex)",8,7,87.5,"P06748, P09874, P19338, P34932, Q02880, Q04724, Q15233, Q92878","GO:0045892;GO:0005515;GO:0003677;GO:0030182;GO:0005634",15607978,1.008,1.164,1.106,-1.118,-1.302,0.134
3137,"MASH1 promoter-coactivator complex",9,4,44.44,"P09874, P12931, P24928, P62805, P68431, Q14469, Q15233, Q92793, Q92831","GO:0045893;GO:0003677;GO:0007219;GO:0030182;GO:0005634",15607978,1.011,1.138,1.045,-1.155,-1.36,0.066
3142,"CAMK2-delta-MASH1 promoter-coactivator complex",8,4,50,"P09874, P12931, P24928, Q13557, Q14469, Q15233, Q92793, Q92831","GO:0045893;GO:0005515;GO:0003677;GO:0007219;GO:0030182;GO:0005634",15607978,-1.042,1.064,-1.03,-1.245,-1.483,0.083
3144,"GRB2-SOS1 complex",2,1,50,"P62993, Q07889","GO:0007264;GO:0007169",11777939,NA,NA,NA,NA,NA,NA
3149,"NK-3-Groucho-HIPK2-SIN3A-RbpA48-HDAC1 complex",6,1,16.67,"Q04724, Q09028, Q13547, Q96ST3, Q99801, Q9H2X6","GO:0006265;GO:0045892;GO:0006476;GO:0051276;GO:0005634",10559189,NA,NA,NA,NA,NA,NA
3151,"Sulphiredoxin-peroxiredoxin complex",2,1,50,"Q06830, Q9BYN0","GO:0005524;GO:0007165;GO:0005737",18172504,NA,NA,NA,NA,NA,NA
3153,"GNAQ-GEFT-RHOA complex",3,2,66.67,"P50148, P61586, Q86VW2","GO:0005525",18096806,-1.139,1.096,1.156,1.081,1.092,0.778
3155,"TFC4-CTNNB1 complex",2,1,50,"P35222, Q9NQB0","GO:0006351;GO:0016055",17072303,NA,NA,NA,NA,NA,NA
3156,"CBF1-HDAC1-SMRT complex",3,1,33.33,"Q06330, Q13547, Q9Y618","GO:0006265;GO:0045892;GO:0006476;GO:0051276;GO:0005634",9694793,NA,NA,NA,NA,NA,NA
3158,"RIAM-Rap1-GTP-profilin complex",3,2,66.67,"P07737, P62834, Q7Z5R6","GO:0007155;GO:0030036",15469846,-1.014,23.703,21.701,17.898,-1.081,1
3159,"RIAM-profilin complex",2,1,50,"P07737, Q7Z5R6","GO:0007155;GO:0030036",15469846,NA,NA,NA,NA,NA,NA
3160,"RIAM-VASP complex",2,1,50,"P50552, Q7Z5R6","GO:0007155;GO:0030036",15469846,NA,NA,NA,NA,NA,NA
3166,"AXIN1-APC-CTNNB1-GSK3B complex",4,2,50,"O15169, P25054, P35222, P49841","GO:0006468;GO:0016055;GO:0030877",10906131,1.133,1.143,1.155,1.04,1.011,1
3167,"NCOR-SIN3-HDAC-HESX1 complex",6,2,33.33,"O75182, Q13547, Q92769, Q96ST3, Q9UBX0, Q9Y618","GO:0006265;GO:0045892;GO:0006476;GO:0003677;GO:0007219;GO:0051276;GO:0005634;GO:0021983",11731482,-1.13,-1.089,-1.065,-1.442,-1.687,0.199
3168,"DAXX-AXIN complex",2,1,50,"O15169, Q9UER7","GO:0005515;GO:0019209;GO:0051090;GO:0009314;GO:0006915",17210684,NA,NA,NA,NA,NA,NA
3170,"Daxx-Axin-p53 complex",3,1,33.33,"O15169, P04637, Q9UER7","GO:2001141;GO:0006355;GO:0009314;GO:0006915;GO:0005634",17210684,NA,NA,NA,NA,NA,NA
3172,"NUMB-TP53-MDM2 complex",3,1,33.33,"P04637, P49757, Q00987","GO:0005515;GO:0007219;GO:0023052",18172499,NA,NA,NA,NA,NA,NA
3173,"CIN85 homotetramer complex",1,1,100,"Q96B97","GO:0007267",11071869,NA,NA,NA,NA,NA,NA
3174,"CIN85-BLNK complex",2,1,50,"Q8WV28, Q96B97","GO:0050853",11071869,NA,NA,NA,NA,NA,NA
3175,"CIN85-CBL complex",2,2,100,"P22681, Q96B97","GO:0005737;GO:0050853",11071869,-1.069,-1.265,-1.308,-1.382,-26.405,0.999
3176,"USP1-UAF1 complex",2,1,50,"O94782, Q8TAF3","GO:0016579;GO:0006974;GO:0005634",18082604,NA,NA,NA,NA,NA,NA
3177,"ARHGEF1-GNA14 complex",2,1,50,"O95837, Q92888","GO:0000902;GO:0016049",15735747,NA,NA,NA,NA,NA,NA
3181,"LMO4-CREB complex",2,1,50,"P16220, P61968","GO:0045893;GO:0019722;GO:0022008;GO:0048699",16899735,NA,NA,NA,NA,NA,NA
3182,"FHL2 homodimer complex",1,1,100,"Q14192","GO:0006355;GO:0005515",11046156,NA,NA,NA,NA,NA,NA
3183,"PDGFRA-SHP-2 complex, PDGF stimulated",2,1,50,"P16234, Q06124","GO:0007169",8943348,NA,NA,NA,NA,NA,NA
3184,"FHL3 homodimer complex",1,1,100,"Q13643","GO:0006355;GO:0005515",11046156,NA,NA,NA,NA,NA,NA
3186,"GRB2-SHP-2 complex, PDGF stimulated",2,2,100,"P62993, Q06124","GO:0007169",8943348,1.128,1.239,1.308,1.464,1.611,0.169
3187,"FHL2-FHL3 complex",2,2,100,"Q13643, Q14192","GO:0006355",11046156,1.189,1.273,1.181,1.103,1.09,1
3189,"FHL2-CREB complex",2,2,100,"P16220, Q14192","GO:0045893;GO:0003677",11046156,1.07,-1.037,-1.372,-1.512,-1.555,0.315
3190,"FHL3-CREB complex",2,2,100,"P16220, Q13643","GO:0045893;GO:0003677",11046156,-1.001,1.295,1.244,1.26,1.216,1
3198,"SKI-SMAD2 complex",2,1,50,"P12755, Q15796","GO:0045892;GO:0003677;GO:0007179;GO:0005634;GO:0060395",10485843,NA,NA,NA,NA,NA,NA
3204,"SMAD2-SKI-NCOR complex",3,1,33.33,"O75376, P12755, Q15796","GO:0045892;GO:0003677;GO:0007179;GO:0005634",10485843,NA,NA,NA,NA,NA,NA
3207,"LIN2-LIN7-SAP97-MINT1 complex",4,2,50,"O14910, O14936, Q02410, Q12959","GO:0006886;GO:0006605;GO:0015031;GO:0051211;GO:0009798;GO:0030855;GO:0002009",11865057,19.989,21.314,21.72,20.597,20.869,1
3208,"LIN2-LIN7 complex",2,1,50,"O14910, O14936","GO:0006886;GO:0006605;GO:0015031;GO:0051211;GO:0009798;GO:0030855;GO:0002009",11865057,NA,NA,NA,NA,NA,NA
3209,"LIN2-SAP97 complex",2,2,100,"O14936, Q12959","GO:0006886;GO:0015031;GO:0051211;GO:0009798;GO:0030855",11865057,19.989,21.314,21.72,20.597,20.869,1
3231,"EPS15-STON2 complex",2,1,50,"P42566, Q8WXE9","GO:0006886;GO:0006605;GO:0015031;GO:0016192",18200045,NA,NA,NA,NA,NA,NA
3233,"SMAD2-SMAD4-FAST1-TGIF complex, TGF(beta) induced",4,1,25,"O75593, Q13485, Q15583, Q15796","GO:0045892;GO:0003677;GO:0007179;GO:0005634;GO:0071559",9389648,NA,NA,NA,NA,NA,NA
3234,"SMAD2-SMAD4-FAST1-TGIF-HDAC1 complex, TGF(beta) induced",5,1,20,"O75593, Q13485, Q13547, Q15583, Q15796","GO:0006265;GO:0045892;GO:0003677;GO:0007179;GO:0051276;GO:0005634;GO:0071559",10199400,NA,NA,NA,NA,NA,NA
3262,"SCAMP1-SCAMP2-SCAMP3 complex",3,2,66.67,"O14828, O15126, O15127","GO:0015031;GO:0006892;GO:0016192;GO:0140318",9224770,1.071,-1.12,-1.206,-1.221,-1.158,0.882
3263,"HERP1/HEY2-NCOR-SIN3A complex",4,1,25,"Q13547, Q96ST3, Q9UBP5, Q9Y618","GO:0006265;GO:0045892;GO:0003677;GO:0051276;GO:0005634",11486045,NA,NA,NA,NA,NA,NA
3269,"RB1-HDAC1-BRG1 complex",3,1,33.33,"P06400, P51532, Q13547","GO:0006265;GO:0007050;GO:0045892;GO:0051276;GO:0005634",10778858,NA,NA,NA,NA,NA,NA
3271,"Gamma-secretase-Delta1 complex",5,1,20,"O00548, P49768, Q92542, Q96BI3, Q9NZ42","GO:0007219",12794186,NA,NA,NA,NA,NA,NA
3284,"SMN complex (GEMIN2, GEMIN3, GEMIN4, GEMIN5, SMN)",5,3,60,"O14893, P57678, Q16637, Q8TEQ6, Q9UHI6","GO:0008380;GO:0032774;GO:0003723;GO:0006811;GO:0005737;GO:0005634;GO:0065003",11714716,-1.048,-1.486,-1.245,-1.338,-1.418,0.425
3296,"DDX20-GEMIN4-GEMIN5 complex, SMN-independent intermediate",3,2,66.67,"P57678, Q8TEQ6, Q9UHI6","GO:0034716;GO:0017069",17640873,-1.111,-1.615,-1.351,-1.473,-1.544,0.459
3297,"GEMIN6-GEMIN7-STRAP complex, SMN-independent intermediate",3,1,33.33,"Q8WXD5, Q9H840, Q9Y3F4","GO:0005737;GO:0034717",17640873,NA,NA,NA,NA,NA,NA
3298,"SMN complex (GEMIN2, GEMIN5, SMN1)",3,2,66.67,"O14893, Q16637, Q8TEQ6","GO:0005737;GO:0032797;GO:0034718",17640873,-1.032,-1.412,-1.088,-1.125,-1.223,1
3458,"B23-NPM3 complex",2,2,100,"O75607, P06748","GO:0042254",15596447,-1.204,-1.163,-1.171,-1.334,-1.51,0.198
3492,"BAX homo-oligomer complex",1,1,100,"Q07812","GO:0006915;GO:0005739",15757910,NA,NA,NA,NA,NA,NA
3525,"COG subcomplex (COG5, COG6, COG7, COG8)",4,1,25,"P83436, Q96MW5, Q9UP83, Q9Y2V7","GO:0016192;GO:0007030;GO:0005737",15047703,NA,NA,NA,NA,NA,NA
3530,"COG subcomplex (COG5, COG7)",2,1,50,"P83436, Q9UP83","GO:0016192;GO:0007030;GO:0005794",15047703,NA,NA,NA,NA,NA,NA
3532,"COG1-COG8 subcomplex",2,1,50,"Q8WTW3, Q96MW5","GO:0015031;GO:0000301;GO:0007030",16020545,NA,NA,NA,NA,NA,NA
3544,"COG2-COG3-COG4 subcomplex",3,3,100,"Q14746, Q96JB2, Q9H9E3","GO:0015031;GO:0000301;GO:0007030",16020545,-1.073,-1.101,-1.058,1.118,1.151,0.496
3545,"COG5-COG6-COG7 subcomplex",3,1,33.33,"P83436, Q9UP83, Q9Y2V7","GO:0015031;GO:0000301;GO:0007030",16020545,NA,NA,NA,NA,NA,NA
3551,"COG1-COG8-COG2-COG3-COG4 subcomplex",5,4,80,"Q14746, Q8WTW3, Q96JB2, Q96MW5, Q9H9E3","GO:0015031;GO:0000301;GO:0007030",16020545,-4.323,-4.644,-1.02,1.201,1.215,0.46
3552,"COG1-COG8-COG5-COG6-COG7 subcomplex",5,2,40,"P83436, Q8WTW3, Q96MW5, Q9UP83, Q9Y2V7","GO:0015031;GO:0000301;GO:0007030",16020545,-293.346,-18.221,1.003,1.134,1.15,1
3556,"COG complex",8,5,62.5,"P83436, Q14746, Q8WTW3, Q96JB2, Q96MW5, Q9H9E3, Q9UP83, Q9Y2V7","GO:0007030;GO:0006486;GO:0006890;GO:0016192;GO:0005737",16020545,-5.298,-4.401,-1.022,1.184,1.201,0.526
3618,"GammaH2AFX-NDHII-Ku70-DNA complex",3,2,66.67,"P12956, P16104, Q08211","GO:0006281;GO:0006974;GO:0005634",15613478,1.015,1.133,1.09,1.003,-1.116,0.342
3634,"NR3C2-UBC9-SRC-1 complex",3,1,33.33,"P08235, P63279, Q15788","GO:0045893;GO:0005634",17105732,NA,NA,NA,NA,NA,NA
3677,"RIN1-STAM2-HRS complex",3,1,33.33,"O14964, O75886, Q13671","GO:0006886;GO:0006605;GO:0015031;GO:0005768",17403676,NA,NA,NA,NA,NA,NA
3739,"SKI-SMAD2-SMAD4  pentameric complex",3,1,33.33,"P12755, Q13485, Q15796","GO:2001141;GO:0006355;GO:0007179",17283070,NA,NA,NA,NA,NA,NA
3749,"CREBBP-SMAD2 hexameric complex",2,1,50,"Q15796, Q92793","GO:2001141;GO:0006355;GO:0007179",17283070,NA,NA,NA,NA,NA,NA
3753,"CREBBP-SMAD2-SMAD4 pentameric complex",3,1,33.33,"Q13485, Q15796, Q92793","GO:2001141;GO:0006355;GO:0007179",17283070,NA,NA,NA,NA,NA,NA
3847,"TCL1(trimer)-AKT1 complex",2,1,50,"P31749, P56279","GO:0019209",10983986,NA,NA,NA,NA,NA,NA
3979,"mTORC2 complex  (MAPKAP1, MLST8, MTOR, RICTOR)",4,2,50,"P42345, Q6R327, Q9BPZ7, Q9BVC4","GO:0000902;GO:0016049;GO:0030036;GO:0051896",17043309,-1.273,1.049,-1.026,-1.083,1.172,1
3988,"ClpP complex, heptameric",1,1,100,"Q16740","GO:0005515;GO:0005739",16115876,NA,NA,NA,NA,NA,NA
3991,"ClpX complex, hexameric",1,1,100,"O76031","GO:0005515;GO:0005739",16115876,NA,NA,NA,NA,NA,NA
3992,"ClpXP complex",2,2,100,"O76031, Q16740","GO:0030163;GO:0005515;GO:0005739",16115876,-1.054,1.104,1.038,-1.067,-1.098,1
4025,"ACTN1-PARVB complex",2,1,50,"P12814, Q9HBI1","GO:0007229;GO:0015629",15159419,NA,NA,NA,NA,NA,NA
4039,"PAR4-BACE1 complex",2,1,50,"P56817, Q96IZ0","GO:0030163",15671026,NA,NA,NA,NA,NA,NA
4043,"NEMO-HIF2(alpha)-ARNT complex",3,1,33.33,"P27540, Q99814, Q9Y6K9","GO:2001141;GO:0006355;GO:0007249",15653678,NA,NA,NA,NA,NA,NA
4062,"VEGF-A165-KDR-NRP1 complex",3,1,33.33,"O14786, P15692-4, P35968","GO:0007155;GO:0001525;GO:0007167;GO:0001568;GO:0001944",17575273,NA,NA,NA,NA,NA,NA
4072,"Ubiquitin E3 ligase (CUL1, RBX1, SKP1)",3,3,100,"P62877, P63208, Q13616","GO:0051276;GO:0016567;GO:0043161;GO:0006511",15118074,-2.433,-1.057,-2.609,-2.991,-2.982,0.998
4082,"WRN-XRCC6-XRCC5 complex",3,2,66.67,"P12956, P13010, Q14191","GO:0006281;GO:0003677;GO:0006974;GO:0005634",10783163,1.024,1.16,1.089,-1.004,-1.158,0.217
4095,"CTNNAL1-CTNNB1 complex",2,1,50,"P35222, Q9UBT7","GO:0023052;GO:0008013;GO:0098609",14993280,NA,NA,NA,NA,NA,NA
4096,"CTNNA1-CTNNB1 complex",2,2,100,"P35221, P35222","GO:0023052;GO:0008013;GO:0098609",14993280,1.132,1.167,1.209,1.065,-1.067,0.135
4151,"TSC (TSC1, TSC2, AXIN, GSK3) complex",4,1,25,"O15169, P49815, P49841, Q92574","GO:0033596;GO:0030111;GO:0009299;GO:1904713",15972957,NA,NA,NA,NA,NA,NA
4158,"HSP90-FKBP38-CAM-Ca(2+) complex",3,2,66.67,"P07900, P0DP23, Q14318","GO:0043067",17379601,1.02,-1.122,-1.167,-1.22,-1.272,0.291
4200,"DNM1L-FIS1 complex",2,2,100,"O00429, Q9Y3D6","GO:0007005;GO:0000266",12861026,1.064,21.706,20.867,19.775,19.021,1
4216,"HNRNPU-NR3C1 complex",2,1,50,"P04150, Q00839","GO:2001141;GO:0006355",9353307,NA,NA,NA,NA,NA,NA
4389,"EIF3 core complex (EIF3A, EIF3B, EIF3G, EIF3I)",4,4,100,"O75821, P55884, Q13347, Q14152","GO:0006413",14688252,-1.025,-1.203,-1.165,-1.184,-1.263,0.045
4392,"EIF3 complex (EIF3A, EIF3B, EIF3G, EIF3I, EIF3C)",5,5,100,"O75821, P55884, Q13347, Q14152, Q99613","GO:0006413",14688252,-1.029,-1.215,-1.17,-1.179,-1.256,0.043
4395,"EIF3 complex (EIF3B, EIF3G, EIF3I)",3,3,100,"O75821, P55884, Q13347","GO:0006413",14688252,-1.031,-1.206,-1.176,-1.201,-1.299,0.047
4399,"EIF3 complex (EIF3B, EIF3J, EIF3I)",3,3,100,"O75822, P55884, Q13347","GO:0006413",14688252,-1.005,-1.181,-1.156,-1.137,-1.174,0.293
4403,"EIF3 complex (EIF3A, EIF3B, EIF3G, EIF3I, EIF3J)",5,5,100,"O75821, O75822, P55884, Q13347, Q14152","GO:0006413",14688252,-1.02,-1.196,-1.162,-1.168,-1.23,0.05
4498,"p32-CBF-DNA complex",4,1,25,"P23511, P25208, Q07021, Q13952","GO:0045892;GO:0003677;GO:0005634",15243141,NA,NA,NA,NA,NA,NA
4869,"beta(1)-AR receptosome (ADRB1-SAP97-AKAP79-PRKAR2A)",4,2,50,"P08588, P13861, P24588, Q12959","GO:0006605;GO:0006468;GO:0007186;GO:0001881",17170109,1.022,1.095,1.067,1.048,1.031,1
4976,"SVIP-VCP-DERL1 complex",3,2,66.67,"P55072, Q8NHG7, Q9BUN8","GO:0030968;GO:0005783",17872946,1.015,-1.063,-1.039,1.027,1.092,1
4977,"AMFR-DERL1-VCP complex",3,2,66.67,"P55072, Q9BUN8, Q9UKV5","GO:0043161;GO:0006511;GO:0030968;GO:0005783",17872946,1.015,-1.063,-1.039,1.027,1.092,1
4997,"DERL1-VCP-VIMP complex",3,2,66.67,"P55072, Q9BQE4, Q9BUN8","GO:0036503;GO:0030970",16186509,1.015,-1.063,-1.039,1.027,1.092,1
4998,"VCP-VIMP-DERL2 complex",3,1,33.33,"P55072, Q9BQE4, Q9GZP9","GO:0030968;GO:0005783;GO:0036503",16186509,NA,NA,NA,NA,NA,NA
4999,"VCP-VIMP-DERL1-DERL2-HRD1-SEL1L complex",6,3,50,"P55072, Q86TM6, Q9BQE4, Q9BUN8, Q9GZP9, Q9UBV2","GO:0030968;GO:0005783;GO:0036503",16186509,1.043,1.08,1.186,1.418,1.456,0.277
5100,"CyclinD3-CDK4-CDK6 complex",3,2,66.67,"P11802, P30281, Q00534","GO:0000278;GO:0000082;GO:0035556;GO:0007519",8930396,1.006,-1.966,-1.925,-2.534,-2.715,0.091
5101,"CyclinD3-CDK4-CDK6-p21 complex",4,2,50,"P11802, P30281, P38936, Q00534","GO:0000278;GO:0000082;GO:0035556;GO:0007519",8930396,1.006,-1.966,-1.925,-2.534,-2.715,0.091
5107,"p34(SEI-1)-CDK4-CyclinD2 complex",3,1,33.33,"P11802, P30279, Q9UHV2","GO:0006260;GO:0035556",15065884,NA,NA,NA,NA,NA,NA
5117,"RBL2 complex (DNMT1, E2F4, E2F5, HDAC1, RBL2, SUV39H1)",6,1,16.67,"O43463, P26358, Q08999, Q13547, Q15329, Q16254","GO:0006351;GO:0030284",12789259,NA,NA,NA,NA,NA,NA
5153,"CTFC-TAF1 complex",2,1,50,"P49711, Q01105","GO:2001141;GO:0006355",14759373,NA,NA,NA,NA,NA,NA
5154,"CTCF-nucleophosmin complex",2,1,50,"P06748, P49711","GO:2001141;GO:0006355;GO:0005634",14759373,NA,NA,NA,NA,NA,NA
5165,"AP1G1-PACS1-FURIN complex",3,2,66.67,"O43747, P09958, Q6VY07","GO:0006886;GO:0006605;GO:0015031;GO:0016192",11331585,1.038,-1.059,-1.148,-1.322,-1.253,0.302
5176,"MGC1-DNA-PKcs-Ku complex",4,4,100,"P12956, P13010, P78527, Q14676","GO:0006281;GO:0000075;GO:0006974;GO:0005634",15377652,1.048,1.164,1.044,-1.073,-1.25,0.093
5177,"Polycystin-1 multiprotein complex (ACTN1, CDH1, SRC, JUP, VCL, CTNNB1, PXN, BCAR1, PKD1, PTK2, TLN1)",11,7,63.64,"P12814, P12830, P12931, P14923, P18206, P35222, P49023, P56945, P98161, Q05397, Q9Y490","GO:0007155;GO:0030855;GO:0002009;GO:0001822",11113628,-1.034,-1.057,-1.117,-1.251,-1.387,0.518
5179,"NCOA6-DNA-PK-Ku-PARP1 complex",5,4,80,"P09874, P12956, P13010, P78527, Q14686","GO:0006281;GO:0005634",12519782,1.012,1.222,1.14,-1.048,-1.232,0.034
5183,"DNA-PK-Ku-eIF2-NF90-NF45 complex",8,8,100,"P05198, P12956, P13010, P20042, P41091, P78527, Q12905, Q12906","GO:0006281;GO:0006468;GO:0046777;GO:0003677;GO:0005634",9442054,1.024,1.208,1.137,1.028,-1.118,0.38
5184,"SWI/SNF-related chromatin-remodeling complex",5,2,40,"P51531, P51608, Q13547, Q969G3, Q96ST3","GO:0045892;GO:0006338",15696166,1.083,1.503,1.403,1.153,1.191,1
5189,"YWHAQ-CALM1-CABIN1 complex",3,1,33.33,"P0DP23, P27348, Q9Y6J0","GO:0023052",15902271,NA,NA,NA,NA,NA,NA
5190,"TIAM1-EFNB1-EPHA2 complex",3,1,33.33,"P29317, P98172, Q13009","GO:0022008;GO:0031175",14988728,NA,NA,NA,NA,NA,NA
5193,"TNF-alpha/NF-kappa B signaling complex (CHUK, KPNA3, NFKB2, NFKBIB, REL, IKBKG,  NFKB1, NFKBIE, RELB,  NFKBIA, RELA, TNIP2)",12,6,50,"O00221, O00505, O15111, P19838, P25963, Q00653, Q01201, Q04206, Q04864, Q15653, Q8NFZ5, Q9Y6K9","GO:0007249;GO:0005125",14743216,-1.314,-1.162,-1.217,-1.296,-1.59,0.126
5194,"TNF-alpha/NF-kappa B signaling complex (SEC16A, CHUK, IKBKB, NFKB2, REL, IKBKG, MAP3K14, RELA, FBXW7, USP2)",10,5,50,"O14920, O15027, O15111, O75604, Q00653, Q04206, Q04864, Q969H0, Q99558, Q9Y6K9","GO:0007249;GO:0005125",14743216,-1.071,-1.093,-1.133,-1.258,-1.295,0.133
5195,"PTIP-HMT complex",10,3,30,"O15550, P61964, Q14686, Q15291, Q6ZW49, Q8NEZ4, Q9BTK6, Q9C005, Q9UBL3, Q9UMN6","GO:0006265;GO:2001141;GO:0006355;GO:0018126;GO:0006479;GO:0003677;GO:0051276;GO:0005634",17500065,-1.066,1.149,1.153,-10.66,-1.326,0.999
5196,"TNF-alpha/NF-kappa B signaling complex (CHUK, BTRC, NFKB2, PPP6C, REL, CUL1, IKBKE, SAPS2, SAPS1, ANKRD28, RELA, SKP1)",12,6,50,"O00743, O15084, O15111, O75170, P63208, Q00653, Q04206, Q04864, Q13616, Q14164, Q9UPN7, Q9Y297","GO:0007249;GO:0005125",14743216,-1.012,-1.03,-1.015,-1.167,-1.201,0.681
5197,"PTIP-DNA damage response complex",6,4,66.67,"O60934, P49959, P54132, Q12888, Q6ZW49, Q92878","GO:0006281;GO:0003677;GO:0006974;GO:0005634",17500065,-1.141,1.129,1.07,-3.336,-1.311,0.492
5199,"Kinase maturation complex 1",16,13,81.25,"P07900, P08238, P27348, P31946, P34932, P61981, P62258, P63104, Q04917, Q13163, Q16543, Q6Q0C0, Q7KZI7, Q99759, Q9NUG6, Q9UHV9","GO:0035556",14743216,-1.067,-1.044,-1.212,-1.309,-1.302,0.081
5209,"Ubiquilin-proteasome complex",6,6,100,"P25786, P25787, P60900, Q05086, Q9UHD9, Q9UMX0","GO:0043161;GO:0006511",10983987,1.014,1.007,1.025,1.054,1.119,0.155
5212,"Kinase maturation complex 2",8,4,50,"A7MCY6, P07900, P08238, Q12933, Q16543, Q92844, Q9H6S1, Q9UHD2","GO:0035556",14743216,-1.046,-1.074,-1.117,-1.216,-1.258,0.147
5215,"CS-MAP3K7IP1-MAP3K7IP2 complex",3,2,66.67,"O75390, Q15750, Q9NYJ8","GO:0035556",14743216,-1.043,1.026,-1.048,-1.122,-1.199,1
5217,"Calreticulin homodimer complex",2,1,50,"P27797, P27797-1","GO:0009408;GO:0051259;GO:0006950",15383281,NA,NA,NA,NA,NA,NA
5220,"CHUK-IQGAP2-AKAP8L-RELA-TNIP2 complex",5,3,60,"O15111, Q04206, Q13576, Q8NFZ5, Q9ULX6","GO:0035556",14743216,-1.579,-1.065,-1.564,-1.737,-1.249,0.349
5222,"p14-Mp1-MEK1 complex",3,2,66.67,"Q02750, Q9UHA4, Q9Y2Q5","GO:0000165",11266467,-1.158,-1.338,-1.502,-1.528,-1.523,0.998
5223,"Casein kinase II (beta-dimer, alpha'-dimer)",2,2,100,"P19784, P67870","GO:0006468",7768894,-1.004,1.078,1.214,1.186,1.237,0.232
5224,"Casein kinase II (beta-dimer, alpha, alpha')",3,3,100,"P19784, P67870, P68400","GO:0006468",7768894,-1.004,1.078,1.214,1.186,1.237,0.259
5225,"Casein kinase II (beta-dimer, alpha-dimer)",2,2,100,"P67870, P68400","GO:0006468",7768894,1.091,1.115,1.147,1.073,1.101,1
5226,"p14-Mp1-ERK2 complex",3,2,66.67,"P28482, Q9UHA4, Q9Y2Q5","GO:0000165",11266467,-1.036,-1.034,-1.013,1.017,1.002,1
5228,"REL-MAP3K8-RELA-TNIP2-PAPOLA complex",5,1,20,"P41279, P51003, Q04206, Q04864, Q8NFZ5","GO:0007249",14743216,NA,NA,NA,NA,NA,NA
5229,"RPA complex",3,3,100,"P15927, P27694, P35244","GO:0006260;GO:0003677",2833742,-1.011,1.03,-1.076,-1.341,-1.51,0.243
5230,"CHUK-NFKB2-REL-IKBKG-SPAG9-NFKB1-NFKBIE-COPB2-TNIP1-NFKBIA-RELA-TNIP2 complex",12,7,58.33,"O00221, O15111, O60271, P19838, P25963, P35606, Q00653, Q04206, Q04864, Q15025, Q8NFZ5, Q9Y6K9","GO:0007249",14743216,-1.018,-1.154,-1.176,-1.258,-1.291,0.292
5231,"53BP1-containing complex",5,5,100,"P12956, P13010, P15927, P27694, Q12888","GO:0006281;GO:0003677;GO:0006974",15856006,-1.007,1.107,1.013,-1.146,-1.317,0.018
5232,"TNF-alpha/Nf-kappa B signaling complex (RPL6, RPL30, RPS13, CHUK, DDX3X, NFKB2, NFKBIB, REL, IKBKG, NFKB1, MAP3K8, RELB, GLG1, NFKBIA, RELA, TNIP2,  GTF2I)",17,11,64.71,"O00571, O15111, P19838, P25963, P41279, P62277, P62888, P78347, Q00653, Q01201, Q02878, Q04206, Q04864, Q15653, Q8NFZ5, Q92896, Q9Y6K9","GO:0007249;GO:0005125",14743216,-1.218,-1.174,-1.188,-1.248,-1.488,0.018
5233,"TNF-alpha/NF-kappa B signaling complex 5",25,15,60,"O14920, O15111, O15446, O95602, P0DPB5, P19838, P23508, P42704, P46199, P52292, P52434, P62875, P63208, Q00653, Q04206, Q04864, Q13576, Q13616, Q15653, Q16342, Q9GZS1, Q9H9Y6, Q9UJF2, Q9UKB1, Q9Y6K9","GO:0007249;GO:0005125",14743216,-1.737,-1.373,-1.978,-2.318,-2.741,0.116
5234,"CDC37-HSP90AB1-HSP90AA1-IKBKB-KIAA1967 complex",5,5,100,"O14920, P07900, P08238, Q16543, Q8N163","None",14743216,-1.028,-1.041,-1.081,-1.208,-1.257,0.149
5235,"WRN-Ku70-Ku80-PARP1 complex",4,3,75,"P09874, P12956, P13010, Q14191","GO:0003677;GO:0006974;GO:0005634",14734561,1.005,1.191,1.105,-1.093,-1.298,0.028
5239,"CAP(C)-CAP(E) complex",2,1,50,"O95347, Q9NTJ3","GO:0000279;GO:0007067;GO:0030261;GO:0005634",9789013,NA,NA,NA,NA,NA,NA
5241,"SMC1-SMC3 complex",2,2,100,"Q14683, Q9UQE7","GO:0000279;GO:0007067;GO:0005634",9789013,-1.065,1.073,-1.095,-1.403,-1.579,0.012
5243,"XRCC1-LIG3-PNK-TDP1 complex",4,3,75,"P18887, P49916, Q96T60, Q9NUW8","GO:0006281",15744309,-1.218,-1.076,-1.291,-1.398,-1.415,0.223
5244,"Dolichol-phosphate mannose (DPM) synthase",3,2,66.67,"O60762, O94777, Q9P2X0","GO:0006486;GO:0042125;GO:0005783",10835346,1.174,1.044,1.033,1.012,-1.042,0.73
5251,"Ku-ORC complex",6,2,33.33,"O43929, P12956, P13010, Q13416, Q9UBD5, Q9Y5N6","GO:0006267;GO:0003688;GO:0003677;GO:0005524;GO:0005694",15910003,1.024,1.16,1.089,-1.004,-1.158,0.217
5253,"MNK1-eIF4F complex",4,3,75,"P06730, P60842, Q04637, Q9BUB5","GO:0006413;GO:0003723",9878069,1.029,-1.254,-1.235,-1.261,-1.362,0.184
5260,"CTNNB1-EP300-HADAC6-SUMO1-TCF4 complex",5,3,60,"P15884, P35222, P63165, Q09472, Q9UBN7","GO:0006351",15782138,-1.009,1.109,-1.007,-1.222,-1.317,0.603
5261,"CTNNB1-EP300-TCF4 complex",3,1,33.33,"P15884, P35222, Q09472","GO:0006351",15782138,NA,NA,NA,NA,NA,NA
5262,"CTNNB1-TCF4 complex",2,1,50,"P15884, P35222","GO:0006351",15782138,NA,NA,NA,NA,NA,NA
5264,"CTNNB1-CREBBP-TCF4 complex",3,1,33.33,"P15884, P35222, Q92793","GO:0006351",15782138,NA,NA,NA,NA,NA,NA
5266,"TNF-alpha/NF-kappa B signaling complex 6",14,13,92.86,"O14920, O15111, P07900, P08238, P22087, P36578, P62277, P62280, P62888, P62917, Q02878, Q16543, Q99558, Q9Y6K9","GO:0007249;GO:0005125",14743216,-1.02,-1.121,-1.148,-1.226,-1.267,0.073
5267,"VHL-VDU1-TCEB1-TCEB2 complex",4,2,50,"P40337, Q15369, Q15370, Q8TEY7","GO:0043161;GO:0006511",11739384,-1.087,-1.133,-1.272,-1.241,-1.281,0.099
5268,"TNF-alpha/NF-kappa B signaling complex 7",8,6,75,"O43318, P07900, P08238, Q13451, Q15750, Q16543, Q8N5C8, Q9NYJ8","GO:0007249;GO:0005125",14743216,1.081,-1.018,-1.131,-1.308,-1.426,0.102
5269,"TNF-alpha/NF-kappa B signaling complex 8",6,5,83.33,"P07900, P08238, Q13451, Q14164, Q16543, Q86UP2","GO:0007249;GO:0005125",14743216,1.072,1.018,-1.107,-1.292,-1.4,0.104
5273,"VHL-TBP1-HIF1A complex",3,1,33.33,"P17980, P40337, Q16665","GO:0043161;GO:0006511;GO:0000302;GO:0006979",14556007,NA,NA,NA,NA,NA,NA
5274,"Cell-cell junction complex (ARHGAP10, CTNNA1, CTNNB1)",3,2,66.67,"A1A4S6, P35221, P35222","GO:0007043;GO:0005911",16184169,1.132,1.167,1.209,1.065,-1.067,0.135
5276,"HIF1A-EGLN1-OS9 complex",3,1,33.33,"Q13438, Q16665, Q9GZT9","GO:2001141;GO:0006355;GO:0000302;GO:0006979",15721254,NA,NA,NA,NA,NA,NA
5280,"IGF2R-PLIN3-RAB9A complex",3,3,100,"O60664, P11717, P51151","GO:0006886;GO:0006605;GO:0015031;GO:0016192",11359012,-3.903,1.109,1.225,1.441,1.391,1
5281,"Cell-cell junction complex (CDH1, CTNNB1)",2,1,50,"P12830, P35222","GO:0007043;GO:0005911",16184169,NA,NA,NA,NA,NA,NA
5282,"BCAR1-PTK2-SRC complex",3,2,66.67,"P12931, P56945, Q05397","GO:0007169;GO:0005925;GO:2001044",9148935,-1.351,-1.352,-1.388,-1.34,-1.597,1
5283,"tRNA splicing endonuclease",5,1,20,"Q7Z6J9, Q8NCE0, Q8WW01, Q92989, Q9BSV6","GO:0008033;GO:0000398;GO:0006397;GO:0005634",15109492,NA,NA,NA,NA,NA,NA
5285,"TNF-alpha/NF-kappa B signaling complex 9",5,5,100,"O15111, P08238, Q13451, Q15653, Q16543","GO:0007249;GO:0005125",14743216,-1.702,1.022,-1.079,-1.289,-2.593,0.19
5286,"TNF-alpha/NF-kappa B signaling complex 10",10,10,100,"O15111, P07900, P08238, P40222, Q15653, Q16543, Q676U5, Q8IX12, Q9UHD2, Q9Y6K9","GO:0007249;GO:0005125",14743216,-1.373,-1.163,-1.223,-1.365,-1.881,0.18
5288,"P53-BARD1-KU70 complex",3,1,33.33,"P04637, P12956, Q99728","GO:0006915;GO:0042325",15782130,NA,NA,NA,NA,NA,NA
5293,"ETS2-SMARCA4-INI1 complex",3,1,33.33,"P15036, P51532, Q12824","GO:0045892;GO:0005634",12637547,NA,NA,NA,NA,NA,NA
5317,"LATS1-HTRA2-BIRC4 complex",3,2,66.67,"O43464, O95835, P98170","GO:0008219",16007220,-19.138,-16.181,-16.275,1.195,-16.319,1
5318,"ASAP1-CTTN-PXN complex",3,2,66.67,"P49023, Q14247, Q9ULH1","GO:0007010",15719014,-1.034,1.009,-1.199,-1.474,-1.542,0.064
5331,"MDM2-TP53-YY1 complex",3,1,33.33,"P04637, P25490, Q00987","GO:0016567;GO:0043161;GO:0006511",15210108,NA,NA,NA,NA,NA,NA
5337,"ELMO1-DOCK1 complex",2,1,50,"Q14185, Q92556","GO:0005515;GO:0007186;GO:0016477",12134158,NA,NA,NA,NA,NA,NA
5342,"ELMO1-DOCK1-RAC1 complex",3,2,66.67,"P63000, Q14185, Q92556","GO:0005515;GO:0007186;GO:0016477",12134158,-1.06,-1.034,-1.119,-1.256,-1.203,0.931
5343,"ELMO1-DOCK1-CRKII complex",3,2,66.67,"P46108, Q14185, Q92556","GO:0005515;GO:0007186;GO:0016477",16025104,-1.078,1.011,-1.041,-1.187,-1.144,0.652
5360,"AGO2-FXR1-TNF(alpha)ARE-RNP complex",2,2,100,"P51114, Q9UKV8","GO:0006417;GO:0003723;GO:0005737",17382880,1.092,1.08,1.267,1.354,1.301,0.32
5363,"Actin-ribonucleoprotein complex (GTF2F1, HNRNPU, POLR2A)",3,3,100,"P24928, P35269, Q00839","GO:0006351;GO:0003779",15711563,-1.069,-1.033,-1.187,-1.388,-1.59,0.08
5370,"ERAP1-ERAP2 complex",2,2,100,"Q6P179, Q9NZ08","GO:0019882",15908954,1.18,1.009,1.035,-1.057,-1.107,1
5371,"Grancalcin-sorcin complex",2,1,50,"P28676, P30626","GO:0005509",12804766,NA,NA,NA,NA,NA,NA
5372,"Sorcin homodimer complex",1,1,100,"P30626","GO:0005515;GO:0005509",12804766,NA,NA,NA,NA,NA,NA
5373,"Chromatin remodeling complex (KAT2B, TACC2, TACC3)",3,1,33.33,"O95359, Q92831, Q9Y6A5","GO:0006265",14767476,NA,NA,NA,NA,NA,NA
5378,"TRBP containing complex (DICER, TRBP, AGO2, RPL7A, EIF6, MOV10)",6,3,50,"P56537, P62424, Q15633, Q9HCE1, Q9UKV8, Q9UPY3","GO:0032774;GO:0006396;GO:0003723",17507929,-1.172,-1.3,-1.264,-1.528,-1.645,0.275
5380,"TRBP containing complex (DICER, RPL7A, EIF6, MOV10 and subunits of the 60S ribosomal particle)",25,23,92,"P05386, P05387, P18077, P18124, P26373, P30050, P46778, P46779, P49207, P50914, P56537, P61313, P61353, P61513, P62424, P62888, P62906, P62910, P62913, P84098, Q02543, Q9HCE1, Q9UHA3, Q9UPY3, Q9Y3U8","GO:0032774;GO:0006417;GO:0003723",17507929,-1.034,-1.233,-1.172,-1.22,-1.26,0.211
5381,"RISC-loading complex",3,1,33.33,"Q15633, Q9UKV8, Q9UPY3","GO:0032774;GO:0006396;GO:0003723;GO:0005737",16271387,NA,NA,NA,NA,NA,NA
5385,"GAIT complex",4,4,100,"O60506, P04406, P07814, P40429","GO:0006417;GO:0010629",15479637,1.098,-1.064,-1.082,-1.022,-1.102,0.803
5386,"MLL1-WDR5 complex",27,10,37.04,"O00268, O43451, O75461, P21675, P34932, P49848, P51610, P61964, Q03164, Q15291, Q15545, Q16594, Q6PI98, Q7Z3B3, Q8IXM2, Q8IZL8, Q8WWY3, Q96EZ8, Q99496, Q9BVI0, Q9H4L4, Q9H7Z6, Q9HCK8, Q9NXF1, Q9UBL3, Q9Y265, Q9Y4W2","GO:0006265;GO:0045893;GO:0018126;GO:0006479;GO:0005634",15960975,-1.044,1.125,1.129,-1.049,-1.229,0.482
5400,"BRCC complex",5,2,40,"P38398, P46736, P51587, Q06609, Q9NXR7","GO:0006281;GO:0000075;GO:0016567;GO:0006974;GO:0005634;GO:0006511",14636569,1.025,1.118,1.136,1.065,1.168,1
5401,"PLEKHM2-KIF5B complex",2,1,50,"P33176, Q8IWE5","GO:0048870",15905402,NA,NA,NA,NA,NA,NA
5408,"Neurotrophin-3-p75 complex",2,1,50,"P08138, P20783","GO:0007169;GO:0022008;GO:0048699;GO:0007399",18596692,NA,NA,NA,NA,NA,NA
5423,"HSP70-BAG5-PARK2 complex",4,2,50,"O60260, P0DMV8, P34932, Q9UL15","GO:0050821;GO:0006457;GO:0030234;GO:0050790",15603737,1.047,-1.067,1.033,-1.013,-1.069,1
5424,"NGF-p75 complex",2,1,50,"P01138, P08138","GO:0007169;GO:0022008;GO:0048699;GO:0007399",15131306,NA,NA,NA,NA,NA,NA
5432,"Sororin-cohesin complex",6,5,83.33,"O60216, Q14683, Q29RF7, Q96FF9, Q9NTI5, Q9UQE7","GO:0000278;GO:0007059;GO:0005634",15837422,-1.02,1.12,-1.041,-1.387,-1.65,0.05
5449,"Splicing-associated factors complex (ALYREF, DEK, RBM8A, RNPS1, SRRM1)",5,5,100,"P35659, Q15287, Q86V81, Q8IYB3, Q9Y5S9","GO:0005681",11118221,1.013,1.127,1.041,-1.088,-1.297,0.035
5450,"Mediator complex",27,1,3.7,"A0JLT2, O43513, O60244, O60313, O75448, O75586, O95402, Q13503, Q15528, Q15648, Q6P2C8, Q71F56, Q71SY5, Q96G25, Q96HR3, Q96RN5, Q9BTT4, Q9BUE0, Q9H944, Q9NPJ6, Q9NVC6, Q9NX70, Q9P086, Q9UHV7, Q9ULK4, Q9Y2X0, Q9Y3C7","GO:0045893;GO:0005515;GO:0051090;GO:0005634",14576168,NA,NA,NA,NA,NA,NA
5460,"NF(kappa)B p50-p65 complex",2,2,100,"P19838, Q04206","GO:0045893;GO:0035525;GO:0001819;GO:0051607;GO:0006954;GO:0045087;GO:0019048",9556555,-1.125,-1.21,-1.132,-1.15,-1.174,1
5465,"IKB(epsilon)-RELA-cREL complex",3,1,33.33,"O00221, Q04206, Q04864","GO:2001141;GO:0006355;GO:0007249;GO:0005737",9135156,NA,NA,NA,NA,NA,NA
5466,"IKB(beta)-RELA-cREL complex",3,2,66.67,"Q04206, Q04864, Q15653","GO:2001141;GO:0006355;GO:0007249;GO:0005737",9135156,-18.707,-1.167,-1.112,-1.165,-19.835,0.91
5467,"IKB(alpha)-RELA-cREL complex",3,1,33.33,"P25963, Q04206, Q04864","GO:2001141;GO:0006355;GO:0007249;GO:0023052;GO:0005737",9135156,NA,NA,NA,NA,NA,NA
5475,"MURR1-NF(kappa)Bp65-IKBA complex",3,2,66.67,"P25963, Q04206, Q8N668","GO:0007249",14685242,-1.095,-1.222,-1.241,-1.37,-24.579,0.742
5492,"NF(kappa)B p50-p65-IKBA complex",3,2,66.67,"P19838, P25963, Q04206","GO:0007249;GO:0005737;GO:0045892",12972430,-1.125,-1.21,-1.132,-1.15,-1.174,1
5495,"CIA targeting (MIP18, CIAO1, MMS19) complex",3,3,100,"O76071, Q96T76, Q9Y3D0","GO:0016226",28178521,1.115,1.045,1.042,1.096,1.002,1
5498,"ILK-PARVB-ARHGEF6 complex",3,2,66.67,"Q13418, Q15052, Q9HBI1","GO:0007264;GO:0030036",15897874,1.077,1.34,1.355,1.353,1.365,1
5499,"PARVB-ARHGEF6 complex",2,1,50,"Q15052, Q9HBI1","GO:0030036",15897874,NA,NA,NA,NA,NA,NA
5502,"EED-EZH-YY1 polycomb complex",3,1,33.33,"O75530, P25490, Q15910","GO:0045892;GO:0032774;GO:0003677;GO:0005634",11158321,NA,NA,NA,NA,NA,NA
5513,"RING1-Polycomb repressive complex",4,1,25,"O00257, P35226, P78364, Q06587","GO:0045892;GO:0005634",9199346,NA,NA,NA,NA,NA,NA
5526,"BCL2 -CALM1-FKBP38 complex",3,1,33.33,"P0DP23, P10415, Q14318","GO:0005509;GO:0030234;GO:0050790;GO:0043067;GO:0006915",15990872,NA,NA,NA,NA,NA,NA
5534,"PLCB1-PARD3-PARD6A complex",3,1,33.33,"Q8TEW0, Q9NPB6, Q9NQ66","GO:2001141;GO:0006355;GO:0023052;GO:0019932;GO:0051211;GO:0009798",15782111,NA,NA,NA,NA,NA,NA
5535,"PLCB3-PARD3-PARD6A complex",3,2,66.67,"Q01970, Q8TEW0, Q9NPB6","GO:2001141;GO:0006355;GO:0023052;GO:0019932;GO:0051211;GO:0009798",15782111,-1.02,-1.233,-1.316,-1.377,-1.444,0.251
5544,"CCNB1-CDK1-GADD45A-PCNA complex",4,1,25,"P06493, P12004, P14635, P24522","GO:0007049",12124778,NA,NA,NA,NA,NA,NA
5545,"CCNB1-CDK1-GADD45B-PCNA complex",4,1,25,"O75293, P06493, P12004, P14635","GO:0007049",12124778,NA,NA,NA,NA,NA,NA
5546,"CCNB1-CDK1-GADD45G-PCNA complex",4,1,25,"O95257, P06493, P12004, P14635","GO:0007049",12124778,NA,NA,NA,NA,NA,NA
5558,"PAR6-CDC42 complex",2,1,50,"P60953, Q9BYG5","None",12606577,NA,NA,NA,NA,NA,NA
5564,"LMO4-gp130 complex",5,1,20,"O14543, P23458, P40189, P61968, Q06124","GO:0045893;GO:0023052",15677447,NA,NA,NA,NA,NA,NA
5573,"Stat1-alpha-dimer-CBP DNA-protein complex",2,1,50,"P42224, Q92793","GO:2001141;GO:0006355;GO:0005634",8986769,NA,NA,NA,NA,NA,NA
5589,"LINC complex, S-phase",7,1,14.29,"P10244, P28749, Q09028, Q52LA3, Q5TKA1, Q6MZP7, Q96GY3","GO:0000086;GO:0045893;GO:0005634",17671431,NA,NA,NA,NA,NA,NA
5593,"LINC core complex",5,1,20,"Q09028, Q52LA3, Q5TKA1, Q6MZP7, Q96GY3","GO:0000086;GO:0045893;GO:0005634",17671431,NA,NA,NA,NA,NA,NA
5596,"LINC complex, quiescent cells",7,1,14.29,"Q08999, Q09028, Q16254, Q52LA3, Q5TKA1, Q6MZP7, Q96GY3","GO:0000086;GO:0045893;GO:0005634",17671431,NA,NA,NA,NA,NA,NA
5604,"Emerin complex 1",8,7,87.5,"P35579, P50402, P60709, Q12965, Q13813, Q15417, Q8WWI1, Q9BRV8","GO:0005634",17620012,1,-1.17,-1.242,-1.384,-1.367,0.349
5606,"Emerin-actin-NMI-(alphaII)spectrin complex",4,3,75,"P50402, P60709, Q13287, Q13813","GO:0005634",17620012,1.017,1.106,1.127,1.09,1.096,0.586
5607,"Emerin-actin-NMI complex",3,2,66.67,"P50402, P60709, Q13287","GO:0005634",17620012,-1.038,-1.018,-1.03,-1.051,-1.023,0.999
5608,"Emerin architectural complex",6,5,83.33,"P02545, P20700, P50402, P60709, Q13287, Q13813","GO:0006997;GO:0005634",17620012,1.039,1.316,1.364,1.361,1.39,0.068
5609,"Emerin regulatory complex",9,4,44.44,"O15379, O75531, P28749, P50402, P60709, P68431, Q02539, Q13547, Q8WWI1","GO:0006265;GO:2001141;GO:0006355;GO:0051276;GO:0005634",17620012,-1.037,-1.029,-1.094,-1.22,-1.281,0.981
5611,"Emerin complex 24",15,8,53.33,"P02545, P06400, P20700, P33991, P49736, P50402, P68431, Q00839, Q02539, Q07021, Q08999, Q13287, Q14566, Q9H0E3, Q9H503","GO:0006260;GO:0006396;GO:0005634",17620012,-1.07,-1.256,-1.832,-2.962,-5.505,0.387
5613,"Emerin complex 25",16,15,93.75,"O75531, O95218, O95777, P05455, P20700, P31946, P50402, P60709, P61978, P62258, P62314, Q13283, Q16543, Q9H0E3, Q9P287, Q9Y333","GO:0006396;GO:0035556;GO:0005634",17620012,-1.025,1.102,1.031,-1.105,-1.17,0.459
5614,"Emerin complex 32",22,12,54.55,"O00422, O15379, P20700, P28749, P50402, P60709, P68431, Q08999, Q12824, Q13263, Q13287, Q13547, Q13813, Q14839, Q8TAQ2, Q92922, Q9BQ87, Q9BZK7, Q9C005, Q9H503, Q9NPJ6, Q9UKL0","GO:0006265;GO:0051276;GO:0005634",17620012,1.259,1.362,-1.128,-1.441,-2.32,0.491
5615,"Emerin complex 52",23,19,82.61,"O00148, O95777, P10827, P12277, P14866, P20700, P27348, P46940, P50402, P51858, P60709, P61978, P62258, P62314, Q00839, Q02539, Q07021, Q08999, Q12906, Q13287, Q53EL6, Q9BZZ5, Q9Y2U8","GO:0006396;GO:0035556;GO:0005634",17620012,1.067,1.406,1.251,1.021,-1.098,0.096
5622,"HSP90-CIP1-FKBPL complex",3,1,33.33,"P07900, P38936, Q9UIM3","GO:0050821;GO:0006457;GO:0006974",15664193,NA,NA,NA,NA,NA,NA
5646,"FARP2-NRP1-PlexinA1 complex",3,2,66.67,"O14786, O94887, Q9UIW2","GO:0023052;GO:0007399",16286926,1.114,-1.182,-1.335,-1.527,-2.331,1
5647,"FARP2-NRP1-PlexinA2 complex",3,1,33.33,"O14786, O75051, O94887","GO:0023052;GO:0007399",16286926,NA,NA,NA,NA,NA,NA
5648,"FARP2-NRP1-PlexinA3 complex",3,1,33.33,"O14786, O94887, P51805","GO:0023052;GO:0007399",16286926,NA,NA,NA,NA,NA,NA
5649,"FARP2-NRP1-PlexinA4 complex",3,1,33.33,"O14786, O94887, Q9HCM2","GO:0023052;GO:0007399",16286926,NA,NA,NA,NA,NA,NA
5655,"Ternary complex (ACTN4, CAMK2A, LRRC7)",3,1,33.33,"O43707, Q96NW7, Q9UQM7","GO:0007155;GO:0099560",11160423,NA,NA,NA,NA,NA,NA
5658,"Nrp1-PlexinD1 complex",2,1,50,"O14786, Q9Y4D7","GO:0001525;GO:0048738;GO:0007507;GO:0001568;GO:0001944",15239958,NA,NA,NA,NA,NA,NA
5659,"SEMA3C-PlexinD1-Nrp1 complex",3,2,66.67,"O14786, Q99985, Q9Y4D7","GO:0001525;GO:0048738;GO:0007507;GO:0001568;GO:0001944",15239958,18.755,13.612,10.172,10.389,8.888,1
5669,"PlexinA3-Nrp1 complex",2,1,50,"O14786, P51805","GO:0007399;GO:0031175",10520995,NA,NA,NA,NA,NA,NA
5670,"PlexinB1-Nrp1 complex",2,1,50,"O14786, O43157","GO:0007399",10520995,NA,NA,NA,NA,NA,NA
5673,"PlexinA1-Nrp2 complex",2,1,50,"O60462, Q9UIW2","GO:0007399;GO:0031175",10520995,NA,NA,NA,NA,NA,NA
5685,"Membrane protein complex (DERL1, NPLOC4, UFD1L, VCP, VIMP)",5,4,80,"P55072, Q8TAT6, Q92890, Q9BQE4, Q9BUN8","GO:0030970",15215856,1.008,1.078,1.107,1.231,1.362,0.048
5689,"SEMA6D-PlexinA1-NRP1 complex",3,2,66.67,"O14786, Q8NFY4, Q9UIW2","GO:0048738;GO:0007507;GO:0007399;GO:0003143",14977921,1.114,-1.182,-1.335,-1.527,-2.331,1
5693,"BAZ2A-DNMT1-DNMT3B-HDAC1-SMARCA5 complex",5,2,40,"O60264, P26358, Q13547, Q9UBC3, Q9UIF9","GO:0003677;GO:0016575;GO:0032259",16085498,-1.214,-2.126,-1.978,-3.665,-3.809,0.11
5701,"NRP1-VEGF-A165/121 complex",2,1,50,"O14786, P15692-4","GO:0001525;GO:0001568;GO:0001944",17575273,NA,NA,NA,NA,NA,NA
5709,"CBL-PTK2B-SORBS2 complex",3,2,66.67,"O94875, P22681, Q14289","GO:0006886;GO:0006605;GO:0015031;GO:0030036;GO:0030182",15128873,1.049,-1.047,1.152,2.119,-6.046,1
5712,"FAK-beta5 integrin complex, VEGF induced",2,2,100,"P18084, Q05397","GO:0007169;GO:0001525;GO:0007044;GO:0035924",12844492,1.036,1.306,-1.02,-1.17,-1.22,1
5713,"CBL-OSTF1-SRC complex",3,2,66.67,"P12931, P22681, Q92882","GO:0007155;GO:0015629",15135048,-1.091,-1.388,-1.557,-1.876,-38.326,0.758
5714,"NOS3-CAV1 complex",2,1,50,"P29474, Q03135","GO:0006808;GO:0051171;GO:0007263",11425855,NA,NA,NA,NA,NA,NA
5716,"NOS3-HSP90 complex, VEGF induced",2,1,50,"P07900, P29474","GO:0006809;GO:0006808;GO:0051171;GO:0007263;GO:0007169;GO:0001525;GO:0035924",11425855,NA,NA,NA,NA,NA,NA
5718,"NOS3-HSP90-AKT complex, VEGF induced",3,2,66.67,"P07900, P29474, P31749","GO:0006809;GO:0006808;GO:0051171;GO:0007263;GO:0007169;GO:0001525;GO:0035924",11425855,1.031,1.012,1.015,-1.072,-1.127,0.971
5720,"CIN85-CBL complex",2,2,100,"P22681, Q96B97","GO:0006900;GO:0016050;GO:0006897",11894095,-1.069,-1.265,-1.308,-1.382,-26.405,0.999
5721,"CIN85-CBL-SH3GL2 complex",3,2,66.67,"P22681, Q96B97, Q99962","GO:0006900;GO:0016050;GO:0006897",11894095,-1.069,-1.265,-1.308,-1.382,-26.405,0.999
5724,"CIN85-SH3GL3-CBL complex",3,2,66.67,"P22681, Q96B97, Q99963","GO:0006900;GO:0016050;GO:0006897;GO:0007169",11894096,-1.069,-1.265,-1.308,-1.382,-26.405,0.999
5730,"IKBKG homotrimer complex",1,1,100,"Q9Y6K9","GO:0007249",12435599,NA,NA,NA,NA,NA,NA
5731,"NRP1-VEGFC complex, heparin dependent",2,1,50,"O14786, P49767","GO:0006898;GO:0007169;GO:0001525;GO:0030133",16816121,NA,NA,NA,NA,NA,NA
5734,"NRP1-VEGFD complex, heparin dependent",2,1,50,"O14786, O43915","GO:0006898;GO:0007169;GO:0001525;GO:0030133",16816121,NA,NA,NA,NA,NA,NA
5736,"Pre-initiation complex (ACTB, POLR2A, TBP)",3,2,66.67,"P20226, P24928, P60709","GO:0006352;GO:0003676;GO:0005634",15502823,-1.098,-1.133,-1.244,-1.264,-1.381,0.53
5745,"PlexinA1-NRP1 complex",2,2,100,"O14786, Q9UIW2","GO:0023052;GO:0007399;GO:0031175",10520994,1.114,-1.182,-1.335,-1.527,-2.331,1
5746,"NRP1-PLXNA1-SEMA3A complex",3,2,66.67,"O14786, Q14563, Q9UIW2","GO:0071526",10520994,1.114,-1.182,-1.335,-1.527,-2.331,1
5749,"MRIT complex",3,1,33.33,"O15519, Q07817, Q14790","GO:0006919;GO:0008219;GO:0089720",9326610,NA,NA,NA,NA,NA,NA
5755,"SUA1-SUMO1-UBA2 complex",3,3,100,"P63165, Q9UBE0, Q9UBT2","GO:0016925;GO:0016926",9920803,-1.091,-1.025,-1.137,-1.391,-1.595,0.086
5756,"SUA1-UBA2 complex",2,2,100,"Q9UBE0, Q9UBT2","GO:0016925",9920803,-1.048,-1.023,-1.078,-1.318,-1.59,0.112
5757,"PLXNA1-RANBPM complex",2,2,100,"Q96S59, Q9UIW2","GO:0000301;GO:0023052;GO:0031175",16672672,1.065,-1.058,-19.097,1.257,1.269,1
5758,"PLXNA2-RANBPM complex",2,1,50,"O75051, Q96S59","GO:0000301;GO:0023052;GO:0031175",16672672,NA,NA,NA,NA,NA,NA
5759,"PLXNA3-RANBPM complex",2,1,50,"P51805, Q96S59","GO:0000301;GO:0023052;GO:0031175",16672672,NA,NA,NA,NA,NA,NA
5760,"PLXNA4-RANBPM complex",2,1,50,"Q96S59, Q9HCM2","GO:0000301;GO:0023052;GO:0031175",16672672,NA,NA,NA,NA,NA,NA
5762,"CRMP-MICAL-PlexinA1 complex, induced by SEMA3A",3,3,100,"Q14194, Q8TDZ2, Q9UIW2","GO:0023052;GO:0007399;GO:0031175",18305261,1.156,1.313,1.565,1.8,1.814,0.125
5770,"RUNX1-CBF-beta-DNA complex",2,2,100,"Q01196, Q13951","GO:2001141;GO:0006355;GO:0003677",11276260,-1.071,1.54,1.381,1.101,-1.377,1
5772,"ZO1-(beta)cadherin-(VE)cadherin-VEGFR2 complex",4,2,50,"P33151, P35222, P35968, Q07157","GO:0007169;GO:0001525;GO:0007043;GO:0001568;GO:0001944",18662404,1.079,-1.055,-1.127,-1.235,-1.279,1
5805,"PGAM5-KEAP1-NRF2 complex",3,1,33.33,"Q14145, Q16236, Q96HS1","GO:2001141;GO:0006355;GO:0000302;GO:0006979;GO:0005741",18387606,NA,NA,NA,NA,NA,NA
5812,"p53-BCL2 complex",2,1,50,"P04637, Q07817","GO:0006915;GO:0005739",12667443,NA,NA,NA,NA,NA,NA
5816,"Apoptosome, 700 kDa",3,1,33.33,"O14727, P55211, P99999","GO:0006915;GO:0005737",10692394,NA,NA,NA,NA,NA,NA
5827,"IKBKG homotetramer complex",1,1,100,"Q9Y6K9","GO:0007249",12612076,NA,NA,NA,NA,NA,NA
5828,"IKBKG-IKBKB  complex",2,2,100,"O14920, Q9Y6K9","GO:0007249",12612076,-1.039,-1.078,-1.167,-1.272,-1.273,0.363
5829,"IKBKG-CHUK complex",2,2,100,"O15111, Q9Y6K9","GO:0007249",12612076,-1.045,-1.054,-1.095,-1.227,-1.249,0.966
5830,"DJ-1-SNCA complex, high molecular weight",2,1,50,"P37840, Q99497","None",15935068,NA,NA,NA,NA,NA,NA
5832,"PINK1-RHOT2-TRAK1 complex",3,1,33.33,"Q8IXI1, Q9BXM7, Q9UPV9","GO:0016192;GO:0005741",19152501,NA,NA,NA,NA,NA,NA
5836,"RHOT2-TRAK1 complex",2,1,50,"Q8IXI1, Q9UPV9","GO:0016192;GO:0005741",19152501,NA,NA,NA,NA,NA,NA
5837,"PPD complex",3,1,33.33,"O60260, Q99497, Q9BXM7","GO:0043161;GO:0006511;GO:0005737",19229105,NA,NA,NA,NA,NA,NA
5843,"AIF-CYPA-DNA complex",2,2,100,"O95831, P62937","GO:0006915;GO:0005634",14716299,1.099,1.334,1.302,1.247,1.27,1
5844,"I-kappa-B kinase complex",3,3,100,"O14920, O15111, Q9Y6K9","GO:0007249;GO:0006954;GO:0045087;GO:0051607;GO:0007249;GO:0008384;GO:0051090;GO:0008385;GO:0019048",10893415,-1.025,-1.037,-1.083,-1.225,-1.256,0.137
5849,"HSP90-CDC37-LRRK2 complex",3,2,66.67,"P08238, Q16543, Q5S007","GO:0035556",16321986,1.029,-1.096,-1.093,-1.086,-1.112,1
5856,"AK2-FADD-caspase-10 (AFAC10) complex",3,1,33.33,"P54819, Q13158, Q92851","GO:0097193",17952061,NA,NA,NA,NA,NA,NA
5862,"CAV1-VDAC1-ESR1 complex",3,2,66.67,"P03372, P21796, Q03135","GO:0005216;GO:0005886",19595769,1.035,-1.041,-1.041,-1.272,-1.481,1
5872,"BRAF-MAP2K1-MAP2K2-YWHAE complex",4,3,75,"P15056, P36507, P62258, Q02750","GO:0023052",17979178,-1.057,-1.299,-1.469,-1.549,-1.586,0.282
5873,"RAF1-MAP2K1-YWHAE complex",3,3,100,"P04049, P62258, Q02750","GO:0023052",17979178,-1.006,-1.458,-1.537,-27.905,-1.865,0.872
5876,"PPP2R1A-PPP2R1B-PPP2CA-PPME1-EIF4A1 complex",5,3,60,"P30153, P30154, P60842, P67775, Q9Y570","GO:0006470",15761952,-1.046,-1.231,-1.248,-1.222,-1.214,0.399
5877,"MAP2K1-BRAF-RAF1-YWHAE-KSR1 complex",5,3,60,"P04049, P15056, P62258, Q02750, Q8IVT5","GO:0023052",17979178,-1.006,-1.458,-1.537,-27.905,-1.865,0.872
5919,"BRAF-RAF1-14-3-3 complex",3,2,66.67,"P04049, P15056, P63104","GO:0000165",18332145,1.03,-1.228,-1.275,-25.994,-1.487,0.267
5920,"KSR1-RAF1-MEK complex",3,2,66.67,"P04049, Q02750, Q8IVT5","GO:0000165",18332145,-1.009,-1.491,-1.576,-32.764,-1.935,0.694
5921,"KSR1-BRAF-MEK complex",3,1,33.33,"P15056, Q02750, Q8IVT5","GO:0000165",18332145,NA,NA,NA,NA,NA,NA
5922,"RAF1-RAS complex, EGF induced",2,1,50,"P01112, P04049","GO:0023052;GO:0005886",16364920,NA,NA,NA,NA,NA,NA
5923,"RAF1-BRAF complex, RAS stimulated",2,1,50,"P04049, P15056","GO:0023052",16364920,NA,NA,NA,NA,NA,NA
5924,"RAF1-CNK1 complex, RAS stimulated",2,1,50,"P04049, Q969H4","GO:0023052",15845549,NA,NA,NA,NA,NA,NA
5928,"CNK1-SRC-RAF1 complex",3,1,33.33,"P04049, P12931, Q969H4","GO:0023052",15845549,NA,NA,NA,NA,NA,NA
5975,"Gamma-secretase complex (APH1A, PSENEN, PSEN1, NCSTN, TMP21)",5,2,40,"P49755, P49768, Q92542, Q96BI3, Q9NZ42","None",16641999,1.073,-1.026,1.014,1.085,-1.008,1
5980,"LRRK2-CHIP-HSP90 complex",3,2,66.67,"P08238, Q5S007, Q9UNE7","GO:0043161;GO:0006511",19196961,-1.058,-1.078,-1.103,-1.014,1.028,1
6023,"Calcineurin",2,2,100,"P63098, Q08209","GO:0019722;GO:0005955;GO:0005516;GO:0016791;GO:0042110",8524402,-1.498,-1.276,-1.433,-1.467,-1.081,1
6025,"Ubiquitin-conjugating enzyme E2 (UBC13-UEV1A)",2,2,100,"P61088, Q13404","GO:0016567;GO:0070534;GO:0007249",11057907,1.045,1.046,1.016,-1.009,-1.024,1
6037,"STUB1-HSPA8-MAPT-UBE2D2 complex",4,3,75,"P10636, P11142, P62837, Q9UNE7","GO:0016567;GO:0043161;GO:0006511",14612456,-1.096,-1.118,-1.151,-1.123,-1.089,1
6038,"Dynein complex",4,3,75,"O14576, P63167, Q14204, Q9Y6G9","GO:0030705",17403682,1.054,1.04,1.024,1.065,1.093,0.999
6039,"Dynein-dynactin complex",5,4,80,"O14576, P63167, Q14203, Q14204, Q9Y6G9","GO:0030705",17403682,-1.008,-1.027,-1.09,-1.091,-1.048,0.723
6052,"BAG3-HSC70-HSPB8-CHIP complex",4,4,100,"O95817, P11142, Q9UJY1, Q9UNE7","GO:0050821;GO:0006457;GO:0006950",20060297,1.07,1.115,1.947,2.668,2.87,0.156
6053,"LKB1-STRAD-MO25 complex",3,1,33.33,"Q15831, Q7RTN6, Q9Y376","GO:0006468",19892943,NA,NA,NA,NA,NA,NA
6056,"APP-TNFRSF21 complex",2,1,50,"O75509, P05067","GO:0016322;GO:0070997",19225519,NA,NA,NA,NA,NA,NA
6072,"TRA2B1-SRSF9-SRSF6 complex",3,3,100,"P62995, Q13242, Q13247","GO:0043484;GO:0048024",15695522,-1.126,-1.049,-1.21,-1.534,-1.694,0.433
6073,"SRSF9-SRSF6 complex",2,2,100,"Q13242, Q13247","GO:0043484;GO:0048024",15695522,-1.163,-1.155,-1.353,-1.732,-1.925,0.11
6076,"c-Abl-cortactin-nmMLCK complex",3,2,66.67,"P00519, Q14247, Q15746","GO:0007010;GO:0061028",20861316,1.045,1.253,1.167,-1.083,-1.15,1
6078,"ACR-HSPA2-PDIA6 complex",3,2,66.67,"P12821, P54652, Q15084","GO:0060046",26676989,1.08,1.077,1.05,1.115,1.089,1
6079,"BAG6-HSPA2 complex",2,2,100,"P46379, P54652","GO:0007283;GO:1903332",26153132,1.055,1.069,1.075,-1.031,-1.085,1
6080,"ACAP1-CLTC-SLC2A4 complex",3,1,33.33,"P14672, Q00610, Q15027","GO:0032456",17664335,NA,NA,NA,NA,NA,NA
6083,"CART complex",4,2,50,"O14964, O43707, O75382, Q9ULV0","GO:0004998;GO:0001881;GO:0032456",15772161,-1.039,-1.025,-1.065,-1.192,-1.139,0.542
6084,"AFF4 super elongation complex (SEC)",11,1,9.09,"O00472, O60563, O60583, P42568, P50750, P51825, P55199, Q03111, Q96JC9, Q9HB65, Q9UHB7","GO:0006354",20159561,NA,NA,NA,NA,NA,NA
6091,"NF-YA-LaminA complex",2,1,50,"P02545, P23511","GO:0007049;GO:0008283",27793050,NA,NA,NA,NA,NA,NA
6096,"alphaB-crystallin-Nav1.5 complex",2,1,50,"P02511, Q14524","GO:1905150;GO:0031396",26961874,NA,NA,NA,NA,NA,NA
6108,"STIM1-TRPV4 complex",2,1,50,"Q13586, Q9HBA0","GO:0051924",25972993,NA,NA,NA,NA,NA,NA
6109,"FHF complex",5,1,20,"Q86VS8, Q8N612, Q96ED9, Q9H8T0, Q9UJC3","GO:0016192;GO:0006906;GO:0016197",18799622,NA,NA,NA,NA,NA,NA
6112,"DGAT2-MGAT2 complex",2,1,50,"Q10469, Q96PD7","GO:0019432",25164810,NA,NA,NA,NA,NA,NA
6114,"BAG1-HSC70 complex",2,1,50,"P11142, Q99933","GO:0006457",9305631,NA,NA,NA,NA,NA,NA
6116,"Hook1-Vps16 complex",2,1,50,"Q9H269, Q9UJC3","GO:0016197",18799622,NA,NA,NA,NA,NA,NA
6117,"Hook1-Vps18 complex",2,1,50,"Q9P253, Q9UJC3","GO:0016197",18799622,NA,NA,NA,NA,NA,NA
6120,"Hook2-Vps16 complex",2,1,50,"Q96ED9, Q9H269","GO:0016197",18799622,NA,NA,NA,NA,NA,NA
6122,"Hook3-Vps16 complex",2,2,100,"Q86VS8, Q9H269","GO:0016197",18799622,-1.143,-1.331,-1.323,-1.234,-1.215,1
6123,"Hook3-Vps41 complex",2,1,50,"P49754, Q86VS8","GO:0016197",18799622,NA,NA,NA,NA,NA,NA
6124,"FTS-Vps16 complex",2,1,50,"Q9H269, Q9H8T0","GO:0016197",18799622,NA,NA,NA,NA,NA,NA
6125,"FTS-Vps18 complex",2,1,50,"Q9H8T0, Q9P253","GO:0016197",18799622,NA,NA,NA,NA,NA,NA
6127,"DAXX-MDM2-USP7 complex",3,2,66.67,"Q00987, Q93009, Q9UER7","GO:0061136;GO:0005654;GO:0006281",16845383,1.033,1.113,-1.011,-1.164,-1.253,0.284
6129,"CBP80/20- dependent translation complex",6,4,66.67,"O43310, P38919, P52298, P55884, Q09161, Q9BZI7","GO:0070992;GO:0003743;GO:0048471",19648179,-1.018,1.065,1.057,-1.076,-1.298,0.215
6131,"SELK multiprotein complex",10,7,70,"P04843, P04844, P27824, P39656, P46977, P55072, Q9BQE4, Q9BUN8, Q9GZP9, Q9Y6D0","GO:0030968;GO:0036503",22016385,1.069,1.041,1.083,1.178,1.211,0.159
6132,"MICOS subcomplex (CHCHD3, IMMT, MICOS10), mitochondrial",3,2,66.67,"Q16891, Q5TGZ0, Q9NX63","GO:0007007;GO:0061617;GO:0042407",23676277,-1.141,1.148,1.191,1.126,1.126,0.073
6135,"Ferritin complex",2,2,100,"P02792, P02794","GO:0006879;GO:0006955;GO:0006826",8695634,-1.68,1.09,-1.282,-1.954,-2.083,0.057
6136,"USP7-MAGEL2-TRIM27 complex",3,1,33.33,"P14373, Q93009, Q9UJ55","GO:0016197",26365382,NA,NA,NA,NA,NA,NA
6141,"CSE1L-KPNA2-RAN complex",3,3,100,"P52292, P55060, P62826","GO:0006913;GO:0005634;GO:0015031;GO:0005737;GO:0006611;GO:0055085",9323134,-1.069,-2.649,-2.79,-4.143,-4.97,0.184
6142,"KPNA2-KPNB1 complex",2,2,100,"P52292, Q14974","GO:0005634;GO:0005737;GO:0006606",9323134,-1.115,-3.464,-3.522,-4.95,-5.808,0.071
6143,"KPNB1-RAN complex",2,2,100,"P62826, Q14974","GO:0006913;GO:0006611;GO:0005634;GO:0005737;GO:0055085",9323134,1.156,1.018,-1.05,-1.05,-1.133,0.999
6147,"BAFL-BAF-LAP2beta complex",3,2,66.67,"O75531, P42167, Q9H503","GO:0005634;GO:0006325",16337940,-1.043,1.196,1.081,-1.087,-1.128,1
6148,"BAFL-BAF complex",2,1,50,"O75531, Q9H503","GO:0005634;GO:0006325",16337940,NA,NA,NA,NA,NA,NA
6149,"Codanin-1-Asf1\u2013histone H3.1-histone H4\u2013importin-4 complex,  cytosolic",5,2,40,"P62805, P68431, Q8IWY9, Q8TEX9, Q9Y294","GO:0006260;GO:0017038;GO:0006325",22407294,1.082,1.127,1.155,1.113,-1.016,1
6154,"PRKAA1-PRKAB2-PRKAG1 complex",3,2,66.67,"O43741, P54619, Q13131","GO:0004679",17038425,1.049,1.044,1.147,1.332,1.431,0.158
6155,"PRKAA2-PRKAB2-PRKAG1 complex",3,1,33.33,"O43741, P54619, P54646","GO:0004679;GO:0043501",17038425,NA,NA,NA,NA,NA,NA
6159,"LPP-PPP2CA-PPP2R3A complex",3,1,33.33,"P67775, Q06190, Q93052","GO:0005925",26945059,NA,NA,NA,NA,NA,NA
6160,"hTREX84 complex",6,4,66.67,"Q13769, Q6I9Y2, Q86W42-2, Q8NI27, Q96FV9, Q96J01","GO:0006406",15833825,-1.127,-1.047,-1.118,-1.227,-4.527,0.604
6164,"ACK1 signaling complex",4,3,75,"P46108, P56945, P60953, Q07912","GO:0023052",17038317,-1.099,-1.077,-1.058,-1.259,-1.418,0.195
6167,"Exocyst complex",8,7,87.5,"O00471, O60645, Q8IYI6, Q8TAG9, Q96A65, Q96KP1, Q9NV70, Q9UPT5","GO:0099022;GO:0006887;GO:0060271",25964651,-1.14,1.036,-1.005,1.081,1.226,0.601
6168,"Exocyst EXOC5-EXOC6 subcomplex",2,1,50,"O00471, Q8TAG9","GO:0006887",25964651,NA,NA,NA,NA,NA,NA
6169,"Exocyst EXOC5-EXOC6-EXOC7 subcomplex",3,2,66.67,"O00471, Q8TAG9, Q9UPT5","GO:0006887",25964651,-1.128,-1.02,1.009,1.019,1.142,0.647
6170,"Angiogenin-PRI complex",2,1,50,"P03950, P13489","GO:0045765",3470787,NA,NA,NA,NA,NA,NA
6173,"Intraflagellar transport complex B core complex",10,1,10,"A0AVF1, Q13099, Q8N4P2, Q8WYA0, Q96LB3, Q9BW83, Q9H7X7, Q9NQC8, Q9Y366, Q9Y547","GO:0005929;GO:0042073",26980730,NA,NA,NA,NA,NA,NA
6175,"Caspase-10-SUMO-FADD/Drp1 complex",3,1,33.33,"O00429, Q13158, Q92851","GO:0070266;GO:0005739",27799292,NA,NA,NA,NA,NA,NA
6180,"PPP2R1A-PPP2R3B complex",2,1,50,"P30153, Q9Y5P8","GO:0006470",25007185,NA,NA,NA,NA,NA,NA
6182,"PP2A A/C-striatin complex",3,2,66.67,"O43815, P30153, P67775","GO:0006470;GO:0019722",10681496,1.014,-1.071,-1.129,-1.137,-1.104,0.951
6183,"PP2A A/C-SG2NA complex",3,2,66.67,"P30153, P67775, Q13033","GO:0006470;GO:0019722",10681496,-1.016,1.067,1.304,1.396,1.404,1
6187,"STIP-USP7-Mdm2 complex",3,1,33.33,"Q00987, Q93009, Q9UBB9","GO:0050821",26460617,NA,NA,NA,NA,NA,NA
6188,"STIP-USP7-p53 complex",3,1,33.33,"P04637, Q93009, Q9UBB9","GO:0050821;GO:0005654",26460617,NA,NA,NA,NA,NA,NA
6189,"ArgRS-GlnRS-AIMP1 complex",3,3,100,"P47897, P54136, Q12904","GO:0006418;GO:0017101",25288775,-1.014,-1.182,-1.164,-1.224,-1.216,0.055
6190,"p38gamma-Hsp90-K-Ras complex",3,1,33.33,"P01116, P08238, P53778","GO:0001558",24962213,NA,NA,NA,NA,NA,NA
6192,"CHDH-SQSTM1-MAP1LC3 complex",3,1,33.33,"Q13501, Q8NE62, Q9H492","GO:1904925",25483962,NA,NA,NA,NA,NA,NA
6193,"ADAM12-alphaVbeta3-integrin-MMP-14 complex",4,2,50,"O43184, P05106, P06756, P50281","GO:0042981",24006261,1.022,-1.184,-1.296,-1.111,-1.034,1
6194,"B-WICH complex",8,7,87.5,"O00159, O60264, O75533, P35659, Q03468, Q9BQG0, Q9NR30, Q9UIG0","GO:0003682;GO:0005634;GO:0006383",25883140,1.028,-1.035,-1.139,-1.315,-1.499,0.384
6195,"Stargazin-AP-2-AP-3a complex",3,2,66.67,"O14617, O95782, Q9Y698","GO:2000311",24217640,1.081,1.095,1.068,-1.024,-1.042,0.748
6196,"Stargazin-Glu1-mu2 complex",3,1,33.33,"P42261, Q96CW1, Q9Y698","GO:2000311",24217640,NA,NA,NA,NA,NA,NA
6198,"Stargazin-Glu2A-mu2 complex",3,1,33.33,"P42262, Q96CW1, Q9Y698","GO:2000311",24217640,NA,NA,NA,NA,NA,NA
6206,"ICAT-AR-beta-catenin complex",3,1,33.33,"P10275, P35222, Q9NSA3","GO:0030111;GO:2000823",21885566,NA,NA,NA,NA,NA,NA
6208,"PNP homotrimer complex",1,1,100,"P00491","GO:0042278;GO:0004731",2104852,NA,NA,NA,NA,NA,NA
6212,"GM130-GRASP65 complex",2,1,50,"Q08379, Q9BQQ3","None",26363069,NA,NA,NA,NA,NA,NA
6213,"DOCK8-WIP-WASp complex",3,1,33.33,"O43516, P42768, Q8NF50","GO:0015629;GO:0042608;GO:0000910;GO:0001771;GO:0072678",27599296,NA,NA,NA,NA,NA,NA
6216,"GATOR2 complex",5,3,60,"P55735, Q6PJI9, Q96EE3, Q96S15, Q9NXC5","GO:1903432",23723238,1.288,-7.233,1.078,-7.291,-7.473,0.999
6217,"GATOR complex",8,3,37.5,"O75140, P55735, Q12980, Q6PJI9, Q8WTW4, Q96EE3, Q96S15, Q9NXC5","GO:1903432;GO:1903832",23723238,1.288,-7.233,1.078,-7.291,-7.473,0.999
6218,"POL2R-SYMPK-SSU72 complex",3,2,66.67,"P24928, Q92797, Q9NP77","GO:1900363",20861839,-1.121,-1.092,-1.201,-1.445,-1.721,0.06
6219,"DGKZ-RASGRP1-HRAS complex",3,1,33.33,"O95267, P01112, Q13574","GO:0007265",11257115,NA,NA,NA,NA,NA,NA
6220,"HDAC10-PAX3-KAP1 complex",3,1,33.33,"P23760, Q13263, Q969S8","GO:0048021;GO:0003700",20032463,NA,NA,NA,NA,NA,NA
6226,"Rab11a-FIP3-DLIC-1 complex",3,2,66.67,"P62491, Q9Y6G9, Q9Y6K9","GO:0016197",20026645,-1.042,-1.078,-1.184,-1.215,-1.176,0.179
6229,"ATG13-RB1CC1-ULK1 complex",3,1,33.33,"O75143, O75385, Q8TDY2","GO:1905037;GO:0006914",18936157,NA,NA,NA,NA,NA,NA
6230,"ATG13-RB1CC1-ULK2 complex",3,1,33.33,"O75143, Q8IYT8, Q8TDY2","GO:0006914;GO:1905037",18936157,NA,NA,NA,NA,NA,NA
6232,"ATG101-ATG13-RB1CC1-ULK1 complex",4,1,25,"O75143, O75385, Q8TDY2, Q9BSB4","GO:0006914",19597335,NA,NA,NA,NA,NA,NA
6233,"Ubiquitin E3 ligase (CUL3, KLHL3, WNK1)",3,2,66.67,"Q13618, Q9H4A3, Q9UH77","GO:0006511;GO:0031461",23387299,1.129,1.271,1.193,1.187,1.364,0.451
6235,"c-Fos-c-Jun-SAF-1 complex",3,1,33.33,"P01100, P05412, P56270","GO:0006355;GO:0003677",19028685,NA,NA,NA,NA,NA,NA
6236,"Dynein-2 complex, cytoplasmic",12,5,41.67,"P51808, P63167, P63172, Q8IVD9, Q8NCM8, Q8TCX1, Q8TF09, Q8WVS4, Q8WW35, Q96EX3, Q96FJ2, Q9NP97","GO:0035721;GO:0005929;GO:0007224;GO:0042073",25205765,22.733,-1.003,24.714,22.321,5.677,0.559
6242,"14-3-3q-SGK1-tau complex",3,1,33.33,"O00141, P10636, P27348","GO:0001932",15650334,NA,NA,NA,NA,NA,NA
6243,"AJUBA-GFI1-HDAC2 complex",3,1,33.33,"Q92769, Q96IF1, Q99684","GO:0045892",18805794,NA,NA,NA,NA,NA,NA
6245,"Telomerase holoenzyme",7,5,71.43,"O14746, O60832, Q86US8, Q9BUR4, Q9NPE3, Q9NX24, Q9NY12","GO:0003720;GO:0005697",19179534,-1.071,4.048,4.353,3.722,3.87,0.584
6246,"BBS4 centriolar satellite complex",3,2,66.67,"Q15154, Q96RK4, Q9UPN4","GO:0005929;GO:0042073;GO:0034451;GO:0060271",24550735,-1.399,-1.473,-27.086,-1.855,-27.771,0.757
6247,"BBS-chaperonin complex",10,6,60,"P17987, P48643, P49368, P50990, P50991, P78371, Q6ZW61, Q8IWZ6, Q8TAM1, Q9NPJ1","GO:0005929;GO:0051131;GO:0042073",20080638,-1.016,-1.194,-1.122,-1.089,-1.112,0.053
6248,"CSF3R-FBXW7-GSK3B complex",3,1,33.33,"P49841, Q969H0, Q99062","GO:0031146;GO:0030851;GO:0038158",23820376,NA,NA,NA,NA,NA,NA
6249,"MIB complex, mitochondrial",12,7,58.33,"O75431, Q13505, Q16891, Q5HYI7, Q5TGZ0, Q5XKP0, Q6UXV4, Q9BRQ6, Q9BUR5, Q9NVH1, Q9NX63, Q9Y512","GO:0044284;GO:0042407;GO:0061617;GO:0005741;GO:0005743;GO:0001401;GO:0006626;GO:0006839;GO:0005739",26477565,-1.04,1.212,1.256,1.156,-1.154,0.414
6250,"LPA(2)-NHERF2-PLC-beta3 complex",3,2,66.67,"Q01970, Q15599, Q9HBW0","GO:0019216",15143197,-1.106,-1.199,-1.271,-1.377,-1.563,0.262
6251,"Shc-ERalpha-IGF-1R complex",3,1,33.33,"P03372, P08069, P29353","GO:0043405",14764897,NA,NA,NA,NA,NA,NA
6255,"MICOS complex, mitochondrial",7,3,42.86,"Q16891, Q5TGZ0, Q5XKP0, Q6UXV4, Q9BRQ6, Q9BUR5, Q9NX63","GO:0061617;GO:0042407",26477565,-1.134,1.151,1.193,1.129,1.126,0.077
6260,"MPP7-DLG1-LIN7A complex",3,1,33.33,"O14910, Q12959, Q5T2T1","GO:0097025;GO:0030054",17237226,NA,NA,NA,NA,NA,NA
6261,"Histone-2-Histone-4-ASF1A-MCM2 complex",4,2,50,"P49736, P62805, P68431, Q9Y294","GO:0031497",26186914,1.046,-1.103,-1.491,-2.147,-3.54,1
6263,"MPP7-DLG1-LIN7C complex",3,2,66.67,"Q12959, Q5T2T1, Q9NUP9","GO:0097025",17237226,1.039,1.051,1.059,1.015,-1.129,1
6264,"DLG5-SORBS3-CTNNB1 complex",3,2,66.67,"O60504, P35222, Q8TDM6","GO:0005911",12657639,1.167,1.169,1.165,-1.086,-1.2,0.179
6266,"Ubiquitin E3 ligase (CUL3, KLHL3, WNK4)",3,1,33.33,"Q13618, Q96J92, Q9UH77","None",23387299,NA,NA,NA,NA,NA,NA
6267,"Ubiquitin E3 ligase (CUL3, KLHL3)",2,1,50,"Q13618, Q9UH77","GO:0016874;GO:0016567;GO:0050801;GO:0000151;GO:0006511;GO:0031461",23387299,NA,NA,NA,NA,NA,NA
6268,"Cullin-RING E3 ubiquitin ligase complex (ASB9, CUL5, TCEB1, TCEB2)",4,3,75,"Q15369, Q15370, Q93034, Q96DX5","GO:0031461;GO:0031466;GO:0000209",23837592,-1.087,-1.133,-1.272,-1.241,-1.281,0.105
6269,"DLL1-CTNNB1-CDH2 complex",3,2,66.67,"O00548, P19022, P35222","GO:0005912;GO:0071896",15908431,1.074,-1.048,-1.107,-1.209,-1.145,1
6274,"HEXA-HEXB complex",2,2,100,"P06865, P07686","GO:0004563;GO:0005975;GO:0006687;GO:0030203;GO:0004553",16698036,1.164,1.696,1.689,1.405,1.281,0.155
6275,"HEXB homodimer complex",1,1,100,"P07686","GO:0004563;GO:0005975;GO:0006687;GO:0030203;GO:0004553",12662933,NA,NA,NA,NA,NA,NA
6280,"NEDD8-NUB1-NPLOC4-UFD1L complex",4,4,100,"Q15843, Q8TAT6, Q92890, Q9Y5A7","GO:2000434",24019527,1.046,1.081,1.111,1.197,1.334,0.821
6282,"G alpha-13-Hax-1-cortactin-Rac complex",4,3,75,"O00165, P31749, Q14247, Q14344","GO:0016477",15339924,-1.057,1.093,-1.007,-1.17,-1.243,0.562
6283,"SIVA1-XIAP-TAK1 complex",3,2,66.67,"O15304, O43318, P98170","GO:0007249",19584092,1.106,-17.582,-17.501,1.003,-18.766,1
6287,"SLC2A1-DMTN-ADD2 complex",3,1,33.33,"P11166, P35612, Q08495","GO:0003779;GO:0030507;GO:0016020",18347014,NA,NA,NA,NA,NA,NA
6289,"prohibitin 2 complex, mitochondrial",5,4,80,"O00165, P05141, P35232, P45880, Q99623","GO:0006915;GO:0008637",17008324,-1.023,1.232,1.264,1.259,1.272,0.55
6290,"Ubiquitin E3 ligase (DDB1, DYRK2, EDD, VPRBP)",4,1,25,"O95071, Q16531, Q92630, Q9Y4B6","GO:0044772;GO:0006511;GO:0006468",19287380,NA,NA,NA,NA,NA,NA
6291,"Ubiquitin E3 ligase (DDIT4, DDB1, BTRC, CUL4A)",4,2,50,"Q13619, Q16531, Q9NX09, Q9Y297","GO:0032006;GO:0006511;GO:0006468;GO:0001666",19557001,1.09,1.058,1.123,1.016,-1.025,1
6292,"HAX-1-XIAP complex",2,1,50,"O00165, P98170","GO:0006915;GO:1902915",20171186,NA,NA,NA,NA,NA,NA
6293,"DDN-MAGI2-SH3KBP1 complex",3,1,33.33,"O94850, Q86UL8, Q96B97","GO:0043197",16751601,NA,NA,NA,NA,NA,NA
6301,"tRNA Splicing Ligase Complex",5,4,80,"Q52LJ0, Q92499, Q9BVC5, Q9Y224, Q9Y3I0","GO:0072669;GO:0000394",21311021,-1.003,1.227,1.227,1.158,1.158,0.178
6302,"B-WICH complex",9,7,77.78,"O00159, O60264, O75533, P35659, Q03468, Q9BQG0, Q9C093, Q9NR30, Q9UIG0","GO:0006351;GO:0005634;GO:0006338",16603771,1.028,-1.035,-1.139,-1.315,-1.499,0.384
6303,"DDX11-RAD21-SMC1A-SMC3 complex",4,3,75,"O60216, Q14683, Q96FC9, Q9UQE7","GO:0007062",17105772,-1.035,1.107,-1.008,-1.338,-1.505,0.076
6304,"DDX11-Ctf18-RFC complex",6,1,16.67,"O75717, P12004, Q5FWF5, Q8WVB6, Q96FC9, Q9BVC3","GO:0004386;GO:0007062",18499658,NA,NA,NA,NA,NA,NA
6306,"DDX27-PeBoW complex",4,4,100,"O00541, Q14137, Q96GQ7, Q9GZL7","GO:0006364;GO:0005730",25825154,-1.159,-1.058,-1.032,-1.267,-1.528,0.054
6307,"RAB27A-SLP3-KLC1 transport complex",3,1,33.33,"P51159, Q07866, Q4VX76","GO:0043316",22308290,NA,NA,NA,NA,NA,NA
6308,"protein complex (DDX28; DHX30; GRSF1; FASTKD2; FASTKD5)",5,3,60,"Q12849, Q7L2E3, Q7L8L6, Q9NUL7, Q9NYY8","GO:0061668",25683715,-1.116,-4.275,-1.228,-1.148,-1.314,0.116
6310,"DEAF1- complex",3,2,66.67,"O75398, P12956, P13010","GO:0005634",22442688,1.024,1.16,1.089,-1.004,-1.158,0.217
6317,"NLRP1 inflammasome (CASP5)",4,1,25,"P29466, P51878, Q9C000, Q9ULZ3","GO:0045087;GO:0002221;GO:0072558;GO:0032731;GO:0050729;GO:0051607;GO:0043331;GO:0032496;GO:0061702;GO:0140447;GO:0140639",12191486,NA,NA,NA,NA,NA,NA
6323,"Cardinal-NLRP3 inflammasome",4,1,25,"P29466, Q96P20, Q9ULZ3, Q9Y2G2","GO:0045087;GO:0002221;GO:0072559;GO:0032731;GO:0032692;GO:0050727;GO:0006952;GO:0061702;GO:0140447",15030775,NA,NA,NA,NA,NA,NA
6324,"Cardinal-NLRP2 inflammasome",4,1,25,"P29466, Q9NX02, Q9ULZ3, Q9Y2G2","GO:0045087;GO:0061702;GO:0050729;GO:0032731;GO:0002221;GO:0006952;GO:0140447",15030775,NA,NA,NA,NA,NA,NA
6332,"Elongator complex (ELP1, ELP2, ELP3, ELP4, ELP5, ELP6)",6,2,33.33,"O95163, Q0PNE2, Q6IA86, Q8TE02, Q96EB1, Q9H9T3","GO:0006357",22854966,-1.096,-1.219,-1.274,-1.345,-1.509,0.792
6334,"Afadin-beta-catenin complex",2,2,100,"P35222, P55196","GO:0098609;GO:0034332",26568295,1.113,1.151,1.015,1.047,-18.626,0.78
6336,"CTNNB1-DNMT1 complex",2,2,100,"P26358, P35222","GO:0030111;GO:0006306",25753001,-1.121,-1.788,-1.543,-2.658,-2.691,0.999
6337,"Amot-cadherin-11-beta-catenin-p120 complex",4,3,75,"O60716, P35222, P55287, Q4VCS5","GO:0030334",25466890,-1.107,-1.099,1.154,1.251,1.255,0.287
6339,"beta-catenin-B-cell lymphoma 9 protein  complex",2,1,50,"O00512, P35222","GO:0030111",25312469,NA,NA,NA,NA,NA,NA
6340,"PITX2-MLL4-ASH2L-RBBP5-PTIP complex",5,1,20,"O14686, Q15291, Q6ZW49, Q99697, Q9UBL3","GO:0045595",24486544,NA,NA,NA,NA,NA,NA
6341,"GIT1-ARHGEF7-PAK1-PXN complex",4,4,100,"P49023, Q13153, Q14155, Q9Y2X7","None",16944954,1.056,1.315,-1.353,1.455,1.391,0.844
6343,"SETD7-YAP-AXIN1-beta-catenin complex",4,3,75,"O15169, P35222, P46937, Q8WTS6","GO:0030111;GO:0035330",27046831,1.123,-1.012,-1.158,-1.468,-1.604,0.818
6344,"TNFR1 signaling complex, native",15,6,40,"O14920, O15111, O43318, P01375, P19438, Q12933, Q13489, Q13546, Q15025, Q15628, Q15750, Q96EP0, Q9BYM8, Q9NYJ8, Q9Y6K9","GO:0006954;GO:0016567;GO:0051092;GO:0046328;GO:0042981;GO:0010803",20005846,1.023,-1.053,-1.107,-1.241,-1.288,0.162
6345,"ZNF304-corepressor complex",4,2,50,"P26358, Q13263, Q15047, Q9HCX3","GO:0006306;GO:0003677;GO:0005634;GO:0090309",24623306,-1.237,-1.887,-1.693,-2.905,-3.054,0.535
6351,"PKP1-ZO-1 complex",2,1,50,"Q07157, Q13835","GO:0007155;GO:0042481;GO:0036305",27015268,NA,NA,NA,NA,NA,NA
6352,"FoxM1-Axin-GSK3beta complex",3,1,33.33,"O15169, P49841, Q08050","None",26912724,NA,NA,NA,NA,NA,NA
6354,"Sox4-beta-catenin-p300 complex",3,1,33.33,"P35222, Q06945, Q09472","GO:0051091",26841870,NA,NA,NA,NA,NA,NA
6359,"RHAMM-beta-catenin complex",2,1,50,"O75330, P35222","GO:0042127",26825774,NA,NA,NA,NA,NA,NA
6362,"PDLIM1-E-cadherin-beta-catenin complex",3,2,66.67,"O00151, P12830, P35222","GO:0061635",26701804,1.07,1.118,1.022,-1.128,-1.063,1
6364,"OVOL2-beta-catenin-TCF4 complex",3,1,33.33,"P15884, P35222, Q9BRP0","GO:0060828",26619963,NA,NA,NA,NA,NA,NA
6365,"Synexin-sorcin complex",2,2,100,"P20073, P30626","GO:0042583;GO:0042584;GO:0048306",9268363,-1.002,1.197,1.19,1.123,1.175,0.177
6373,"MiDAC complex",4,1,25,"Q13547, Q6PJG2, Q92769, Q9H147","None",21258344,NA,NA,NA,NA,NA,NA
6374,"Calcineurin-FKBP12 complex",3,3,100,"P62942, P63098, Q08209","GO:0019722;GO:0005955;GO:0005516;GO:0016791;GO:0042110",8524402,1.23,1.233,1.215,1.346,1.503,0.929
6375,"PEF1-ALG2 complex",2,2,100,"O75340, Q9UBV8","GO:0051592;GO:0005737",11278427,-1.063,1.03,1.042,-1.055,-1.058,0.94
6381,"NPHP1-NPHP4-BCAR1 complex",3,1,33.33,"O15259, O75161, P56945","GO:0098609;GO:0007160;GO:0051301",15661758,NA,NA,NA,NA,NA,NA
6388,"CORVET complex",6,3,50,"Q8N3P4, Q8WUH2, Q96AX1, Q9H269, Q9H270, Q9P253","GO:0033263;GO:0099022;GO:0034058",26463206,-1.045,1.007,1.045,1.059,1.068,1
6389,"HOPS complex",6,3,50,"P49754, Q96AX1, Q96JC1, Q9H269, Q9H270, Q9P253","GO:0099022;GO:0034058;GO:0035542;GO:0019048;GO:0051607;GO:0061909",26463206,-1.045,1.007,1.045,1.059,1.068,1
6391,"KCTD12-GNB1-GNG2 complex",3,3,100,"P59768, P62873, Q96CX2","GO:0002029",24836506,1.026,1.612,1.714,1.248,1.268,0.429
6392,"KCTD8-GNB1-GNG2 complex",3,2,66.67,"P59768, P62873, Q6ZWB6","GO:0007186",24836506,-1.069,1.601,1.552,-1.01,1.003,0.29
6393,"KCTD16-GNB1-GNG2 complex",3,2,66.67,"P59768, P62873, Q68DU8","GO:0007186",24836506,-1.069,1.601,1.552,-1.01,1.003,0.29
6394,"CNOT1-CNOT2-CNOT3 complex",3,2,66.67,"A5YKK6, O75175, Q9NZN8","GO:0006355;GO:0035195;GO:1901873",24121232,18.208,1.014,-1.048,18.541,16.2,1
6395,"4E-T-DDX6-CNOT1 complex",3,2,66.67,"A5YKK6, P26196, Q9NRA8","GO:0017148;GO:1901834",26489469,-1.031,-1.111,-1.07,-1.128,-1.255,0.404
6396,"DNJC3-DNAJB1-HSPA8 complex",3,3,100,"P11142, P25685, Q13217","GO:0039585",9920933,-1.18,-1.489,-1.599,-1.749,-1.969,0.371
6402,"NMNAT2-HSP90 complex",2,1,50,"P07900, Q9BZQ4","GO:0061077;GO:0042026",27254664,NA,NA,NA,NA,NA,NA
6404,"SAV1-STK3 complex",2,1,50,"Q13188, Q9H4B6","GO:0060271",16930133,NA,NA,NA,NA,NA,NA
6405,"COX1-MITRAC12-SURF1 complex",3,1,33.33,"P00395, Q15526, Q9Y2R0","GO:0005739;GO:0005743",23260140,NA,NA,NA,NA,NA,NA
6412,"AURKA-HDAC6 cilia-disassembly complex",2,1,50,"O14965, Q9UBN7","GO:0061523",25367221,NA,NA,NA,NA,NA,NA
6413,"PDGFB-PDGFRB complex",2,1,50,"P01127, P09619","GO:0035791",7679113,NA,NA,NA,NA,NA,NA
6415,"pallidin-Cappuccino-BLOS1 complex",3,1,33.33,"P78537, Q9NUP1, Q9UL45","None",22203680,NA,NA,NA,NA,NA,NA
6416,"dysbindin-Snapin-BLOS2 complex",3,2,66.67,"O95295, Q6QNY1, Q96EV8","None",22203680,-1.008,-1.001,1.074,1.08,1.299,0.499
6421,"DNTTIP1-ZNF541-HDAC1-HDAC2 complex",4,1,25,"Q13547, Q92769, Q9H0D2, Q9H147","GO:0000118;GO:0004407",21573134,NA,NA,NA,NA,NA,NA
6426,"ATF4-CREB1 complex",2,1,50,"P16220, P18848","GO:0006355",12871976,NA,NA,NA,NA,NA,NA
6430,"ATL2-SPG31 complex",2,1,50,"Q8NHH9, Q9H902","GO:0007029;GO:0008017",20200447,NA,NA,NA,NA,NA,NA
6431,"ATL3-SPG31 complex",2,1,50,"Q6DD88, Q9H902","GO:0007029;GO:0008017",20200447,NA,NA,NA,NA,NA,NA
6432,"TTN-TCAP complex",2,1,50,"O15273, Q8WZ42","GO:0045214;GO:0055013;GO:0055003;GO:0030049",19622741,NA,NA,NA,NA,NA,NA
6445,"TIM23(sort) subcomplex (TIMM23, TIMM50), mitochondrial",2,1,50,"O14925, Q3ZCQ8","GO:0005744;GO:0005743;GO:0071806;GO:0006839;GO:0006626;GO:0005739",15044455,NA,NA,NA,NA,NA,NA
6446,"Set/TAF-I beta-TAF-I alpha-PP32 complex",3,1,33.33,"P39687, Q01105-1, Q01105-2","GO:0035067;GO:0006338;GO:0048387;GO:0006355",11163245,NA,NA,NA,NA,NA,NA
6447,"HSD3B2-TIMM23-TIMM50-TOMM22 complex",4,2,50,"O14925, P26439, Q3ZCQ8, Q9NS69","GO:0050810;GO:0005743",21930695,-1.143,-1.037,1.07,-1.006,-1.095,0.566
6450,"DJ-1-DJBP-AR complex",3,1,33.33,"P10275, Q5THR3, Q99497","GO:0060765;GO:0006355",12612053,NA,NA,NA,NA,NA,NA
6452,"TIMM8A-TIMM13 complex, mitochondrial",2,1,50,"O60220, Q9Y5L4","GO:0005758;GO:0071806;GO:0006626",11489896,NA,NA,NA,NA,NA,NA
6455,"ARL2-TBCD complex",2,2,100,"P36404, Q9BTW9","GO:0000226",10831612,1.088,1.172,1.124,1.045,1.093,1
6457,"MLL1 core complex",4,2,50,"P61964, Q03164, Q15291, Q9UBL3","None",22665483,-1.02,1.246,1.319,-1.018,-1.418,1
6459,"EARP complex",4,3,75,"Q5VIR6, Q8N1B4, Q96JG6, Q9UID3","GO:0032456",25799061,-1.037,-13.148,-1.057,-1.001,-1.022,1
6460,"MLL2 complex",10,6,60,"O00255, O14686, O15294, O75475, P51610, P61964, Q15291, Q9C005, Q9UBL3, Q9Y5Z7","GO:0051568;GO:0006355;GO:0005634;GO:0006325",23508102,-1.097,-1.016,-1.069,-1.89,-1.765,0.413
6461,"MLL3 complex",9,3,33.33,"O15550, P61964, Q14686, Q15291, Q6ZW49, Q8NEZ4, Q9BTK6, Q9C005, Q9UBL3","GO:0051568;GO:0005634;GO:0006355;GO:0006325",23508102,-1.066,1.149,1.153,-10.66,-1.326,0.999
6462,"MLL1 complex",8,5,62.5,"O00255, O15294, P51610, P61964, Q03164, Q15291, Q9C005, Q9UBL3","GO:0051568;GO:0006355;GO:0005634;GO:0006325",23508102,-1.101,1.006,1.023,-1.624,-1.594,0.542
6463,"GARP complex",4,3,75,"Q5VIR6, Q8N1B4, Q9P1Q0, Q9UID3","GO:0042147;GO:0005802;GO:0000938",20685960,-1.037,-13.148,-1.057,-1.001,-1.022,1
6467,"MLL4 complex",9,3,33.33,"O14686, O15550, P61964, Q14686, Q15291, Q6ZW49, Q9BTK6, Q9C005, Q9UBL3","GO:0051568;GO:0005634;GO:0006355;GO:0006325",23508102,-1.066,1.149,1.153,-10.66,-1.326,0.999
6468,"TRAPP complex oligomer",14,2,14.29,"O43617, O75865, P0DI81, P48553, Q5T215, Q7Z392, Q86SZ2, Q8IUR0, Q8WVT3, Q96Q05, Q9UL33, Q9Y296, Q9Y2L5, Q9Y5R8","GO:0006888;GO:0016192;GO:0030137;GO:0060271",21525244,-1.093,15.406,14.333,-1.337,-1.224,1
6469,"Set1A complex",10,6,60,"O15047, O15294, P51610, P61964, Q15291, Q6UXN9, Q9C005, Q9P0U4, Q9UBL3, Q9Y5Z7","GO:0051568;GO:0005634;GO:0006355;GO:0006325",23508102,-1.051,1.052,1.05,-1.385,-1.479,0.45
6470,"Set1B complex",12,6,50,"O15294, P51610, P61964, Q15291, Q6UXN9, Q8NFC6, Q96IK1, Q9C005, Q9P0U4, Q9UBL3, Q9UPS6, Q9Y5Z7","GO:0051568;GO:0005634;GO:0006355;GO:0006325",23508102,-1.051,1.052,1.05,-1.385,-1.479,0.45
6472,"VPS34-VPS15-BECLIN1-UVRAG-BCL2 complex",5,2,40,"P10415, Q14457, Q8NEB9, Q99570, Q9P2Y5","GO:0000045",16799551,-1.301,-1.405,-1.491,-1.706,-1.795,0.734
6473,"Mitochondrial calcium uniporter complex",5,3,60,"Q8IYU8, Q8NE86, Q9BPX6, Q9H4I9, Q9NWR8","GO:0006851;GO:0005739;GO:0051560",24231807,1.236,1.474,1.919,2.501,2.715,0.074
6476,"erlin1/2-RNF170 complex",3,2,66.67,"O75477, O94905, Q96K19","GO:0005789;GO:0001881",21610068,-1.048,-1.22,-1.484,-2.012,-2.251,0.029
6477,"ZEB2-KDM1A complex",2,1,50,"O60315, O60341","None",28069602,NA,NA,NA,NA,NA,NA
6481,"WASH complex",5,2,40,"A8K0Z3, Q12768, Q2M389, Q9Y3C0, Q9Y4E1","GO:0016197;GO:0099050",20498093,1.067,1.081,1.136,1.064,1.039,0.977
6482,"CUL4B-DDB1-DTL-CSN complex",5,4,80,"P61201, Q13098, Q13620, Q16531, Q9NZJ0","None",16861906,1.031,1.123,1.175,1.114,1.089,0.991
6483,"CAPZalpha-CAPZbeta complex",2,2,100,"P47756, P52907","GO:0051693",20498093,1.016,1.107,1.052,-1.004,-1.043,0.499
6484,"WASH-CAPZalpa/beta complex",7,4,57.14,"A8K0Z3, P47756, P52907, Q12768, Q2M389, Q9Y3C0, Q9Y4E1","GO:0051693;GO:0005769;GO:0034314;GO:0016197;GO:0099050",20498093,1.016,1.107,1.053,-1.004,-1.043,0.786
6485,"HIF1alpha-VHL-ElonginB-ElonginC complex",4,2,50,"P40337, Q15369, Q15370, Q16665","GO:0032364",12004076,-1.087,-1.133,-1.272,-1.241,-1.281,0.099
6486,"CUL4A-DDB1-DTL complex",3,2,66.67,"Q13619, Q16531, Q9NZJ0","GO:0006974;GO:0030163",16861906,1.09,1.058,1.123,1.016,-1.025,1
6487,"CUL4B-DDB1-TLE2 complex",3,2,66.67,"Q04725, Q13620, Q16531","GO:0010498",17041588,1.039,1.088,1.053,-1.092,-1.139,1
6488,"CUL4A-DDB1-EED complex",3,2,66.67,"O75530, Q13619, Q16531","GO:0010498;GO:0031060",17041588,1.09,1.058,1.123,1.016,-1.025,1
6489,"CUL4A-DDB1-WDR5 complex",3,3,100,"P61964, Q13619, Q16531","GO:0031060;GO:0010498",17041588,1.07,1.434,1.611,1.279,1.141,0.111
6490,"CUL4B-DDB1-WDR26 complex",3,3,100,"Q13620, Q16531, Q9H7D7","None",17041588,1.008,-1.165,-1.235,-1.428,-1.191,1
6491,"CUL4A-DDB1-RBBP5 complex",3,2,66.67,"Q13619, Q15291, Q16531","None",17041588,1.09,1.058,1.123,1.016,-1.025,1
6492,"CUL4A-DDB1-WDR5B complex",3,2,66.67,"Q13619, Q16531, Q86VZ2","None",17041588,1.09,1.058,1.123,1.016,-1.025,1
6493,"CUL4A-DDB1-WDR57 complex",3,3,100,"Q13619, Q16531, Q96DI7","None",17041588,1.056,1.203,1.201,1.074,-1.015,0.799
6494,"CUL4A-DDB1-WDR61 complex",3,3,100,"Q13619, Q16531, Q9GZS3","None",17041588,1.022,1.141,1.163,1.081,1.046,0.92
6495,"CUL4B-DDB1-GRWD1 complex",3,3,100,"Q13620, Q16531, Q9BQ67","None",17041588,-1.017,-1.048,-1.119,-1.289,-1.356,0.389
6496,"TOM subcomplex (TOMM20, TOMM22), mitochondrial",2,1,50,"Q15388, Q9NS69","GO:0005739;GO:0098799;GO:0005741;GO:0071806;GO:0006839;GO:0006626",10982837,NA,NA,NA,NA,NA,NA
6497,"TOM complex (TOMM5, TOMM6, TOMM7, TOMM20, TOMM22, TOMM40, TOMM70), mitochondrial",7,4,57.14,"O94826, O96008, Q15388, Q8N4H5, Q96B49, Q9NS69, Q9P0U1","GO:0005739;GO:0005741;GO:0005742;GO:0070096;GO:0006626;GO:0045041;GO:0006839;GO:0065003",18331822,-1.028,1.085,1.254,1.109,1.066,0.415
6498,"TOM subcomplex (TOMM7, TOMM22, TOMM40), mitochondrial",3,2,66.67,"O96008, Q9NS69, Q9P0U1","GO:0005741;GO:0098799;GO:0005739;GO:0071806;GO:0006626;GO:0006839",12198123,-1.011,1.092,1.249,1.13,1.091,0.797
6499,"SOS1-ABI1-EPS8 complex",3,2,66.67,"Q07889, Q12929, Q8IZP0","GO:0007264;GO:0007169;GO:0031532",14565974,-1.047,-1.225,-1.458,-1.726,-1.789,0.188
6501,"SOS1-ABI1-EPS8L1 complex",3,1,33.33,"Q07889, Q8IZP0, Q8TE68","GO:0031532;GO:0007264;GO:0007169",14565974,NA,NA,NA,NA,NA,NA
6503,"SOS1-ABI1-EPS8L2 complex",3,1,33.33,"Q07889, Q8IZP0, Q9H6S3","GO:0031532;GO:0007264;GO:0007169",14565974,NA,NA,NA,NA,NA,NA
6504,"SOS1-ABI1-EPS8L3 complex",3,1,33.33,"Q07889, Q8IZP0, Q8TE67","None",14565974,NA,NA,NA,NA,NA,NA
6507,"SERCA-PLN complex",2,1,50,"P16615, P26678","GO:0006816;GO:1901897;GO:0003697;GO:0035198",26292938,NA,NA,NA,NA,NA,NA
6509,"pERK-vimentin-KPNA2 complex",3,3,100,"P08670, P27361, P52292","GO:0005737;GO:0002347;GO:0016477",25728791,-1.184,-2.05,-2.174,-3.024,-3.432,0.313
6510,"ILK-SERCA2A-PLN complex",3,2,66.67,"P16615, P26678, Q13418","GO:1901897;GO:0030018",25208486,-1.025,-1.03,1.171,1.375,1.36,1
6512,"ILK-HSP90-CDC37 complex",3,3,100,"P07900, Q13418, Q16543","None",15882985,-1.051,-1.098,-1.17,-1.252,-1.234,0.132
6513,"MAN1-SMAD2 complex",2,2,100,"Q15796, Q9Y2U8","GO:0007179",23779087,-1.096,-1.09,-1.133,-1.252,-1.289,0.977
6516,"SLN-PLN-SERCA2A complex",3,1,33.33,"O00631, P16615, P26678","GO:1901894",24358354,NA,NA,NA,NA,NA,NA
6517,"SERCA2a-alphaKAP-CaM-CaMKII complex",4,2,50,"P0DP23, P16615, P52294, Q9UQM7","None",19671701,-1.015,-1.033,1.205,1.478,1.38,1
6521,"AKT1-FANCI-FANCD2-PHLPP1-PHLPP2-USP1-WDR48 complex",7,2,28.57,"O60346, O94782, P31749, Q6ZVD8, Q8TAF3, Q9BXW9, Q9NVI1","None",27097374,-1.08,1.056,-1.153,-1.165,-1.183,1
6523,"Ubiquilin-VCP-erasin complex",3,3,100,"P55072, Q92575, Q9UMX0","GO:0036503;GO:0034976",19822669,1.05,-1.168,-1.259,-1.226,-1.307,0.996
6532,"TSC2-HERC1 complex",2,1,50,"P49815, Q15751","GO:0031929",16464865,NA,NA,NA,NA,NA,NA
6536,"REEP5-ZFYVE27 complex",2,1,50,"Q00765, Q5T4F4","GO:0005783;GO:0016192;GO:0071788;GO:0071787",24668814,NA,NA,NA,NA,NA,NA
6538,"VAPA -ZFYVE27 complex",2,1,50,"Q5T4F4, Q9P0L0","GO:0005783;GO:0016192;GO:0071787;GO:0071788",24668814,NA,NA,NA,NA,NA,NA
6540,"GPX1-SBP1 complex",2,2,100,"P07203, Q13228","GO:0045454",20530237,1.075,1.532,1.578,1.266,1.069,1
6550,"CUL4B-DDB1-TLE1 complex",3,2,66.67,"Q04724, Q13619, Q16531","GO:0010498",17041588,1.09,1.058,1.123,1.016,-1.025,1
6552,"KIF5B -ZFYVE27 complex",2,1,50,"P33176, Q5T4F4","GO:0005783;GO:0071787;GO:0071788;GO:0016192",21976701,NA,NA,NA,NA,NA,NA
6553,"CUL4B-DDB1-TLE3 complex",3,3,100,"Q04726, Q13620, Q16531","GO:0010498",17041588,-10.049,-10.077,1.055,-10.919,-12.245,1
6559,"KIF5A-RAB11B-ZFYVE27 complex",3,1,33.33,"Q12840, Q15907, Q5T4F4","GO:0005783;GO:0071787;GO:0071788;GO:0016192",21976701,NA,NA,NA,NA,NA,NA
6562,"RAB11B-ZFYVE27 complex",2,1,50,"Q15907, Q5T4F4","GO:0005783;GO:0016192",21976701,NA,NA,NA,NA,NA,NA
6563,"SURF4-ZFYVE27 complex",2,1,50,"O15260, Q5T4F4","None",21976701,NA,NA,NA,NA,NA,NA
6565,"RTN3-ZFYVE27 complex",2,1,50,"O95197, Q5T4F4","GO:0005783;GO:0016192",21976701,NA,NA,NA,NA,NA,NA
6566,"VAPB-ZFYVE27 complex",2,1,50,"O95292, Q5T4F4","GO:0005783;GO:0016192",21976701,NA,NA,NA,NA,NA,NA
6568,"3M core complex",3,2,66.67,"O75147, Q14999, Q9H0W5","GO:0000226;GO:0005813;GO:0005737",24793695,-1.105,20.708,25.666,54.08,60.76,0.334
6577,"3M complex",7,3,42.86,"O75147, P04637, P62877, Q14999, Q8IWT3, Q8N3Y1, Q9H0W5","GO:0000226",24793695,-1.105,20.708,25.666,54.08,60.76,0.386
6587,"CAP-cbl-flotilin complex",3,3,100,"O75955, P22681, Q9BX66","GO:0046324",11001060,-1.083,-1.329,-1.29,-1.379,-26.316,0.96
6591,"Hsp90-p23 complex",2,2,100,"P07900, Q15185","None",16403413,1.02,1.023,1.038,1.013,-1.002,1
6592,"c-Abl-CAS-Abi1 complex",3,2,66.67,"P00519, P56945, Q8IZP0","GO:0006940",23740246,-1.245,-1.391,-1.18,-1.295,-1.677,0.434
6599,"CTNND1-GLIS2 complex",2,1,50,"O60716, Q9BZE0","GO:0005634;GO:0006355",17344476,NA,NA,NA,NA,NA,NA
6603,"ANKRA2-CCDC8-OBSL1-CUL7 complex",4,2,50,"O75147, Q14999, Q9H0W5, Q9H9E1","None",25752541,-1.105,20.708,25.666,54.08,60.76,0.334
6609,"ATL2-ZFYVE27 complex",2,1,50,"Q5T4F4, Q8NHH9","GO:0005783;GO:0071787;GO:0071788;GO:0016192",23969831,NA,NA,NA,NA,NA,NA
6613,"ATL3-ZFYVE27 complex",2,1,50,"Q5T4F4, Q6DD88","GO:0005783;GO:0071787;GO:0071788;GO:0016192",23969831,NA,NA,NA,NA,NA,NA
6615,"RNT2-SPAST complex",2,1,50,"O75298, Q9UBP0","GO:0007029;GO:0005874",22232211,NA,NA,NA,NA,NA,NA
6618,"RhBG-kAE1-ankyrin-G complex",3,1,33.33,"P02730, Q12955, Q9H310","None",25616663,NA,NA,NA,NA,NA,NA
6619,"MGAT1-NGT complex",2,1,50,"P26572, Q9Y2D2","GO:1990569;GO:0000139",25944901,NA,NA,NA,NA,NA,NA
6620,"MGAT1-SLC35A2(splice variant 2) complex",2,1,50,"P26572, P78381-2","GO:0072334;GO:0000139",25944901,NA,NA,NA,NA,NA,NA
6621,"NEK2-SAV1-STK3 complex",3,1,33.33,"P51955, Q13188, Q9H4B6","GO:0051297;GO:0051225;GO:0035329;GO:0051299",21076410,NA,NA,NA,NA,NA,NA
6622,"MGAT2-SLC35A3 complex",2,1,50,"Q10469, Q9Y2D2","GO:1990569;GO:0000139",25944901,NA,NA,NA,NA,NA,NA
6623,"MGAT2-SLC35A2(splice variant 2) complex",2,1,50,"P78381-2, Q10469","GO:0072334;GO:0000139",25944901,NA,NA,NA,NA,NA,NA
6634,"WDR20-USP12-UAF1 complex",3,1,33.33,"O75317, Q8TAF3, Q8TBZ3","GO:0016579",20147737,NA,NA,NA,NA,NA,NA
6635,"WDR20-USP46-UAF1 complex",3,1,33.33,"P62068, Q8TAF3, Q8TBZ3","GO:0016579",20147737,NA,NA,NA,NA,NA,NA
6636,"USP12-UAF1 complex",2,1,50,"O75317, Q8TAF3","GO:0005634;GO:0016579",19075014,NA,NA,NA,NA,NA,NA
6637,"USP46-UAF1 complex",2,1,50,"P62068, Q8TAF3","GO:0016579;GO:0005634",19075014,NA,NA,NA,NA,NA,NA
6639,"CCC-Wash (WASH1, FAM21C) complex",15,10,66.67,"A8K0Z3, O60826, Q567U6, Q7Z3J2, Q7Z4G1, Q86VX2, Q86X83, Q8N668, Q9GZQ3, Q9H0A8, Q9NX08, Q9P000, Q9UBI1, Q9Y4E1, Q9Y6G5","GO:0031941;GO:0035459;GO:0071203;GO:0055070",25355947,1.005,-1.047,-1.095,-1.867,-2.527,0.87
6644,"CCDC22-COMMD1-CUL2 complex",3,3,100,"O60826, Q13617, Q8N668","GO:0016567",23563313,1.001,-1.021,-1.073,-1.189,-14.871,1
6645,"CCC complex",13,10,76.92,"O60826, Q567U6, Q7Z3J2, Q7Z4G1, Q86VX2, Q86X83, Q8N668, Q9GZQ3, Q9H0A8, Q9NX08, Q9P000, Q9UBI1, Q9Y6G5","GO:0005769;GO:0055070",25355947,1.005,-1.047,-1.095,-1.867,-2.527,0.87
6646,"SMAD2-SMAD4-WWTR1 complex",3,1,33.33,"Q13485, Q15796, Q9GZV5","GO:0006351",18568018,NA,NA,NA,NA,NA,NA
6651,"WWTR1-YAP1 complex",2,1,50,"P46937, Q9GZV5","GO:0006351",16332960,NA,NA,NA,NA,NA,NA
6655,"CTNNB1-TBX5-YAP1 complex",3,2,66.67,"P35222, P46937, Q99593","GO:0006351",23245941,1.123,-1.012,-1.158,-1.468,-1.604,0.651
6657,"ATAC complex, GCN5-linked",10,2,20,"O75478, O75528, P61964, Q01658, Q8IYH5, Q92830, Q96ES7, Q9H8E8, Q9NS73, Q9ULM3","GO:0044154;GO:0005634",26468280,1.05,1.445,1.527,1.186,1.023,0.393
6658,"CCDC22-COMMD8-CUL1 complex",3,3,100,"O60826, Q13616, Q9NX08","GO:0008384;GO:0016567",23563313,-1.055,-1.073,-19.122,-1.288,-1.234,0.405
6659,"Ubiquitin E3 ligase (CCDC22, COMMD8, CUL3)",3,3,100,"O60826, Q13618, Q9NX08","GO:0016567;GO:0031461",23563313,-1.056,-1.08,-23.432,-1.294,-1.239,0.401
6664,"STAGA complex, SPT3-linked",19,1,5.26,"O15265, O75486, O75528, O75529, O94864, Q12962, Q14CW9, Q16514, Q16594, Q86TJ2, Q8NEM7, Q92830, Q96BN2, Q96ES7, Q9H0E3, Q9NPA8, Q9UPT9, Q9Y4A5, Q9Y6J9","GO:0016573;GO:0005634",18838386,NA,NA,NA,NA,NA,NA
6665,"ATAC complex, YEATS2-linked",14,4,28.57,"O43318, O75478, O75528, P61964, Q01658, Q14157, Q8IYH5, Q92830, Q96ES7, Q9H8E8, Q9NR33, Q9NRF9, Q9NS73, Q9ULM3","GO:0005634;GO:0016573",18838386,1.047,-1.221,-1.165,-1.188,-1.297,0.561
6671,"PI4K2A-WASH complex",14,13,92.86,"O00203, P46934, P47756, P50570, P52907, Q00610, Q12768, Q2M389, Q5T1M5, Q641Q2, Q92888, Q92974, Q96N67, Q9BTU6","GO:0005769;GO:0071203",23676666,-1.025,-1.067,-1.102,-1.232,-1.339,0.072
6675,"PI4K2A-PRDX1 complex",2,2,100,"Q06830, Q9BTU6","GO:0016209;GO:0052742",23676666,-1.096,1.087,1.045,1.15,1.321,0.687
6676,"WWTR1-YWHAQ complex",2,1,50,"P27348, Q9GZV5","GO:0035329;GO:0006351",21555462,NA,NA,NA,NA,NA,NA
6680,"CTNNB1-GLIS2 complex",2,1,50,"P35222, Q9BZE0","GO:0060070",17289029,NA,NA,NA,NA,NA,NA
6683,"SYNE2-TMEM67 complex",2,1,50,"Q5HYA8, Q8WXH0","GO:0060271;GO:0031532",19596800,NA,NA,NA,NA,NA,NA
6688,"GLIS2-TRIM32 complex",2,1,50,"Q13049, Q9BZE0","GO:0005634;GO:0006351",24500717,NA,NA,NA,NA,NA,NA
6689,"DTNBP1-TRIM32 complex",2,1,50,"Q13049, Q96EV8","GO:0016567",19349376,NA,NA,NA,NA,NA,NA
6690,"NEDD4-PI4K2A complex",2,1,50,"P46934, Q9BTU6","GO:0052742;GO:0031625",23676666,NA,NA,NA,NA,NA,NA
6691,"CLTC-PI4K2A complex",2,2,100,"Q00610, Q9BTU6","GO:0030133;GO:0052742;GO:0030276",23676666,-1.048,1.027,-1.022,-1.085,-1.033,1
6692,"BLOC1S6-PI4K2A complex",2,1,50,"Q9BTU6, Q9UL45","GO:0052742;GO:0031082",23676666,NA,NA,NA,NA,NA,NA
6693,"DVL1-PI4K2A complex",2,1,50,"O14640, Q9BTU6","GO:0052742",19561074,NA,NA,NA,NA,NA,NA
6701,"DVL1-PIP5K1B-PI4K2A complex",3,1,33.33,"O14640, O14986, Q9BTU6","GO:0052742",19561074,NA,NA,NA,NA,NA,NA
6702,"CXCR2-NHERF1-PLC-beta-3 complex",3,2,66.67,"O14745, P25025, Q01970","GO:0008283;GO:0070098",23544174,1.021,-1.112,-1.265,-1.43,-1.564,0.112
6703,"TBCD-tubulin(alpha)-tubulin(beta) complex",3,1,33.33,"P07437, Q71U36, Q9BTW9","GO:0000226",28126905,NA,NA,NA,NA,NA,NA
6706,"CAPN1-HSP90AB1 complex",2,2,100,"P07384, P08238","GO:0006508",25575026,1.113,1.042,1.124,1.199,1.228,0.826
6707,"PIP5K1B-PI4K2A complex",2,1,50,"O14986, Q9BTU6","GO:0052742",19561074,NA,NA,NA,NA,NA,NA
6710,"Calpain 1",2,2,100,"P04632, P07384","GO:0006508",8886026,1.106,1.075,1.074,1.085,1.12,1
6713,"TBCD-ARL2-tubulin(beta) complex",3,2,66.67,"P07437, P36404, Q9BTW9","GO:0000226;GO:0046785",28126905,1.088,1.172,1.124,1.045,1.093,1
6714,"TBCE-TBCB-tubulin(alpha) complex",3,2,66.67,"Q15813, Q71U36, Q99426","GO:0000226",28126905,-1.131,-1.156,-1.413,-1.379,-1.287,0.327
6715,"TBCD-ARL2-tubulin(beta)-TBCE complex",4,3,75,"P07437, P36404, Q15813, Q9BTW9","GO:0000226",28126905,1.076,1.088,1.012,-1.052,-1.009,1
6716,"DLG5-MST1-MST2 complex",3,1,33.33,"Q13043, Q13188, Q8TDM6","GO:0030010;GO:0035330",28087714,NA,NA,NA,NA,NA,NA
6720,"FILIP1-FLNA complex",2,1,50,"P21333, Q7Z7B0","GO:0031005",23087206,NA,NA,NA,NA,NA,NA
6725,"ARP3-WHAMM complex",2,1,50,"P61158, Q8TF30","GO:0031532",23087206,NA,NA,NA,NA,NA,NA
6726,"GRASP1-GRIP1 complex",2,1,50,"Q4V328, Q9Y3R0","GO:0005088",10896157,NA,NA,NA,NA,NA,NA
6729,"IQGAP1-CXCR2 complex",2,1,50,"P25025, P46940","GO:0070098",21876773,NA,NA,NA,NA,NA,NA
6730,"14-3-3 gamma-CXCR2 complex, unstimulated",2,1,50,"P25025, P61981","None",21876773,NA,NA,NA,NA,NA,NA
6731,"VASP-CXCR2 complex, CXCL8 stimulated",2,1,50,"P25025, P50552","GO:0030036",21876773,NA,NA,NA,NA,NA,NA
6736,"PRAME-Cullin2 ubiquitin ligase complex",2,1,50,"P78395, Q13617","GO:0005634;GO:0003682;GO:0016567",21822215,NA,NA,NA,NA,NA,NA
6737,"H2A-H2B-TDIF2-PCNA complex",4,1,25,"P12004, Q16777, Q16778, Q5QJE6","GO:0006338;GO:0005634;GO:0003677",12786946,NA,NA,NA,NA,NA,NA
6738,"PRAME-ElonginBC ubiquitin ligase",3,2,66.67,"P78395, Q15369, Q15370","GO:0003682;GO:0005634;GO:0016567",21822215,-1.087,-1.133,-1.272,-1.241,-1.281,0.099
6742,"SMG1-UPF2-Y14-MAGOH-UPF3B-EIF4A3 complex",6,3,50,"P38919, P61326, Q96Q15, Q9BZI7, Q9HAU5, Q9Y5S9","GO:0000184",16452507,-1.009,1.115,1.07,-1.039,-1.145,0.749
6753,"SOG complex",8,3,37.5,"P55735, Q12980, Q5T011, Q6PJI9, Q8WTW4, Q96EE3, Q96S15, Q9NXC5","GO:0032418;GO:1904262",28199315,1.288,-7.233,1.078,-7.291,-7.473,0.999
6756,"RasGAP-AURKB-survivin complex",3,1,33.33,"O15392, P20936, Q96GD4","GO:0007186;GO:0000278;GO:0051726",11976319,NA,NA,NA,NA,NA,NA
6765,"CCR4-NOT complex",8,5,62.5,"A5YKK6, O75175, Q92600, Q9H9A5, Q9NZN8, Q9UIV1, Q9UKZ1, Q9ULM6","GO:0030014;GO:0043928;GO:0003723;GO:0006355;GO:0000289;GO:0000288",23232451,1.501,-1.063,-1.126,1.189,1.126,0.365
6770,"TBX20-TLE3 repressor complex",2,1,50,"Q04726, Q9UMR3","GO:0007507;GO:0045892",24024827,NA,NA,NA,NA,NA,NA
6771,"TBX20-HDAC2 repressor complex",2,1,50,"Q92769, Q9UMR3","GO:0045892",24024827,NA,NA,NA,NA,NA,NA
6777,"SCRIB-NOS1AP-VANGL1 complex",3,1,33.33,"O75052, Q14160, Q8TAA9","GO:0007163;GO:0016477;GO:0030027",22179838,NA,NA,NA,NA,NA,NA
6778,"SCRIB-GIT1-ARHGEF7-PAK1 complex",4,4,100,"Q13153, Q14155, Q14160, Q9Y2X7","GO:0007163;GO:0016477",22179838,1.026,1.263,1.104,1.451,1.393,0.527
6779,"SCRIB-GIT1-ARHGEF7-PAK1 complex",4,4,100,"Q13153, Q14155, Q14160, Q9Y2X7","GO:0016477;GO:0031252;GO:0007163",18716323,1.026,1.263,1.104,1.451,1.393,0.527
6780,"RAD6A-KCMF1-UBR4 complex",3,1,33.33,"P49459, Q5T4S7, Q9P0J7","GO:1905146",25582440,NA,NA,NA,NA,NA,NA
6782,"mitochondrial permeability  transition pore (PTP) complex (PPIF-SPG7-VDAC1)",3,2,66.67,"P21796, P30405, Q9UQ90","GO:0051882;GO:0005743;GO:0005741",26387735,1.01,1.049,1.082,-16.607,-17.321,1
6783,"CLIC5A-EZR-PODXL complex",3,2,66.67,"O00592, P15311, Q9NZA1","GO:0098846;GO:0031532",20335315,1.001,-1.572,-2.022,-2.548,-2.559,0.136
6784,"SCHIP1-EZR-NHERF2 complex",3,2,66.67,"P0DPB3, P15311, Q15599","GO:0098846;GO:0031532",25807495,-1.06,-1.077,-1.223,-1.441,-1.608,0.256
6787,"NHE3-NHERF2-ACTN4, Ca(2+) induced",3,2,66.67,"O43707, P48764, Q15599","GO:0002028;GO:0006885",11948184,-1.132,-1.043,-1.101,-1.213,-1.34,0.157
6788,"SLC9A3R1-ACTN4 complex",2,2,100,"O14745, O43707","GO:0030036",26432781,-1.002,1.034,-1.095,-1.259,-1.341,0.077
6789,"EGFR-NHERF1-PTEN complex",3,1,33.33,"O14745, P00533, P60484","GO:0051898",26531778,NA,NA,NA,NA,NA,NA
6790,"NHERF1-PRKCZ complex",2,1,50,"O14745, Q05513","GO:0007249",24196963,NA,NA,NA,NA,NA,NA
6791,"NHERF1-NPT2A-EZR complex",3,2,66.67,"O14745, P15311, Q06495","GO:0006817;GO:0071374",22628548,1.065,1.001,-1.216,-1.495,-1.609,0.051
6793,"PDZK1-NHERF1-EZR complex",3,2,66.67,"O14745, P15311, Q5T2W1","GO:0032528",20237154,1.065,1.001,-1.216,-1.495,-1.609,0.051
6794,"LPAR2-TRIP6-NHERF2 complex, LPA stimulated",3,2,66.67,"Q15599, Q15654, Q9HBW0","GO:0043066",19293149,-1.119,-1.102,-1.147,-1.323,-1.565,0.159
6799,"VEGFR2-S1PR1-ERK1/2-PKC-alpha complex",5,3,60,"P17252, P21453, P27361, P28482, P35968","GO:0016477;GO:0070371",20501673,-1.079,-1.148,-1.304,-1.341,-1.363,0.483
6800,"VEGFR2-S1PR2-ERK1/2-PKC-alpha complex",5,3,60,"O95136, P17252, P27361, P28482, P35968","GO:0016477;GO:0070371",20501673,-1.079,-1.148,-1.304,-1.341,-1.363,0.483
6801,"VEGFR2-S1PR3-ERK1/2-PKC-alpha complex",5,3,60,"P17252, P27361, P28482, P35968, Q99500","GO:0016477;GO:0070371",20501673,-1.079,-1.148,-1.304,-1.341,-1.363,0.483
6802,"VEGFR2-S1PR5-ERK1/2-PKC-alpha complex",5,3,60,"P17252, P27361, P28482, P35968, Q9H228","GO:0016477;GO:0070371",20501673,-1.079,-1.148,-1.304,-1.341,-1.363,0.483
6806,"IGF1R-CXCR4-GNAI2-GNB1 complex",4,2,50,"P04899, P08069, P61073, P62873","GO:0016477",16172123,-1.163,1.38,1.394,1.034,1.037,0.208
6811,"RXFP1 signalosome",6,1,16.67,"P17612, P24588, P32121, Q08462, Q08499-2, Q9HBX9","GO:0007186;GO:0043949;GO:0009725",20664520,NA,NA,NA,NA,NA,NA
6815,"DRD4-KLHL12-CUL3 complex",3,1,33.33,"P21917, Q13618, Q53G59","GO:0031396",18303015,NA,NA,NA,NA,NA,NA
6816,"ULK1-ATG13-ATG14-PIK3C3 complex",4,1,25,"O75143, O75385, Q6ZNE5, Q8NEB9","GO:0000045;GO:0010506",27046250,NA,NA,NA,NA,NA,NA
6817,"Ubiquitin E3 ligase (CUL1, FBXO18, RBX1, SKP1A)",4,3,75,"P62877, P63208, Q13616, Q8NFZ0","GO:0016567;GO:0032508;GO:0031146;GO:0006511",15118074,-2.433,-1.057,-2.609,-2.991,-2.982,0.998
6820,"APOL1 complex B (APOL1, APOA1, HPR, FN1, IGHM)",5,1,20,"O14791, P00739, P01871, P02647, P02751","GO:0097006",26586272,NA,NA,NA,NA,NA,NA
6838,"IGF2BP1 complex",9,9,100,"O60506, O95793, P61254, P62753, P67809, Q00839, Q08211, Q15717, Q9NZI8","GO:0048255;GO:0005737",19029303,-1.055,-1.239,-1.268,-1.352,-1.459,0.052
6844,"NIF-1-DBC1-EMSY complex",3,1,33.33,"Q7Z589, Q8N163, Q9H4Z2","GO:0048384;GO:0006351",19131338,NA,NA,NA,NA,NA,NA
6845,"NIF1-ASH2L-RBBP5-WDR5 complex",4,2,50,"P61964, Q15291, Q9H4Z2, Q9UBL3","GO:0016571",19131338,-1.02,1.246,1.319,-1.018,-1.418,1
6846,"DBC1-SIRT1 complex",2,1,50,"Q8N163, Q96EB6","GO:0090311;GO:0043065",18235502,NA,NA,NA,NA,NA,NA
6847,"DBIRD complex",2,2,100,"Q5BKZ1, Q8N163","GO:0000381;GO:0006368",22446626,-1.083,1.143,1.047,-1.158,-1.217,0.293
6848,"IRF2BP2-IRF2BP1-IRF2BPL complex",3,2,66.67,"Q7Z5L9, Q8IU81, Q9H1B7","GO:0045892;GO:0042981",21444724,1.144,1.379,1.142,1.184,1.002,1
6849,"WRAD  complex (WDR5, RBBP5, ASH2L, DPY30)",4,3,75,"P61964, Q15291, Q9C005, Q9UBL3","GO:0097692",21106533,-1.066,1.149,1.153,-10.66,-1.326,0.999
6850,"WRA complex (WDR5, RBBP5, ASH2L)",3,2,66.67,"P61964, Q15291, Q9UBL3","GO:0097692",21106533,-1.02,1.246,1.319,-1.018,-1.418,1
6851,"MWRAD complex (MLL1, WDR5, RBBP5, ASH2L, DPY30)",5,3,60,"P61964, Q03164, Q15291, Q9C005, Q9UBL3","GO:0097692;GO:0044648",21106533,-1.066,1.149,1.153,-10.66,-1.326,0.999
6852,"COPRS-PRMT5-RUNX1-CBFB complex",4,3,75,"O14744, Q01196, Q13951, Q9NQ92","GO:0006351;GO:0042692",22193545,-1.06,1.668,1.6,1.481,1.194,1
6853,"COPRS-PRMT5 complex",2,1,50,"O14744, Q9NQ92","GO:0043985;GO:0005634;GO:0006355",18404153,NA,NA,NA,NA,NA,NA
6854,"5FMC (Friends of Methylated Chtop) complex",5,4,80,"Q8IZL8, Q9BV38, Q9H4L4, Q9NXF1, Q9Y4W2","GO:0016926;GO:0006351",22872859,-1,1.235,1.229,1.121,1.028,0.171
6855,"LAS1L-PELP1-TEX10-WDR18-NOL9-SENP3  complex",6,5,83.33,"Q5SY16, Q8IZL8, Q9BV38, Q9H4L4, Q9NXF1, Q9Y4W2","GO:0042254;GO:0005730;GO:0006364",22190735,-1.008,1.287,1.194,1.116,1.038,0.177
6856,"PeBoW complex",3,3,100,"O00541, Q14137, Q9GZL7","GO:0006364;GO:0042254",16043514,-1.21,-1.152,-1.091,-1.294,-1.564,0.049
6857,"PELP1-TEX10-WDR18 complex",3,3,100,"Q8IZL8, Q9BV38, Q9NXF1","GO:0042254;GO:0006364",21326211,1,1.235,1.23,1.122,1.028,0.158
6858,"CHTOP-methylosome complex",5,5,100,"O14744, P84090, Q99873, Q9BQA1, Q9Y3Y2","GO:0043985;GO:0006355;GO:0002056",25284789,1.055,1.273,1.338,1.398,1.365,0.243
6859,"HRD1 complex",13,7,53.85,"O94905, P11021, P14625, P35613, Q13438, Q86TM6, Q96CS3, Q96DZ1, Q9GZP9, Q9UBU6, Q9UBV2, Q9Y385, Q9Y679","GO:0034976;GO:0005789",28411238,1.063,1.029,-1.095,-1.317,-1.36,0.071
6860,"E6AP-HERC2-MAPK6-NEURL4 complex",4,2,50,"O95714, Q05086, Q16659, Q96JN8","GO:0046605",22645313,-1.087,-1.132,-1.079,-1.108,-1.015,1
6861,"MMAA-MUT complex",2,1,50,"P22033, Q8IVH4","GO:0004494",20876572,NA,NA,NA,NA,NA,NA
6862,"Bag6-Ubl4A-Trc35 Complex",3,1,33.33,"P11441, P46379, Q7L5D6","GO:1904294",23246001,NA,NA,NA,NA,NA,NA
6863,"CBX3-EHMT2-NR3C1 complex",3,1,33.33,"P04150, Q13185, Q96KQ7","GO:0006351",28615290,NA,NA,NA,NA,NA,NA
6864,"CBX3-EHMT1-NR3C1 complex",3,1,33.33,"P04150, Q13185, Q9H9B1","GO:0006351",28615290,NA,NA,NA,NA,NA,NA
6866,"AMFR-ERLIN2-TMUB1 complex",3,1,33.33,"O94905, Q9BVT8, Q9UKV5","GO:0036503;GO:0005783",21343306,NA,NA,NA,NA,NA,NA
6871,"AMFR-STING-INSIG1 complex, herpes simplex virus 1 induced",3,1,33.33,"O15503, Q86WV6, Q9UKV5","GO:0036503;GO:0045087;GO:0016567",25526307,NA,NA,NA,NA,NA,NA
6873,"BAG6-AMFR-FAF2 complex",3,2,66.67,"P46379, Q96CS3, Q9UKV5","GO:0071712;GO:0036503;GO:0005789",23665563,1.001,-1.089,-1.022,-1.011,-1.057,1
6875,"CRBN-DDB1-CUL4A-RBX1 E3 ubiquitin ligase",4,3,75,"P62877, Q13619, Q16531, Q96SW2","GO:0061630;GO:0000151;GO:0048731",20223979,-19.603,-1.435,-23.806,-23.334,-24.321,1
6886,"AUP1-OS9-SEL1L-UBC6e-UBXD8 complex",5,3,60,"Q13438, Q96CS3, Q9UBV2, Q9Y385, Q9Y679","GO:0030970;GO:0036503;GO:0005789",18711132,-1.004,-1.023,-1.069,-1.159,-1.163,1
6888,"v-ATPase-Ragulator-AXIN/LKB1-AMPK complex",14,9,64.29,"O15169, O43504, P21281, P27449, P38606, P54619, P61421, Q0VGL1, Q13131, Q15831, Q6IAA8, Q9UHA4, Q9Y2Q5, Q9Y478","GO:0005768;GO:0097009",25002183,-1.049,-1.132,-1.104,-1.088,-1.229,0.489
6890,"Phosphatidylinositol 4-kinase complex",4,1,25,"P42356, Q86TV6, Q8IYD1, Q9BYI3","GO:0005886;GO:0042552;GO:0006661",26571211,NA,NA,NA,NA,NA,NA
6893,"Gamma-tubulin complex",6,3,50,"P23258, Q96CW5, Q96RT7, Q96RT8, Q9BSJ2, Q9UGJ1","GO:0005813;GO:0007020;GO:0060271",11694571,1.016,-1.072,-1.127,-1.207,-1.384,0.165
6895,"MMXD complex",5,5,100,"O76071, P05141, P18074, Q96T76, Q9Y3D0","GO:0072686;GO:0051225;GO:0007059",20797633,1.005,1.055,1.032,-1,-1.159,0.873
6896,"MMS19 complex",4,3,75,"O76071, Q96T76, Q9H6Q4, Q9Y3D0","GO:0005737;GO:0006260;GO:0006281",22678361,1.115,1.045,1.042,1.096,1.002,1
6897,"CIA2B-CIA1-MMS19 complex",3,3,100,"O76071, Q96T76, Q9Y3D0","GO:0097361;GO:0051604;GO:0016226",23891004,1.115,1.045,1.042,1.096,1.002,1
6900,"Ubiquitin E3 ligase (CUL1, FBXO10, SKP1)",3,2,66.67,"P63208, Q13616, Q9UK96","GO:0043065;GO:0006511",23431138,1.113,1.056,1.079,-1.115,-1.104,0.872
6901,"Ubiquitin E3 ligase (CUL1, FBXO6, RBX1, SKP1)",4,3,75,"P62877, P63208, Q13616, Q9NRD1","GO:0036503;GO:0006516;GO:0006511",18203720,-2.433,-1.057,-2.609,-2.991,-2.982,0.998
6902,"Ubiquitin E3 ligase (CUL1, FBXO17, RBX1, SKP1)",4,3,75,"P62877, P63208, Q13616, Q96EF6","GO:0036503;GO:0006516;GO:0006511",18203720,-2.433,-1.057,-2.609,-2.991,-2.982,0.998
6903,"Ubiquitin E3 ligase (CUL1, FBXO27, RBX1, SKP1)",4,3,75,"P62877, P63208, Q13616, Q8NI29","GO:0036503;GO:0006516;GO:0006511",18203720,-2.433,-1.057,-2.609,-2.991,-2.982,0.998
6904,"Ubiquitin E3 ligase (CUL1, FBXO44, RBX1, SKP1)",4,3,75,"P62877, P63208, Q13616, Q9H4M3","GO:0006511",18203720,-2.433,-1.057,-2.609,-2.991,-2.982,0.998
6906,"FBXW7-CDX2-GSK3B complex",3,1,33.33,"P49841, Q969H0, Q99626","GO:0031146;GO:0006511",27470268,NA,NA,NA,NA,NA,NA
6907,"CTNNB1-FERMT2-TCF7L2 complex",3,2,66.67,"P35222, Q96AC1, Q9NQB0","GO:0005634;GO:0030177",22699938,1.165,1.156,1.14,-1.04,-1.009,1
6908,"CTNNB1-FERMT2-YBX1 complex",3,3,100,"P35222, P67809, Q96AC1","GO:1901186;GO:0006355;GO:0005737;GO:0005634",27713156,-1.007,-1.176,-1.165,-1.256,-1.231,0.999
6913,"ELN-FBLN2-FBN1 complex",3,1,33.33,"P15502, P35555, P98095","GO:0050436",17255108,NA,NA,NA,NA,NA,NA
6914,"ELN-FBLN5-FBN1 complex",3,1,33.33,"P15502, P35555, Q9UBX5","GO:0050436",17255108,NA,NA,NA,NA,NA,NA
6916,"CTTN-FER-PTK2 complex",3,2,66.67,"P16591, Q05397, Q14247","GO:0022604",19339212,-1.206,-1.025,-1.371,-1.369,-1.308,0.835
6919,"ILK-LIMS1-PARVA complex",3,3,100,"P48059, Q13418, Q9NVD7","GO:0016477;GO:0006915;GO:0008360;GO:0007160",20717960,-1.067,-1.039,-1.155,-1.185,-1.083,0.464
6920,"ILK-LIMS2-PARVA complex",3,2,66.67,"Q13418, Q7Z4I7, Q9NVD7","GO:0016477;GO:0008360;GO:0007160",20717960,-1.053,-1.058,-1.19,-1.202,-1.112,0.166
6921,"FAK\u2013p130Cas\u2013MT1 complex",3,3,100,"P50281, P56945, Q05397","GO:0010715",22291036,-1.247,-1.395,-1.683,-1.345,-1.268,0.632
6925,"MAPK1-PTK2-PXN complex",3,3,100,"P28482, P49023, Q05397","GO:0016477;GO:0042060",16849556,-1.084,1.015,-1.312,-1.318,-1.225,0.999
6927,"Robo4\u2013paxillin complex",2,1,50,"P49023, Q8WZ75","GO:2001212",19855388,NA,NA,NA,NA,NA,NA
6928,"ARHGEF7-GIT2-PAK1 complex",3,3,100,"Q13153, Q14155, Q14161","GO:0050863;GO:0050852",11157752,1.086,1.337,1.441,1.537,1.375,0.787
6929,"AKT1-FOXO1-WDFY2 complex",3,2,66.67,"P31749, Q12778, Q96P53","GO:1904179",18388859,1.208,1.301,1.087,1.045,1.128,0.998
6930,"PRKCZ-VAMP2-WDFY2 complex",3,1,33.33,"P63027, Q05513, Q96P53","GO:0036465",17313651,NA,NA,NA,NA,NA,NA
6931,"FOXP3-TRIM28-ZFP90 complex",3,1,33.33,"Q13263, Q8TF47, Q9BZS1","GO:0006338;GO:0045892",23543754,NA,NA,NA,NA,NA,NA
6932,"AJUBA-PRMT5-SNAI1 complex",3,1,33.33,"O14744, O95863, Q96IF1","GO:0017053",18347060,NA,NA,NA,NA,NA,NA
6933,"PRKCZ-SQSTM-TRAF6 complex",3,1,33.33,"Q05513, Q13501, Q9Y4K3","GO:1901222",15870274,NA,NA,NA,NA,NA,NA
6937,"ARHGEF2-MAPK1-MAPK3-PXN complex",4,4,100,"P27361, P28482, P49023, Q92974","GO:0035025;GO:0043114",24706358,-1.017,-1.03,-1.186,-1.401,-1.459,0.238
6948,"Isocitrate dehydrogenase [NADP], mitochondrial",1,1,100,"P48735","GO:0005739;GO:0006102",28536275,NA,NA,NA,NA,NA,NA
6949,"Isocitrate dehydrogenase [NAD], mitochondrial",3,3,100,"O43837, P50213, P51553","GO:0006102;GO:0051287;GO:0005739;GO:0046872;GO:0006099",28139779,5.182,5.899,7.489,7.138,7.045,0.214
6951,"NG2-galectin-3-alpha3beta1-integrin complex",4,4,100,"P05556, P17931, P26006, Q6UVK1","GO:0045765",15181153,-1.136,-1.148,-1.471,-1.847,-1.925,0.027
6956,"REP-RGGT-Rab complex",3,1,33.33,"P20336, P24386, Q92696","GO:2000539",18532927,NA,NA,NA,NA,NA,NA
6957,"C2ORF3-Prp43-TFIP11 complex",3,1,33.33,"O43143, P16383, Q9UBB9","GO:0000381",24304693,NA,NA,NA,NA,NA,NA
6958,"BOLA2-GLRX3 complex",2,2,100,"O76003, Q9H3K6","GO:0055072",22309771,-1.061,-1.114,-1.272,-1.381,-1.403,0.108
6960,"BICD2-dynein-dynactin complex",3,2,66.67,"O14576, Q14203, Q8TD16","GO:0060236",28883039,-1.098,-1.245,-1.075,-1.005,-1.095,1
6961,"CTNNB1-GID8 complex",2,2,100,"P35222, Q9NWU2","GO:0005634;GO:0060070",28829046,1.227,1.019,1.013,1.003,-1.081,1
6963,"AXIN1-GID8-GSK3B complex",3,2,66.67,"O15169, P49841, Q9NWU2","GO:0060070;GO:0005737",28829046,1.2,-1.081,-1.061,1.009,1.015,1
6968,"Serine-palmitoyltransferase (SPTLC1, SPTLC2) complex",2,2,100,"O15269, O15270","GO:0005783;GO:0016409;GO:0002178;GO:0030148",17023427,-1.09,-34.895,-1.923,-2.208,-2.471,1
6969,"Serine-palmitoyltransferase (SPTLC1, SPTLC2, SPTLC3) complex",3,2,66.67,"O15269, O15270, Q9NUV7","GO:0005783;GO:0016409;GO:0002178;GO:0030148",17331073,-1.09,-34.895,-1.923,-2.208,-2.471,1
6970,"Serine-palmitoyltransferase (SPTLC1, SPTLC3, ssSPTb) complex",3,1,33.33,"O15269, Q8NFR3, Q9NUV7","GO:0005783;GO:0016409;GO:0002178;GO:0030148",19416851,NA,NA,NA,NA,NA,NA
6972,"Serine-palmitoyltransferase (SPTLC1, SPTLC3, ssSPTa) complex",3,1,33.33,"O15269, Q969W0, Q9NUV7","GO:0005783;GO:0016409;GO:0002178;GO:0030148",19416851,NA,NA,NA,NA,NA,NA
6973,"Serine-palmitoyltransferase (SPTLC1, SPTLC2, ssSPTb) complex",3,2,66.67,"O15269, O15270, Q8NFR3","GO:0005783;GO:0016409;GO:0002178;GO:0030148",19416851,-1.09,-34.895,-1.923,-2.208,-2.471,1
6974,"Serine-palmitoyltransferase (SPTLC1, SPTLC2, ssSPTa) complex",3,2,66.67,"O15269, O15270, Q969W0","GO:0005783;GO:0016409;GO:0002178;GO:0030148",19416851,-1.09,-34.895,-1.923,-2.208,-2.471,1
6980,"IGF1-IGF1R-ITGAV-ITGB3 complex",4,1,25,"P05019, P05106, P06756, P08069","GO:0048009;GO:0016049",23243309,NA,NA,NA,NA,NA,NA
6982,"ORMDL3-SPTLC1 complex",2,2,100,"O15269, Q8N138","GO:0090155",20182505,-19.701,-1.091,-27.275,-1.654,-32.973,0.924
6984,"ProTalpha C2 complex",4,4,100,"P06454, P49006, P60709, Q01105","GO:0043066;GO:0008283",29106904,-1.06,1.025,-1.313,-1.547,-1.864,0.185
6985,"ProTalpha C5 complex",5,5,100,"P06454, P25786, P39687, Q00325, Q07021","GO:0004306",29106904,1.105,1.226,1.213,1.106,1.131,0.707
6987,"ProTalpha C7 complex",3,3,100,"P06454, P39687, Q92688","GO:0043066;GO:0008283",29106904,-1.037,1.134,-1.036,-1.365,-1.464,0.234
6988,"ProTalpha C8 complex",4,3,75,"P06454, P39687, P62491, Q92688","GO:0043066;GO:0008283",29106904,-1.037,1.134,-1.036,-1.365,-1.464,0.234
6989,"ProTalpha C9 complex",2,2,100,"P06454, Q01105","GO:0043066;GO:0008283",29106904,-1.057,1.036,-1.121,-1.55,-1.878,0.159
6990,"THSD1-FAK-talin-vinculin complex",4,3,75,"P18206, Q05397, Q9NS62, Q9Y490","GO:0051893",29069646,-1.091,-1.012,-1.215,-1.162,-1.114,0.753
6991,"ABI3-WAVE2-CYFIP1 complex",3,2,66.67,"Q7L576, Q9P2A4, Q9Y6W5","GO:0014066",28978070,-1.028,-1.08,-1.104,-1.175,-1.203,0.243
6993,"FGF1-ITGAV-ITGB3 complex",3,1,33.33,"P05106, P05230, P06756","GO:0008543",18441324,NA,NA,NA,NA,NA,NA
6997,"ADIPOQ-GLT25D1-PLOD3 complex",3,2,66.67,"O60568, Q15848, Q8NBJ5","GO:0032368",28428430,-1.032,-1.224,-1.404,-1.421,-1.361,0.063
6999,"SEPHS1-SEPHS2-SEPSECS-SECp43 complex",4,1,25,"P49903, Q99611, Q9HD40, Q9NX07","GO:0001514;GO:0016259",28414460,NA,NA,NA,NA,NA,NA
7000,"PLOD2-FKBP10 complex",2,2,100,"O00469, Q96AY3","GO:0030199",28378777,1.063,-1.266,-1.638,-1.935,-1.815,0.032
7002,"CAPZA3-CAPZB complex",2,1,50,"P47756, Q96KX2","GO:0007283",28104696,NA,NA,NA,NA,NA,NA
7004,"HTT-DISC1-PDE4B complex",3,1,33.33,"P42858, Q07343, Q9NRI5","None",28263187,NA,NA,NA,NA,NA,NA
7005,"PP2A-NR3A complex",4,2,50,"P30153, P63151, P67775, Q8TCU5","GO:0048167;GO:0043666",11588171,1.015,-1.063,-1.042,-1.02,1.025,0.999
7011,"FERMT3-RACK1 complex",2,2,100,"P63244, Q86UX7","GO:0034687;GO:0097110;GO:0007229",22334666,1.087,-1.125,-1.125,-1.234,-1.326,0.751
7012,"ITGB1-RACK1 complex",2,2,100,"P05556, P63244","GO:0005080;GO:2001044",9442085,1.137,-1.026,-1.121,-1.265,-1.347,0.999
7013,"ITGB2-RACK1 complex",2,1,50,"P05107, P63244","GO:0005080;GO:2001044",9442085,NA,NA,NA,NA,NA,NA
7014,"GNAI1-GNGT1-GNB1 complex",3,1,33.33,"P62873, P63096, P63211","None",25733868,NA,NA,NA,NA,NA,NA
7015,"GNAI1-GNB2-GNGT1 complex",3,1,33.33,"P62879, P63096, P63211","None",25733868,NA,NA,NA,NA,NA,NA
7019,"GNAI1-GNB1-GNG2 complex",3,2,66.67,"P59768, P62873, P63096","None",25733868,-1.069,1.601,1.552,-1.01,1.003,0.29
7020,"GNAI1-GNB2-GNG2 complex",3,2,66.67,"P59768, P62879, P63096","None",25733868,1.012,1.545,1.534,1.024,-1.048,0.195
7021,"GNAI1-GNB3-GNG2 complex",3,1,33.33,"P16520, P59768, P63096","None",25733868,NA,NA,NA,NA,NA,NA
7022,"GNAI1-GNB4-GNG2 complex",3,1,33.33,"P59768, P63096, Q9HAV0","None",25733868,NA,NA,NA,NA,NA,NA
7023,"GNAI1-GNB5-GNG2 complex",3,1,33.33,"O14775, P59768, P63096","None",25733868,NA,NA,NA,NA,NA,NA
7024,"GNAI1-GNB1-GNG3 complex",3,1,33.33,"P62873, P63096, P63215","None",25733868,NA,NA,NA,NA,NA,NA
7025,"GNAI1-GNB2-GNG3 complex",3,1,33.33,"P62879, P63096, P63215","None",25733868,NA,NA,NA,NA,NA,NA
7029,"IGF1-IGF1R-ITGA6-ITGB4 complex",4,1,25,"P05019, P08069, P16144, P23229","GO:0048009;GO:0007160",22351760,NA,NA,NA,NA,NA,NA
7030,"DCP1A-NR3C1-PNRC2-UPF1-complex",4,2,50,"P04150, Q92900, Q9NPI6, Q9NPJ4","GO:0000956;GO:0090025",25775514,-1.008,-1.024,-1.01,-17.018,-1.137,1
7031,"GNAI1-GNB1-GNG4 complex",3,1,33.33,"P50150, P62873, P63096","None",25733868,NA,NA,NA,NA,NA,NA
7032,"GNAI1-GNB2-GNG4 complex",3,1,33.33,"P50150, P62879, P63096","None",25733868,NA,NA,NA,NA,NA,NA
7036,"GNAI1-GNB1-GNG5 complex",3,1,33.33,"P62873, P63096, P63218","None",25733868,NA,NA,NA,NA,NA,NA
7037,"GNAI1-GNB2-GNG5 complex",3,1,33.33,"P62879, P63096, P63218","None",25733868,NA,NA,NA,NA,NA,NA
7038,"BVR-PKCD-ERK2 complex",3,2,66.67,"P28482, P53004, Q05655","GO:0070372;GO:0008283",22065579,1.021,1.152,1.189,1.166,1.226,0.709
7040,"PDZK1-PLCB3-SSTR5 complex",3,1,33.33,"P35346, Q01970, Q5T2W1","GO:0038170;GO:0031882;GO:0007186",22528496,NA,NA,NA,NA,NA,NA
7041,"PDZK1-PLCB3-SSTR1 complex",3,1,33.33,"P30872, Q01970, Q5T2W1","GO:0007186;GO:0038170;GO:0031878",22528496,NA,NA,NA,NA,NA,NA
7042,"PDZK1-PLCB3-SSTR2 complex",3,1,33.33,"P30874, Q01970, Q5T2W1","GO:0007186;GO:0038170;GO:0031879",22528496,NA,NA,NA,NA,NA,NA
7043,"PDZK1-PLCB3-SSTR3 complex",3,1,33.33,"P32745, Q01970, Q5T2W1","GO:0007186;GO:0038170;GO:0031880",22528496,NA,NA,NA,NA,NA,NA
7044,"PDZK1-PLCB3-SSTR4 complex",3,1,33.33,"P31391, Q01970, Q5T2W1","GO:0007186;GO:0038170;GO:0031881",22528496,NA,NA,NA,NA,NA,NA
7050,"PIAS1-SUMO1-UBC9 complex",3,2,66.67,"O75925, P63165, P63279","GO:0032183;GO:0061665;GO:0003714",24174529,-1.007,1.093,-1.087,-1.347,-1.524,0.162
7051,"OTUB1-UBC13-MMS2 complex",3,3,100,"P61088, Q15819, Q96FW1","GO:0031625;GO:0016579;GO:0016567;GO:0006282;GO:0006302;GO:0000209;GO:0004842",22679021,1.107,1.147,1.025,-1.02,-1.065,0.809
7057,"Propionyl-CoA carboxylase",2,2,100,"P05165, P05166","GO:0005739;GO:0009374;GO:0004658",20725044,17.497,484.962,557.94,590.61,617.374,0.207
7058,"HEG1-KRIT1-RAP1B complex",3,1,33.33,"O00522, P61224, Q9ULI3","GO:0003924;GO:0005886",23814056,NA,NA,NA,NA,NA,NA
7065,"WDR41-(C9orf72-SMCR8)-(FIP200-ULK1-ATG13-ATG101) complex",7,1,14.29,"O75143, O75385, Q8TDY2, Q8TEV9, Q96LT7, Q9BSB4, Q9HAD4","GO:0006914;GO:0000139",27193190,NA,NA,NA,NA,NA,NA
7066,"GNAI1-GNB1-GNG7 complex",3,1,33.33,"O60262, P62873, P63096","None",25733868,NA,NA,NA,NA,NA,NA
7067,"GNAI1-GNB2-GNG7 complex",3,1,33.33,"O60262, P62879, P63096","None",25733868,NA,NA,NA,NA,NA,NA
7071,"GNAI1-GNB1-GNG8 complex",3,1,33.33,"P62873, P63096, Q9UK08","None",25733868,NA,NA,NA,NA,NA,NA
7072,"GNAI1-GNB2-GNG8 complex",3,1,33.33,"P62879, P63096, Q9UK08","None",25733868,NA,NA,NA,NA,NA,NA
7076,"GNAI1-GNB1-GNG10 complex",3,1,33.33,"P50151, P62873, P63096","None",25733868,NA,NA,NA,NA,NA,NA
7077,"GNAI1-GNB2-GNG10 complex",3,1,33.33,"P50151, P62879, P63096","None",25733868,NA,NA,NA,NA,NA,NA
7081,"GNAI1-GNB1-GNG11 complex",3,1,33.33,"P61952, P62873, P63096","None",25733868,NA,NA,NA,NA,NA,NA
7082,"GNAI1-GNB2-GNG11 complex",3,1,33.33,"P61952, P62879, P63096","None",25733868,NA,NA,NA,NA,NA,NA
7086,"GNAI1-GNB1-GNG12 complex",2,1,50,"P62873, P63096","None",25733868,NA,NA,NA,NA,NA,NA
7087,"GNAI1-GNB2-GNG12 complex",3,2,66.67,"P62879, P63096, Q9UBI6","None",25733868,-1.02,1.339,1.198,-1.106,-1.164,0.894
7088,"GNAI1-GNB3-GNG12 complex",3,1,33.33,"P16520, P63096, Q9UBI6","None",25733868,NA,NA,NA,NA,NA,NA
7089,"GNAI1-GNB4-GNG12 complex",3,1,33.33,"P63096, Q9HAV0, Q9UBI6","None",25733868,NA,NA,NA,NA,NA,NA
7090,"GNAI1-GNB5-GNG12 complex",3,1,33.33,"O14775, P63096, Q9UBI6","None",25733868,NA,NA,NA,NA,NA,NA
7092,"GNAI1-GNB1-GNG13 complex",3,1,33.33,"P62873, P63096, Q9P2W3","None",25733868,NA,NA,NA,NA,NA,NA
7093,"GNAI1-GNB2-GNG13 complex",3,1,33.33,"P62879, P63096, Q9P2W3","None",25733868,NA,NA,NA,NA,NA,NA
7097,"GNAS-L-GNB1-GNG1 complex",3,2,66.67,"P62873, P63092, P63211","None",25733868,-1.009,1.467,1.43,1.16,1.148,0.217
7098,"ASAH1-NR5A1 complex",2,1,50,"Q13285, Q13510","GO:0003713;GO:0004879",22927646,NA,NA,NA,NA,NA,NA
7099,"ASAH1-NR5A1-SAPD complex",3,1,33.33,"P07602, Q13285, Q13510","GO:0004879;GO:0003713",22927646,NA,NA,NA,NA,NA,NA
7100,"DNAAF2-HEATR2-SPAG1 complex",3,1,33.33,"Q07617, Q86Y56, Q9NVR5","GO:0003341;GO:0060271",29358401,NA,NA,NA,NA,NA,NA
7101,"AURKB-VRK1 complex",2,1,50,"Q96GD4, Q99986","GO:0006338;GO:0035174",29340707,NA,NA,NA,NA,NA,NA
7102,"SOX2-VRK1 complex",2,1,50,"P48431, Q99986","GO:0008283;GO:0001010",27334688,NA,NA,NA,NA,NA,NA
7103,"NBS1-VRK1 complex",2,2,100,"O60934, Q99986","GO:2001020",26869104,-1.085,1.005,-1.145,-24.461,-1.488,0.564
7104,"NBN\u2013RNF8-VRK1 complex",3,2,66.67,"O60934, O76064, Q99986","None",26869104,-1.085,1.005,-1.145,-24.461,-1.488,0.564
7105,"PRRX1-UCHL1 complex",2,1,50,"P09936, P54821","None",29339092,NA,NA,NA,NA,NA,NA
7106,"PRRX2-UCHL1 complex",2,1,50,"P09936, Q99811","None",29339092,NA,NA,NA,NA,NA,NA
7107,"IGF2R-PLAUR-PLG complex",3,1,33.33,"P00747, P11717, Q03405","GO:0005159;GO:0030377;GO:0036364;GO:0031639",10092105,NA,NA,NA,NA,NA,NA
7108,"IGF2R-PLAUR complex",2,1,50,"P11717, Q03405","GO:0005159",10092105,NA,NA,NA,NA,NA,NA
7109,"IGF2R-PLAUR-PLAU complex",3,1,33.33,"P00749, P11717, Q03405","GO:0005159;GO:0030377",10092105,NA,NA,NA,NA,NA,NA
7110,"IGF2R-PLG-PLAU-PLAUR-LTGFbeta1 complex",5,1,20,"P00747, P00749, P01137, P11717, Q03405","GO:0005159;GO:0031639;GO:0036364;GO:0030377",10092105,NA,NA,NA,NA,NA,NA
7111,"NUFIP2-Roquin1 complex",2,1,50,"Q5TC82, Q7Z417","GO:0031295;GO:0006402",29352114,NA,NA,NA,NA,NA,NA
7113,"ABRAXAS2-SHMT1 complex",2,1,50,"P34896, Q15018","GO:0016579",24075985,NA,NA,NA,NA,NA,NA
7114,"ABRAXAS2-SHMT2 complex",2,2,100,"P34897, Q15018","GO:0016579;GO:0035457",24075985,-1.115,1.034,-1.105,-1.015,1.045,0.399
7116,"GRB7-PTK2 complex",2,1,50,"Q05397, Q14451","GO:0016477",10446223,NA,NA,NA,NA,NA,NA
7122,"TIM23(motor) subcomplex (GRPEL1, GRPEL2, HSPA9), mitochondrial",3,2,66.67,"P38646, Q8TAA5, Q9HAV7","GO:0031072;GO:0030150;GO:0001405;GO:0006839;GO:0005739;GO:0006626",28848044,-1.13,-1.054,1.013,1.063,1.094,1
7123,"TIM23(motor) subcomplex (GRPEL1, GRPEL2), mitochondrial",2,1,50,"Q8TAA5, Q9HAV7","GO:0031072;GO:0030150;GO:0001405;GO:0005739;GO:0006839;GO:0006626",28848044,NA,NA,NA,NA,NA,NA
7124,"TIM23(motor) subcomplex (GRPEL1, HSPA9), mitochondrial",2,2,100,"P38646, Q9HAV7","GO:0031072;GO:0030150;GO:0001405;GO:0006839;GO:0005739;GO:0006626",28848044,-1.13,-1.054,1.013,1.063,1.094,1
7125,"TIM23(motor) subcomplex (GRPEL2, HSPA9), mitochondrial",2,1,50,"P38646, Q8TAA5","GO:0031072;GO:0030150;GO:0001405;GO:0005739;GO:0006839;GO:0006626",28848044,NA,NA,NA,NA,NA,NA
7126,"TIM23(motor) subcomplex (GRPEL1, GRPEL2, HSPA9, TIMM44), mitochondrial",4,3,75,"O43615, P38646, Q8TAA5, Q9HAV7","GO:0031072;GO:0030150;GO:0001405;GO:0005739;GO:0006839;GO:0006626",28848044,-1.044,1.164,1.291,1.382,1.459,0.045
7127,"GSKIP-GSK3B-PRKAR2A complex",3,2,66.67,"P13861, P49841, Q9P0R6","GO:0016055;GO:0006468;GO:0060828",27484798,1.042,1.086,1.106,1.115,1.142,1
7130,"PRKAR2A-GSKIP-GSK3B-DNM1L complex",4,3,75,"O00429, P13861, P49841, Q9P0R6","GO:0070125;GO:0006979;GO:0006468",25920809,1.041,1.085,1.098,1.102,1.122,1
7131,"COMMD1-CCDC22-CCDC93-C16orf62 complex",4,4,100,"O60826, Q567U6, Q7Z3J2, Q8N668","GO:0055070;GO:0005769",25355947,-1.162,1.001,-1.1,-1.042,-1.01,0.651
7132,"CCDC22-CCDC93-C16orf62 complex",3,3,100,"O60826, Q567U6, Q7Z3J2","GO:0005768;GO:0055070",25355947,-1.162,1.001,-1.1,-1.042,-1.01,0.519
7133,"CCDC93-COMMD1-COMMD6 complex",3,2,66.67,"Q567U6, Q7Z4G1, Q8N668","GO:0055070;GO:0005769",25355947,-1.091,-1.093,-1.15,-1.194,-21.012,1
7134,"COMMD1-CCDC93-C16orf62 complex",3,3,100,"Q567U6, Q7Z3J2, Q8N668","GO:0055070;GO:0005769",5355947,1.098,1.044,-1.007,-1.163,-21.02,0.994
7135,"CCDC22-CCDC93-C16orf62-FAM21-WASH1 complex",5,3,60,"A8K0Z3, O60826, Q567U6, Q7Z3J2, Q9Y4E1","GO:0005768",25355947,-1.162,1.001,-1.1,-1.042,-1.01,0.519
7136,"VCP-SELK-DERL1 complex",3,2,66.67,"P55072, Q9BUN8, Q9Y6D0","GO:0030968;GO:0036503",22016385,1.015,-1.063,-1.039,1.027,1.092,1
7139,"SEC23-SEC24 adaptor complex",2,2,100,"O95487, Q15436","GO:0097020;GO:0048208;GO:0005783",21836065,-1.008,-1.048,-1.091,-1.17,-1.099,0.998
7140,"SEC23-SEC24-SCAP-SREBP1c complex",4,2,50,"O95487, P36956, Q12770, Q15436","GO:0097020;GO:0048208;GO:0051169;GO:0006629;GO:0005783",21836065,-1.008,-1.048,-1.091,-1.17,-1.099,0.998
7141,"Coat protein complex II (SAR1B, PREB, SEC23A , SEC24B, SEC23IP)",5,5,100,"O95487, Q15436, Q9HCU5, Q9Y6B6, Q9Y6Y8","GO:0097020;GO:0048208;GO:0005783",21836065,1.022,-1.012,-1,-1.016,-1.009,0.999
7143,"GNAS-L-GNB2-GNG1 complex",3,2,66.67,"P62879, P63092, P63211","None",25733868,1.072,1.415,1.413,1.199,1.093,0.042
7144,"GNAS-L-GNB3-GNG1 complex",3,1,33.33,"P16520, P63092, P63211","None",25733868,NA,NA,NA,NA,NA,NA
7145,"GNAS-L-GNB4-GNG1 complex",3,1,33.33,"P63092, P63211, Q9HAV0","None",25733868,NA,NA,NA,NA,NA,NA
7146,"GNAS-L-GNB1-GNG1 complex",3,1,33.33,"O14775, P63092, P63211","None",25733868,NA,NA,NA,NA,NA,NA
7148,"GNAS-L-GNB2-GNG2 complex",3,3,100,"P59768, P62879, P63092","None",25733868,1.031,1.466,1.449,1.08,-1.006,0.14
7149,"GNAS-L-GNB3-GNG2 complex",3,2,66.67,"P16520, P59768, P63092","None",25733868,-1.003,1.459,1.414,-1.01,-1.098,0.195
7150,"GNAS-L-GNB4-GNG2 complex",3,2,66.67,"P59768, P63092, Q9HAV0","None",25733868,-1.003,1.459,1.414,-1.01,-1.098,0.195
7151,"GNAS-L-GNB4-GNG2 complex",3,2,66.67,"O14775, P59768, P63092","None",25733868,-1.003,1.459,1.414,-1.01,-1.098,0.195
7152,"GNAS-L-GNB1-GNG3 complex",3,2,66.67,"P62873, P63092, P63215","None",25733868,-1.009,1.467,1.43,1.16,1.148,0.217
7153,"GNAS-L-GNB2-GNG3 complex",3,2,66.67,"P62879, P63092, P63215","None",25733868,1.072,1.415,1.413,1.199,1.093,0.042
7154,"GNAS-L-GNB1-GNG3 complex",3,1,33.33,"P16520, P63092, P63215","None",25733868,NA,NA,NA,NA,NA,NA
7155,"GNAS-L-GNB4-GNG3 complex",3,1,33.33,"P63092, P63215, Q9HAV0","None",25733868,NA,NA,NA,NA,NA,NA
7156,"GNAS-L-GNB5-GNG3 complex",3,1,33.33,"O14775, P63092, P63215","None",25733868,NA,NA,NA,NA,NA,NA
7159,"TSC2-GSK3-AXIN-DVL complex",4,1,25,"O14640, O15169, P49815, P49841","GO:0030111;GO:0033596",15972957,NA,NA,NA,NA,NA,NA
7160,"GNAS-L-GNB1-GNG4 complex",3,2,66.67,"P50150, P62873, P63092","None",25733868,-1.009,1.467,1.43,1.16,1.148,0.217
7161,"GNAS-L-GNB2-GNG4 complex",3,2,66.67,"P50150, P62879, P63092","None",25733868,1.072,1.415,1.413,1.199,1.093,0.042
7162,"GNAS-L-GNB3-GNG4 complex",3,1,33.33,"P16520, P50150, P63092","None",25733868,NA,NA,NA,NA,NA,NA
7163,"GNAS-L-GNB4-GNG4 complex",3,1,33.33,"P50150, P63092, Q9HAV0","None",25733868,NA,NA,NA,NA,NA,NA
7164,"GNAS-L-GNB5-GNG4 complex",3,1,33.33,"O14775, P50150, P63092","None",25733868,NA,NA,NA,NA,NA,NA
7165,"GNAS-L-GNB1-GNG5 complex",3,2,66.67,"P62873, P63092, P63218","None",25733868,-1.009,1.467,1.43,1.16,1.148,0.217
7166,"GNAS-L-GNB2-GNG5 complex",3,2,66.67,"P62879, P63092, P63218","None",25733868,1.072,1.415,1.413,1.199,1.093,0.042
7167,"GNAS-L-GNB3-GNG5 complex",3,1,33.33,"P16520, P63092, P63218","None",25733868,NA,NA,NA,NA,NA,NA
7168,"GNAS-L-GNB4-GNG5 complex",3,1,33.33,"P63092, P63218, Q9HAV0","None",25733868,NA,NA,NA,NA,NA,NA
7169,"GNAS-L-GNB5-GNG5 complex",3,1,33.33,"O14775, P63092, P63218","None",25733868,NA,NA,NA,NA,NA,NA
7170,"GNAS-L-GNB1-GNG7 complex",3,2,66.67,"O60262, P62873, P63092","None",25733868,-1.009,1.467,1.43,1.16,1.148,0.217
7171,"GNAS-L-GNB2-GNG7 complex",3,2,66.67,"O60262, P62879, P63092","None",25733868,1.072,1.415,1.413,1.199,1.093,0.042
7172,"GNAS-L-GNB3-GNG7 complex",3,1,33.33,"O60262, P16520, P63092","None",25733868,NA,NA,NA,NA,NA,NA
7173,"GNAS-L-GNB4-GNG7 complex",3,1,33.33,"O60262, P63092, Q9HAV0","None",25733868,NA,NA,NA,NA,NA,NA
7174,"GNAS-L-GNB5-GNG7 complex",3,1,33.33,"O14775, O60262, P63092","None",25733868,NA,NA,NA,NA,NA,NA
7175,"GNAS-L-GNB1-GNG8 complex",3,2,66.67,"P62873, P63092, Q9UK08","None",25733868,-1.009,1.467,1.43,1.16,1.148,0.217
7176,"GNAS-L-GNB2-GNG8 complex",3,2,66.67,"P62879, P63092, Q9UK08","None",25733868,1.072,1.415,1.413,1.199,1.093,0.042
7177,"GNAS-L-GNB3-GNG8 complex",3,1,33.33,"P16520, P63092, Q9UK08","None",25733868,NA,NA,NA,NA,NA,NA
7178,"GNAS-L-GNB4-GNG8 complex",3,1,33.33,"P63092, Q9HAV0, Q9UK08","None",25733868,NA,NA,NA,NA,NA,NA
7179,"GNAS-L-GNB5-GNG8 complex",3,1,33.33,"O14775, P63092, Q9UK08","None",25733868,NA,NA,NA,NA,NA,NA
7186,"Glutamate-cysteine ligase",2,1,50,"P48506, P48507","GO:0004357",21657237,NA,NA,NA,NA,NA,NA
7187,"GNAS-L-GNB1-GNG10 complex",3,2,66.67,"P50151, P62873, P63092","None",25733868,-1.009,1.467,1.43,1.16,1.148,0.217
7188,"GNAS-L-GNB2-GNG10 complex",3,2,66.67,"P50151, P62879, P63092","None",25733868,1.072,1.415,1.413,1.199,1.093,0.042
7189,"GNAS-L-GNB3-GNG10 complex",3,1,33.33,"P16520, P50151, P63092","None",25733868,NA,NA,NA,NA,NA,NA
7190,"Methylcrotonyl-CoA carboxylase",2,2,100,"Q96RQ3, Q9HCC0","GO:0005739;GO:0004485;GO:0009374",17360195,1.085,1.574,1.907,1.722,1.596,0.103
7191,"Methionine adenosyltransferase alpha2 beta-v1",2,1,50,"P31153, Q9NZL9-1","GO:0004478;GO:0048269;GO:0006556",25075345,NA,NA,NA,NA,NA,NA
7192,"CCR4-NOT complex, CNOT7-CNOT6-specific",9,6,66.67,"A5YKK6, O75175, Q92600, Q9C0C2, Q9H9A5, Q9NZN8, Q9UIV1, Q9UKZ1, Q9ULM6","GO:0030014;GO:0006355;GO:0043928;GO:0000289;GO:0003723;GO:0000288",19558367,1.523,-1.061,-1.125,1.207,1.144,0.411
7193,"GNAS-L-GNB4-GNG10 complex",3,1,33.33,"P50151, P63092, Q9HAV0","None",25733868,NA,NA,NA,NA,NA,NA
7194,"GNAS-L-GNB5-GNG10 complex",3,1,33.33,"O14775, P50151, P63092","None",25733868,NA,NA,NA,NA,NA,NA
7195,"GNAS-L-GNB1-GNG11 complex",3,2,66.67,"P61952, P62873, P63092","None",25733868,-1.009,1.467,1.43,1.16,1.148,0.217
7196,"Methionine adenosyltransferase alpha2 beta-v2",2,1,50,"P31153, Q9NZL9-2","GO:0004478;GO:0048269;GO:0006556",25075345,NA,NA,NA,NA,NA,NA
7197,"Methionine adenosyltransferase alpha1 beta-v1",2,1,50,"Q00266, Q9NZL9","GO:0004478;GO:0048269;GO:0006556",25075345,NA,NA,NA,NA,NA,NA
7199,"GNAS-L-GNB2-GNG11 complex",3,2,66.67,"P61952, P62879, P63092","None",25733868,1.072,1.415,1.413,1.199,1.093,0.042
7201,"GNAS-L-GNB3-GNG11 complex",3,1,33.33,"P16520, P61952, P63092","None",25733868,NA,NA,NA,NA,NA,NA
7202,"GNAS-L-GNB4-GNG11 complex",3,1,33.33,"P61952, P63092, Q9HAV0","None",25733868,NA,NA,NA,NA,NA,NA
7203,"GNAS-L-GNB5-GNG11 complex",3,1,33.33,"O14775, P61952, P63092","None",25733868,NA,NA,NA,NA,NA,NA
7204,"GNAS-L-GNB1-GNG12 complex",3,3,100,"P62873, P63092, Q9UBI6","None",25733868,-1.033,1.407,1.311,1.033,1.02,0.228
7205,"GNAS-L-GNB2-GNG12 complex",3,3,100,"P62879, P63092, Q9UBI6","None",25733868,1.046,1.385,1.341,1.111,1.021,0.045
7206,"GNAS-L-GNB3-GNG12 complex",3,2,66.67,"P16520, P63092, Q9UBI6","None",25733868,-1.035,1.265,1.104,-1.144,-1.22,0.685
7207,"GNAS-L-GNB4-GNG12 complex",3,2,66.67,"P63092, Q9HAV0, Q9UBI6","None",25733868,-1.035,1.265,1.104,-1.144,-1.22,0.685
7208,"GNAS-L-GNB5-GNG12 complex",3,2,66.67,"O14775, P63092, Q9UBI6","None",25733868,-1.035,1.265,1.104,-1.144,-1.22,0.685
7209,"GNAS-L-GNB1-GNG13 complex",3,2,66.67,"P62873, P63092, Q9P2W3","None",25733868,-1.009,1.467,1.43,1.16,1.148,0.217
7210,"GNAS-L-GNB2-GNG13 complex",3,2,66.67,"P62879, P63092, Q9P2W3","None",25733868,1.072,1.415,1.413,1.199,1.093,0.042
7211,"GNAS-L-GNB3-GNG13 complex",3,1,33.33,"P16520, P63092, Q9P2W3","None",25733868,NA,NA,NA,NA,NA,NA
7212,"GNAS-L-GNB4-GNG13 complex",3,1,33.33,"P63092, Q9HAV0, Q9P2W3","None",25733868,NA,NA,NA,NA,NA,NA
7213,"GNAS-L-GNB5-GNG13 complex",3,1,33.33,"O14775, P63092, Q9P2W3","None",25733868,NA,NA,NA,NA,NA,NA
7214,"CCR4-NOT complex, CNOT7-CNOT6L-specific",9,6,66.67,"A5YKK6, O75175, Q92600, Q96LI5, Q9C0C2, Q9H9A5, Q9NZN8, Q9UIV1, Q9UKZ1","GO:0030014;GO:0006355;GO:0000288;GO:0000289;GO:0043928;GO:0003723;GO:0019079",19558367,1.523,-1.061,-1.125,1.207,1.144,0.411
7215,"CCR4-NOT complex, CNOT8-CNOT6-specific",9,6,66.67,"A5YKK6, O75175, Q92600, Q9C0C2, Q9H9A5, Q9NZN8, Q9UFF9, Q9UKZ1, Q9ULM6","GO:0030014;GO:0006355;GO:0043928;GO:0000288;GO:0000289;GO:0003723",19558367,1.523,-1.061,-1.125,1.207,1.144,0.411
7216,"CCR4-NOT complex, CNOT8-CNOT6L-specific",9,6,66.67,"A5YKK6, O75175, Q92600, Q96LI5, Q9C0C2, Q9H9A5, Q9NZN8, Q9UFF9, Q9UKZ1","GO:0030014;GO:0006355;GO:0000288;GO:0000289;GO:0043928;GO:0003723;GO:0019079",19558367,1.523,-1.061,-1.125,1.207,1.144,0.411
7218,"DTNBP1(splice variant 1B)-PRKDC-XRCC5-XRCC6 complex",4,3,75,"P12956, P13010, P78527, Q96EV8-3","GO:0006355",19142223,1.024,1.214,1.141,1.021,-1.127,0.098
7221,"NSL complex",9,3,33.33,"O15294, P51610, P61964, Q7Z3B3, Q96EZ8, Q9BVI0, Q9H7Z6, Q9H9L4, Q9P2N6","GO:0043984;GO:0043981",20018852,-1.058,1.118,1.23,1.013,-1.223,0.863
7222,"MMS19-XPD complex",2,2,100,"P18074, Q96T76","GO:0016226;GO:0004386",28178521,-1.096,1.028,1.006,-1.026,-1.156,1
7223,"MMS19-FAM96B complex",2,2,100,"Q96T76, Q9Y3D0","GO:0030163",28178521,1.035,1.05,1.018,1.056,1.031,1
7224,"HCF1-THAP11 complex",2,1,50,"P51610, Q96EK4","GO:0001558;GO:0005634;GO:0003677",22371484,NA,NA,NA,NA,NA,NA
7225,"CDH4-HDAC2-MTA2-RBBP7-TWIST1 complex",5,4,80,"O94776, Q14839, Q15672, Q16576, Q92769","GO:0051090;GO:0030334",20714342,-1.005,-1.084,-1.182,-1.424,-1.709,0.031
7233,"DLC1-DLGAP1-MYO5A complex",3,1,33.33,"O14490, Q96QB1, Q9Y4I1","None",10844022,NA,NA,NA,NA,NA,NA
7234,"DLGAP1-DLG4-DYNLL2 complex",3,1,33.33,"O14490, P78352, Q96FJ2","None",10844022,NA,NA,NA,NA,NA,NA
7241,"SNCA-TUBB3 complex",2,1,50,"P37840, Q13509","None",25028513,NA,NA,NA,NA,NA,NA
7243,"AURKA-HRAS-RAF1 complex",3,1,33.33,"O14965, P01112, P04049","GO:0043405",28177880,NA,NA,NA,NA,NA,NA
7248,"ABCB1-ANXA2-RACK1-SRC complex",4,2,50,"P07355, P08183, P12931, P63244","None",27754360,1.182,-1.064,-1.118,-1.302,-1.457,0.699
7251,"IGBP1-MID1-PPP2CA complex",3,2,66.67,"O15344, P67775, P78318","GO:0016049;GO:2000224",24484909,-15.179,1.085,-1.007,-1.182,-1.134,1
7259,"HCFC1-THAP11-ZNF143 complex",3,2,66.67,"P51610, P52747, Q96EK4","GO:0006355;GO:0003677",26416877,-1.126,1.015,-1.071,-1.211,-1.375,0.709
7262,"3-Hydroxyacyl CoA dehydrogenase",2,2,100,"P40939, P55084","GO:0006635;GO:0005739",8163672,1.073,1.302,1.468,1.469,1.563,0.027
7265,"MLC1-Na,K-ATPase-Kir4.1-AQP4-TRPV4-syntrophin complex",6,1,16.67,"P05026, P55087, P78508, Q15049, Q9HBA0, Q9NSN8","GO:0009992;GO:0005886",22328087,NA,NA,NA,NA,NA,NA
7266,"AKT1-NQO2 complex",2,1,50,"P16083, P31749","GO:0006954;GO:0008283;GO:0043491",24968355,NA,NA,NA,NA,NA,NA
7267,"KAT2A-Oxoglutarate dehydrogenase complex",4,3,75,"P09622, P36957, Q02218, Q92830","GO:0005634",29211711,-1.062,1.154,1.331,1.287,1.358,0.051
7268,"HEPACAM-MLC1-Na,K-ATPase-Kir4.1-AQP4-TRPV4 complex",6,1,16.67,"P05026, P55087, P78508, Q14CZ8, Q15049, Q9HBA0","GO:0005886;GO:0009992",22328087,NA,NA,NA,NA,NA,NA
7269,"p532-Clathrin-HSP70 complex",3,2,66.67,"P0DMV8, Q00610, Q15751","GO:0055085;GO:0005737",9233772,-1.024,-13.728,-1.13,-1.085,-1.103,1
7275,"BCL2-CISD2 complex",2,1,50,"P10415, Q8N5K1","GO:0006914;GO:0005783",20010695,NA,NA,NA,NA,NA,NA
7278,"CTNNB1-GSK3B-PHF19 complex",3,2,66.67,"P35222, P49841, Q5T6S3-2","GO:1904863;GO:0005737",29483096,1.133,1.143,1.155,1.04,1.011,1
7279,"CTNNB1-BTRC-PHF19 (short isoform) complex",3,1,33.33,"P35222, Q5T6S3-2, Q9Y297","GO:0031396",29483096,NA,NA,NA,NA,NA,NA
7281,"BIN1-EHBP1-RAB8A complex",3,2,66.67,"O00499, P61006, Q8NDI1","GO:0051223",26833786,1.211,1.241,1.717,2.057,2.037,1
7282,"FEN1-WRN complex",2,1,50,"P39748, Q14191","GO:0032201",24608430,NA,NA,NA,NA,NA,NA
7284,"GSK3B-HSP90AA1-PKM2 complex",3,3,100,"P07900, P14618, P49841","GO:0001932",29262861,1.042,1.021,-1.04,-1.108,-1.084,0.843
7285,"HEXIM1-DNA-PK-paraspeckle components-ribonucleoprotein complex",9,9,100,"O94992, P12956, P13010, P23246, P43243, P78527, Q15233, Q8WXF1, Q96PK6","GO:0045088;GO:0005634",28712728,-1.014,1.151,1.096,-1.077,-1.244,0.023
7286,"AIP4-DTX3L complex",2,1,50,"Q8TDB6, Q96J02","GO:0016197;GO:0005769;GO:0016567",24790097,NA,NA,NA,NA,NA,NA
7287,"SIMPLE-HRS-STAM1 complex",3,2,66.67,"O14964, Q92783, Q99732","GO:0008333;GO:0005769;GO:0070371",23166352,1.017,-1.064,-1.027,-1.032,1.058,0.93
7291,"EIF2B2-EIF2B3-EIF2B4-EIF2B5 complex",4,4,100,"P49770, Q13144, Q9NR50, Q9UI10","GO:0003743;GO:0006446",24532666,1.115,1.021,1.129,1.204,1.211,0.677
7292,"EIF2B1-EIF2B2-EIF2B3-EIF2B4-EIF2B5 complex",5,5,100,"P49770, Q13144, Q14232, Q9NR50, Q9UI10","GO:0006446;GO:0003743",24532666,1.095,1.035,1.109,1.161,1.185,0.622
7295,"ERCC1-RPA1-XPA complex",3,1,33.33,"P07992, P23025, P27694","GO:0006282",8972858,NA,NA,NA,NA,NA,NA
7296,"PRT1-RGP1 complex",2,1,50,"P55884, Q92546","GO:0006417",9694884,NA,NA,NA,NA,NA,NA
7298,"ACTB-ANP32A-C1QBP-PSMA1-PTMA-PSMA1 complex",6,6,100,"P06454, P25786, P39687, P60709, Q00325, Q07021","GO:0008283;GO:0043066;GO:0046902",29106904,1.093,1.19,1.176,1.087,1.113,0.751
7299,"ANP32A-ANP32B-PSMA3-PTMA-SLC25A5 complex",5,5,100,"P05141, P06454, P25788, P39687, Q92688","GO:0008283;GO:0043066;GO:0046902",29106904,-1.013,1.127,-1.016,-1.284,-1.379,0.258
7300,"PARD3B-PARD6A-PRKCI complex",3,1,33.33,"P41743, Q8TEW8, Q9NPB6","GO:0043297",11260256,NA,NA,NA,NA,NA,NA
7305,"Cytochrome c oxidase including assembly factors (COX, PET100, PET117, MR-1S)",18,6,33.33,"O00483, P00395, P00403, P00414, P09669, P0DJ07, P10176, P10606, P12074, P13073, P14406, P14854, P15954, P20674, P24311, Q6UWS5, Q8N490-2, Q9Y241","GO:0004129;GO:0005743;GO:0022904",28199844,1.082,1.306,1.223,-1.005,-1.111,0.111
7312,"CTNNB1-ESR1 complex",2,1,50,"P03372, P35222","GO:0009299;GO:0070341",17852416,NA,NA,NA,NA,NA,NA
7313,"ESYT1-ESYT2 complex",2,2,100,"A0FGR8, Q9BSJ8","GO:0005783",23791178,1.093,1.05,1.306,1.451,1.428,1
7314,"ESYT1-ESYT3 complex",2,1,50,"A0FGR9, Q9BSJ8","GO:0005783",23791178,NA,NA,NA,NA,NA,NA
7316,"NFKB1-STAT3 complex",2,2,100,"P19838, P40763","GO:0001077",12057007,-1.011,1.054,1.263,1.4,1.436,0.982
7317,"RELA-STAT3 complex",2,2,100,"P40763, Q04206","GO:0060300;GO:0001228",12057007,-1.058,1.051,1.169,1.217,1.215,1
7318,"CTNNB1-DDX5-HDGF complex",3,3,100,"P17844, P35222, P51858","GO:0001558;GO:2001023",28751441,1.182,1.322,1.308,1.127,1.004,0.721
7324,"HINT1-TIP60 complex",2,1,50,"P49773, Q92993","GO:0045893;GO:0042981",16835243,NA,NA,NA,NA,NA,NA
7325,"HINT1-UBC3-RBX1 complex",3,2,66.67,"P49427, P49773, P62877","None",19112177,-21.401,-1.275,-24.31,-21.348,-20.988,0.846
7326,"HINT1-SP1 complex",2,1,50,"P08047, P49773","GO:0045892",19112177,NA,NA,NA,NA,NA,NA
7328,"AML1-HIPK2-p300 complex",3,1,33.33,"Q01196, Q09472, Q9H2X6","GO:0006355",16917507,NA,NA,NA,NA,NA,NA
7331,"RAC1-RHOA-VANGL2 complex",3,2,66.67,"P61586, P63000, Q9ULK5","None",20067994,-1.093,1.007,-1.024,-1.067,-1.084,1
7333,"MICALL1-RAB13 complex",2,2,100,"P51153, Q8N3F8","GO:0016197",21795389,1.097,-1.104,-1.211,-1.485,-29.553,1
7337,"AUF1(p45)-ZFP36 complex",2,1,50,"P26651, Q14103","GO:1905214",22203679,NA,NA,NA,NA,NA,NA
7338,"HNRNPD(p45)-ZFP36L1 complex",2,2,100,"Q07352, Q14103","None",22203679,1.06,1.04,-1.227,-1.234,-1.295,1
7340,"HNRNPD(p45)-ZFP36L2 complex",2,1,50,"P47974, Q14103","None",22203679,NA,NA,NA,NA,NA,NA
7342,"DHCR24-DHCR7 complex",2,1,50,"Q15392, Q9UBM7","GO:0006695;GO:0060556",25637936,NA,NA,NA,NA,NA,NA
7346,"DISC1-RHOT1 complex",2,1,50,"Q8IXI2, Q9NRI5","GO:0051646",24092329,NA,NA,NA,NA,NA,NA
7349,"MTR4-RBM7-ZCCHC8 complex",3,1,33.33,"P42285, Q6NZY4, Q9Y580","None",21855801,NA,NA,NA,NA,NA,NA
7352,"PARP1-LIG3 complex",2,2,100,"P09874, P49916","None",29632340,-1.08,1.179,1.072,-1.212,-1.277,0.389
7354,"ASXL1-HCFC1-OGT complex",3,2,66.67,"O15294, P51610, Q8IXJ9","GO:0051568;GO:0045893",29556021,-1.106,-1.116,-1.019,-1.137,-1.391,0.856
7356,"IL15-MFGE8 complex",2,1,50,"P40933, Q08431","None",29535850,NA,NA,NA,NA,NA,NA
7357,"TRIM25-G3BP2 complex",2,2,100,"Q14258, Q9UN86","None",29379164,-1.119,-1.347,-1.35,-1.48,-1.595,0.584
7359,"TF-TFRC complex",2,1,50,"P02786, P02787","GO:0008199;GO:0034755;GO:0006897",14980223,NA,NA,NA,NA,NA,NA
7367,"ASH2L-KDM6B-KDM6B-WDR5 complex",4,2,50,"O15054, P61964, Q15291, Q9UBL3","None",17825402,-1.02,1.246,1.319,-1.018,-1.418,1
7368,"Ubiquitin E3 ligase (CUL3, KEAP1, RBX1)",3,2,66.67,"P62877, Q13618, Q14145","GO:0031461",15983046,-21.986,-1.28,-23.565,-22.285,-22.33,1
7370,"CUL3-KCTD11 complex",2,1,50,"Q13618, Q693B1","None",25974686,NA,NA,NA,NA,NA,NA
7371,"CUL3-KCTD6 complex",2,1,50,"Q13618, Q8NC69","None",25974686,NA,NA,NA,NA,NA,NA
7372,"BRD7-SWI\u2013SNF complex",11,7,63.64,"O14497, O14744, O96019, P51531, P51532, Q8TAQ2, Q8WUB8, Q92922, Q969G3, Q96GM5, Q9NPI1","GO:0045892",21447565,-1.108,-1.215,-1.349,-3.379,-6.362,0.177
7373,"BRD7-SWI\u2013SNF-SUZ12 complex",5,1,20,"P51531, P51532, Q15022, Q9NPI1, Q9NVM4","None",21447565,NA,NA,NA,NA,NA,NA
7374,"BRD7-BAF60A-MEP50 complex",3,1,33.33,"Q96GM5, Q9BQA1, Q9NPI1","None",21447565,NA,NA,NA,NA,NA,NA
7376,"BRD7-CBP-SWI\u2013SNF complex",7,3,42.86,"O14744, P51531, P51532, Q8WUB8, Q969G3, Q9NPI1, Q9NWQ8","None",21447565,-1.119,-1.174,-1.345,-1.737,-1.87,0.678
7379,"FYN-KHDRBS1-PLCG1 complex",3,2,66.67,"P06241, P19174, Q07666","GO:0051252",14647465,-1.028,-1.006,-1.114,-1.25,-1.389,0.702
7381,"DCS complex",4,3,75,"P26599, P31943, Q92945, Q9UKA9","GO:0070054;GO:0005634",11003644,-1.074,1.036,-1.125,-1.367,-1.618,0.098
7382,"Prohibitin-HIRA complex",4,1,25,"P35232, P54198, Q9NPG3, Q9Y6J0","GO:0006334",27939217,NA,NA,NA,NA,NA,NA
7383,"OGT-HIRA complex",4,1,25,"O15294, P54198, Q9NPG3, Q9Y6J0","GO:0006334;GO:2000772",27217568,NA,NA,NA,NA,NA,NA
7385,"DTX3L-PARP9-STAT1 complex",3,1,33.33,"P42224, Q8IXQ6, Q8TDB6","GO:0051607;GO:0016567;GO:0006355",26479788,NA,NA,NA,NA,NA,NA
7388,"CENP-A nucleosomal complex",15,4,26.67,"P07199, P33778, P49450, P62805, Q03188, Q08945, Q8N0S6, Q8NCD3, Q92674, Q96BT3, Q96H22, Q96QV6, Q96T23, Q9H3R5, Q9Y5B9","GO:0005634;GO:0051276",27499292,-1.09,1.019,-1.074,-1.4,-1.767,0.308
7403,"SREBP-1a-PKM2 complex",2,1,50,"P14618, P36956","GO:0046890;GO:0008283",29514980,NA,NA,NA,NA,NA,NA
7405,"TMEM173-TBK1 complex",2,2,100,"Q86WV6, Q9UHD2","GO:0003260",29547894,-1.096,-1.076,-1.034,-1.148,-1.247,0.567
7406,"AKT1-APPL1-HDAC3 complex",3,2,66.67,"O15379, P31749, Q9UKG1","None",29523594,1.118,1.174,1.27,1.24,1.162,1
7408,"ARRB1-ARHGEF18-ENAH complex, induce by EDN-1",3,2,66.67,"P49407, Q6ZSZ5, Q8N8S7","None",29439204,1.067,-1.048,-1.127,-22.159,-24.548,0.369
7410,"CAPG-PRMT5 complex",2,1,50,"O14744, P40121","GO:0006355",29721098,NA,NA,NA,NA,NA,NA
7413,"CENPA-histone H4-HJURP complex",3,1,33.33,"P49450, P62805, Q8NCD3","GO:0006325;GO:0006334",21478274,NA,NA,NA,NA,NA,NA
7416,"GJB2-PTK2-NANOG complex",3,1,33.33,"P29033, Q05397, Q9H9S0","GO:2000035",29422613,NA,NA,NA,NA,NA,NA
7417,"CFTR-GOPC-STX6 complex",3,1,33.33,"O43752, P13569, Q9HD26","GO:1902822",20130090,NA,NA,NA,NA,NA,NA
7418,"HK1-VDAC1 complex",2,2,100,"P19367, P21796","GO:0033554",22304920,1.086,1.239,1.289,1.179,1.195,1
7420,"TP53-TSPY1-USP7 complex",3,1,33.33,"P04637, Q01534, Q93009","GO:0007283",29748603,NA,NA,NA,NA,NA,NA
7421,"TSPY1-TSPYL5-USP7 complex",3,1,33.33,"Q01534, Q86VY4, Q93009","GO:0051726;GO:0042981",29748603,NA,NA,NA,NA,NA,NA
7423,"PPP1CA-PPP1R13L complex",2,1,50,"P62136, Q8WUF5","GO:0016311",21998301,NA,NA,NA,NA,NA,NA
7424,"ISLR2-ROCK1 complex",2,1,50,"Q13464, Q6UXK2","None",29739947,NA,NA,NA,NA,NA,NA
7425,"KIAA1468-OSBP-RAB11A complex",3,2,66.67,"P22059, P62491, Q9P260","GO:0032371",29514919,1.003,1.078,1.086,1.135,1.101,1
7427,"ATF2-HK1-VDAC1 complex",3,2,66.67,"P15336, P19367, P21796","GO:0006355;GO:0033554",22304920,1.086,1.239,1.289,1.179,1.195,1
7428,"mtRNase P",3,2,66.67,"O15091, Q7L0Y3, Q99714","GO:0030678",18984158,1.031,1.234,1.397,1.458,1.492,0.093
7429,"HSD17B10-TRMT10C complex",2,2,100,"Q7L0Y3, Q99714","GO:0008033;GO:0098798;GO:0000049",29040705,1.031,1.234,1.397,1.458,1.492,0.093
7441,"HOOK1-SHP2 complex",2,1,50,"Q06124, Q9UJC3","GO:0010719",25331952,NA,NA,NA,NA,NA,NA
7442,"HOOK2-PCM1-RAB8A complex",3,2,66.67,"P61006, Q15154, Q96ED9","GO:0071539;GO:0060271",21998199,-1.035,-1.052,-1.139,-1.228,-1.461,0.946
7443,"Exosome",12,8,66.67,"Q01780, Q06265, Q13868, Q15024, Q5RKV6, Q8TF46, Q96B26, Q99547, Q9NPD3, Q9NQT4, Q9NQT5, Q9Y3B2","GO:0004532;GO:0006401;GO:0005737",20531389,-1.107,-1.103,-1.977,-2.265,-3.699,0.077
7444,"HOOK2-PAR3-Par6alpha-PKCiota complex",4,2,50,"P41743, Q8TEW0, Q96ED9, Q9NPB6","GO:0010631;GO:0051642",27624926,1.021,-1.147,-1.489,-1.495,-1.31,0.36
7476,"AP1B1-AP1G2-AP1M1-AP1S1 complex",4,3,75,"O75843, P61966, Q10567, Q9BXS5","GO:0016192",21097499,-1.099,-1.146,-1.285,-1.379,-6.232,0.451
7477,"MIA2-MIA3-PREB complex",3,2,66.67,"Q5JRA6-1, Q96PC5, Q9HCU5","GO:0006888;GO:0016192",27413011,-1.005,1.064,1.166,1.018,1.041,1
7478,"MIA2-MIA3-PREB complex",3,2,66.67,"Q5JRA6-4, Q96PC5, Q9HCU5","GO:0006888;GO:0016192",27413011,-1.005,1.064,1.166,1.018,1.041,1
7479,"Astrin-kinastrin complex",5,1,20,"P53350, P63167, Q562F6, Q96R06, Q9Y448","GO:0051988",21402792,NA,NA,NA,NA,NA,NA
7480,"HDAC3-H1.3-SMRT-N-Cor complex",4,1,25,"O15379, O75376, P16402, Q9Y618","None",26663086,NA,NA,NA,NA,NA,NA
7482,"LAP1-TOR1A complex",2,1,50,"O14656, Q5JTV8","GO:0043462",15767459,NA,NA,NA,NA,NA,NA
7483,"ARF1-ARFIP2-ARL1-PKD2 complex",4,2,50,"P40616, P53365, P84077, Q13563","GO:0051223;GO:0016192",26507660,1.112,-1.008,-1.074,-1.025,-1.039,1
7498,"NRP1-VEGF-A145 complex",2,1,50,"O14786, P15692-6","None",18559514,NA,NA,NA,NA,NA,NA
7501,"NRP1-VEGF189 complex",2,1,50,"O14786, P15692-2","None",25519242,NA,NA,NA,NA,NA,NA
7504,"CD44-ERK1-ERK2-RHAMM complex",4,3,75,"O75330, P16070, P27361, P28482","GO:0070371;GO:0048870",17392272,-1.022,-1.13,-1.403,-1.799,-2.198,0.196
7517,"Ubiquitin E3 ligase (CUL3, KLHL7, RBX1)",3,2,66.67,"P62877, Q13618, Q8IXQ5","GO:0031461;GO:0043161",21828050,-21.986,-1.28,-23.565,-22.285,-22.33,1
7518,"Ubiquitin E3 ligase (CUL3, KLHL8)",2,1,50,"Q13618, Q9P2G9","GO:0031461;GO:0043161",19158078,NA,NA,NA,NA,NA,NA
7522,"Ubiquitin E3 ligase (CUL3, KLHL12, PEF1, PDCD6)",4,3,75,"O75340, Q13618, Q53G59, Q9UBV8","GO:0031461;GO:0030127;GO:0051592;GO:0043161",27716508,-1.016,1.072,1.1,1.018,1.021,0.999
7523,"Ubiquitin E3 ligase (CUL3, KLHL9, KLHL13, RBX1)",4,2,50,"P62877, Q13618, Q9P2J3, Q9P2N7","GO:0031461;GO:1902410;GO:0043161",17543862,-21.986,-1.28,-23.565,-22.285,-22.33,1
7524,"Ubiquitin E3 ligase (CUL3, KLHL20, RBX1)",3,2,66.67,"P62877, Q13618, Q9Y2M5","GO:0031461;GO:1904093;GO:0043161",20389280,-21.986,-1.28,-23.565,-22.285,-22.33,1
7525,"Ubiquitin E3 ligase (CUL3, KLHL24, RBX1)",3,2,66.67,"P62877, Q13618, Q6TFL4","GO:0031461;GO:0043161",27798626,-21.986,-1.28,-23.565,-22.285,-22.33,1
7526,"Ubiquitin E3 ligase (CUL3, KLHL25)",2,1,50,"Q13618, Q9H0H3","GO:0031461;GO:0043161;GO:0006417",22578813,NA,NA,NA,NA,NA,NA
7529,"APP-Abeta42-VDAC1 complex",3,2,66.67,"P05067, P05067-PRO_0000000092, P21796","GO:0005739;GO:0045121;GO:0008308;GO:0008219",25168729,1.085,1.473,1.624,1.872,1.937,0.146
7533,"Ubiquitin E3 ligase (CUL3, KLHL42)",2,1,50,"Q13618, Q9P2K6","GO:0031461;GO:1901990",19261606,NA,NA,NA,NA,NA,NA
7534,"CTNNB1-EPCAM-FHL2-LEF1 complex",4,2,50,"P16422, P35222, Q14192, Q9UJU2","GO:0005634;GO:0006355;GO:0007165",19136966,1.215,1.093,-1.079,-1.292,-1.372,0.626
7535,"CD44-LRP1 complex",2,2,100,"P16070, Q07954","GO:0006898;GO:0045121;GO:0007155",22711991,1.112,1.01,-1.47,-2.121,-2.422,0.041
7540,"KMT2E-OGT-USP7 complex",3,2,66.67,"O15294, Q8IZD2, Q93009","GO:0005634;GO:0007049;GO:0030097;GO:0006355",26678539,1.01,-1.072,1.026,-1.052,-1.173,1
7541,"KNTC1-ZW10-ZWILCH complex",3,1,33.33,"O43264, P50748, Q9H900","GO:0007093",15824131,NA,NA,NA,NA,NA,NA
7545,"BORC complex",8,3,37.5,"O95295, P78537, Q6QNY1, Q969J3, Q96B45, Q96FH0, Q96GS4, Q9BQD3","GO:0099078",25898167,-1.003,1.06,1.15,1.225,1.439,0.488
7548,"MAPK6-MAPKAPK5-SEPT7 complex",3,1,33.33,"Q16181, Q16659, Q8IW41","None",22508986,NA,NA,NA,NA,NA,NA
7551,"SMYLE 1 complex",8,5,62.5,"P13861, P17612, P31323, Q15691, Q5VU43-13, Q96SN8, Q99996, Q9UPY8","GO:0010968",29162697,1.139,1.318,1.547,1.719,1.443,0.247
7552,"SMYLE 2 complex",3,1,33.33,"Q15691, Q5VU43-13, Q9UPY8","GO:0010968",29162697,NA,NA,NA,NA,NA,NA
7555,"KEOPS complex",4,2,50,"Q14657, Q96S44, Q9NPF4, Q9Y3C4","GO:0006412;GO:0000723",22912744,1.004,1.24,1.317,1.191,1.133,0.365
7556,"PRAME complex",7,5,71.43,"P62877, P78395, Q13617, Q14657, Q15369, Q15370, Q9NPF4","None",22912744,-1.086,-1.13,-1.267,-1.237,-1.276,0.819
7557,"LGR4-RSPO supercomplex",10,7,70,"O00401, O14641, O60610, P36507, P46940, P49023, Q02750, Q05397, Q9BXB1, Q9BXY4","GO:0048041;GO:0016055",24639526,-1.017,-1.084,-1.303,-1.493,-1.543,0.348
7559,"INSC-LGN-PAR3 complex",3,1,33.33,"P81274, Q1MX18, Q8TEW0","GO:0030010",16458856,NA,NA,NA,NA,NA,NA
7561,"NCKAP1-WASF3 complex",2,1,50,"Q9UPY6, Q9Y2A7","GO:0031532",27432794,NA,NA,NA,NA,NA,NA
7562,"NCKAP1-WASF3-RAC1 complex",3,2,66.67,"P63000, Q9UPY6, Q9Y2A7","GO:0031532",27432794,1.086,-1.001,-1.062,-1.106,-1.154,1
7563,"LARP1-PABPC1-RYDEN complex",3,3,100,"P11940, Q6PKG0, Q9NUL5","GO:0051607",26735137,-1.092,-1.407,-1.383,-1.375,-1.461,0.076
7566,"7SK RNP complex",4,3,75,"O60563, O94992, P50750, Q4G0J3","GO:0045892",18483487,21.34,23.721,21.933,19.39,16.151,1
7567,"SUMO1-SYT7 complex",2,1,50,"O43581, P63165","GO:0045920;GO:0046676",21266332,NA,NA,NA,NA,NA,NA
7568,"LATS2-SIAH2-ZYX complex",3,1,33.33,"O43255, Q15942, Q9NRM7","GO:0035330;GO:0007179",27030211,NA,NA,NA,NA,NA,NA
7574,"APP-PSEN1 complex",2,1,50,"P05067, P49768","GO:0034205;GO:0042987",9223340,NA,NA,NA,NA,NA,NA
7575,"APP-PSEN2 complex",2,1,50,"P05067, P49810","GO:0042987;GO:0034205",9223340,NA,NA,NA,NA,NA,NA
7576,"VHL-ElonginB-ElonginC complex",3,2,66.67,"P40337, Q15369, Q15370","GO:0016567;GO:0043161",12004076,-1.087,-1.133,-1.272,-1.241,-1.281,0.099
7577,"APP-APBB1-KAT5 complex",3,1,33.33,"O00213, P05067, Q92993","GO:0016573;GO:0001221;GO:0009299;GO:0003677",11441186,NA,NA,NA,NA,NA,NA
7579,"APP(AICD)-MED12-MED23-MED4 complex (incomplete Mediator complex)",4,1,25,"P05067, Q93074, Q9NPJ6, Q9ULK4","GO:0001055;GO:0036033;GO:0009299;GO:0010467;GO:0016592",21293490,NA,NA,NA,NA,NA,NA
7580,"MAP2K4-MAP3K3-NBR1 complex",3,1,33.33,"P45985, Q14596, Q99759","GO:0006954;GO:0046328",25043814,NA,NA,NA,NA,NA,NA
7587,"APP(AICD)-FOXO3 complex",2,1,50,"O43524, P05067","GO:0005737;GO:0008219;GO:0006979;GO:0005634;GO:0006915",24832605,NA,NA,NA,NA,NA,NA
7588,"APP(AICD)-FOXO1 complex",2,1,50,"P05067, Q12778","GO:0008219;GO:0005737;GO:0006915",24832605,NA,NA,NA,NA,NA,NA
7589,"APP(AICD)-FOXO4 complex",2,1,50,"P05067, P98177","GO:0008219;GO:0005737;GO:0006915",24832605,NA,NA,NA,NA,NA,NA
7590,"CASP2(S isoform)-SPTAN1 complex",2,1,50,"P42575-2, Q13813","GO:0043066;GO:1904171",23840868,NA,NA,NA,NA,NA,NA
7593,"AKAP13-MAP2K3-MAP3K20-MAPK14-PKN1 complex",5,4,80,"P46734, Q12802, Q16512, Q16539, Q9NYL2","GO:0000165",21224381,1.014,1.016,1.008,-1.137,-1.218,0.532
7595,"NARC1 complex",5,5,100,"P11387, P38159, Q86V81, Q99459, Q9UMS4","GO:0031297;GO:0010564;GO:0005634",30150775,-1.096,1.046,1.038,-1.118,-1.342,0.08
7596,"tRNA splicing ligase",6,4,66.67,"Q52LJ0, Q8IWT0, Q92499, Q9BVC5, Q9Y224, Q9Y3I0","GO:0000394;GO:0072669",24870230,-1.003,1.227,1.227,1.158,1.158,0.178
7597,"CTNNB1-RUNX3-TCF4 complex",3,1,33.33,"P15884, P35222, Q13761","GO:0030178;GO:0045892;GO:0005634",18772112,NA,NA,NA,NA,NA,NA
7598,"ESR1-VDAC1 complex",2,1,50,"P03372, P21796","GO:0005886;GO:0008308",19595769,NA,NA,NA,NA,NA,NA
7612,"LIM protein complex LHX3-TGFB1I1-ISL1",3,1,33.33,"O43294, P61371, Q9UBR4","GO:0007601",28139974,NA,NA,NA,NA,NA,NA
7613,"MN-hexamer complex",3,1,33.33,"P40763, P61371, Q9UBR4","GO:0021522;GO:0045944",23798382,NA,NA,NA,NA,NA,NA
7614,"PHD2-LIMD1-VHL complex",3,2,66.67,"P40337, Q9GZT9, Q9UGP4","GO:1902071",22286099,-1.04,-1.003,-17.823,-1.274,-1.429,1
7617,"LIM kinase-slingshot phosphatase complex",3,1,33.33,"P53667, P63104, Q8WYL5","GO:0030036",15660133,NA,NA,NA,NA,NA,NA
7620,"YAP-PRDM4 transcription factor complex",2,1,50,"P46937, Q9UKN5","GO:0035329;GO:0033622",29669796,NA,NA,NA,NA,NA,NA
7621,"HSF1-IER5-PP2A complex",4,2,50,"P63151, P67775, Q00613, Q5VY09","GO:0006470",26754925,-1.008,1.079,1.053,1.099,1.074,1
7622,"HSF1\u2013PARP1\u2013PARP13 complex",3,3,100,"P09874, Q00613, Q7Z2W4","GO:0006281;GO:0005634;GO:0010628",29158484,-1.026,-1.133,-1.121,-1.407,-1.792,0.591
7623,"HSPA8-HSPBP1-STUB1 complex",3,3,100,"P11142, Q9NZL4, Q9UNE7","GO:0032435",15215316,-1.056,-1.52,-1.423,-1.537,-1.618,0.53
7624,"BAG1-HSPA8-STUB1 complex",3,2,66.67,"P11142, Q99933, Q9UNE7","GO:0043161",11676916,-1.11,-1.177,-1.2,-1.177,-1.129,1
7626,"CSDE1-IGF2BP1-PABPC1 complex",3,3,100,"O75534, P11940, Q9NZI8","GO:0017148;GO:0005737",16356927,-1.103,-1.484,-1.42,-1.474,-1.603,0.09
7627,"H2A.Z histone-exchange complex p400/TIP60",27,9,33.33,"O43257, O95619, O96019, P0C0S5, P12956, P13010, P62805, P62807, P68431, P78527, Q15014, Q15906, Q52LR7, Q6ZRS2, Q92993, Q96L91, Q96P70, Q9BTT0, Q9H0E9, Q9H2F5, Q9NPF5, Q9NV56, Q9NXR8, Q9UBU8, Q9Y230, Q9Y265, Q9Y4A5","GO:0003677;GO:0043486",24463511,1.017,1.098,1.015,-1.144,-1.31,0.048
7643,"APP(AICD)-FE65-TIP60-MED12-MED4 complex (incomplete Mediator complex)",5,1,20,"O00213, P05067, Q92993, Q93074, Q9NPJ6","GO:0036033;GO:0010467;GO:0009299;GO:0001055;GO:0016592",21293490,NA,NA,NA,NA,NA,NA
7645,"ADGRA2-DOCK1-ELMO2-GNB1-GNG2 complex",5,4,80,"P59768, P62873, Q14185, Q96JJ3, Q96PE1","GO:0007155",28600358,-1.099,1.349,1.311,-1.101,-1.091,0.23
7650,"CAMK4-HSPA1L-HSPA8-IQCG complex",4,1,25,"P11142, P34931, Q16566, Q9H095","GO:0019722;GO:0030097",24787902,NA,NA,NA,NA,NA,NA
7655,"CAPN7-CHMP1B-IST1 complex",3,1,33.33,"P53990, Q7LBR1, Q9Y6W3","None",21616915,NA,NA,NA,NA,NA,NA
7656,"ISY1-PRPF19-XAB2 complex",3,3,100,"Q9HCS7, Q9ULR0, Q9UMS4","GO:0035061;GO:0035825",27084940,-1.131,-1.129,-1.042,-1.49,-1.773,0.336
7657,"AQR-ISY1-PPIE-PRPF19-XAB2-ZNF830 complex",6,5,83.33,"O60306, Q96NB3, Q9HCS7, Q9ULR0, Q9UMS4, Q9UNP9","GO:0000398;GO:0009299;GO:0006283;GO:0005634",17981804,-1.059,-1.036,-1.067,-1.32,-1.526,0.359
7658,"ITCH-MAVS-PCBP2 complex",3,3,100,"Q15366, Q7Z434, Q96J02","GO:0043161;GO:0051607;GO:0045087;GO:0039536;GO:0002221",19881509,-1.043,1.098,1.067,-1.041,-1.192,0.798
7659,"ITCH-MAP3K7-NDFIP1 complex",3,2,66.67,"O43318, Q96J02, Q9BT67","GO:0006954",25632008,1.079,-23.441,-1.183,-1.23,-1.285,1
7663,"HYPK-NAA10-NAA15 complex",3,3,100,"P41227, Q9BXJ9, Q9NX55","GO:0005737",20154145,-1.062,-1.408,-1.349,-1.338,-1.482,0.103
7664,"EZR-MSN-PAG1-RDX-SLC9A3R1 complex",5,4,80,"O14745, P15311, P26038, P35241, Q9NWQ8","GO:0001771;GO:0045121",11777944,1.05,1.005,-1.173,-1.405,-1.487,0.025
7666,"TANK-TBK1-TRAF2 complex",3,1,33.33,"Q12933, Q92844, Q9UHD2","GO:0006954;GO:0051092;GO:0006355;GO:0043123;GO:0045087;GO:0051607;GO:0019048",10581243,NA,NA,NA,NA,NA,NA
7667,"Vps34 Complex I",5,2,40,"Q14457, Q6ZNE5, Q8NEB9, Q96F24, Q99570","GO:0016239",24785657,-1.301,-1.405,-1.491,-1.706,-1.795,0.734
7669,"MAP3K5-TXN complex",2,1,50,"P10599, Q99683","None",23319048,NA,NA,NA,NA,NA,NA
7670,"AKAP1-MAATS1-MYCBP-PRKAR2B complex",4,1,25,"P31323, Q7Z4T9, Q92667, Q99417","None",12223483,NA,NA,NA,NA,NA,NA
7671,"CAMSAP3-MACF1 complex",2,1,50,"Q9P1Y5, Q9UPN3","GO:0030334;GO:0051893",27693509,NA,NA,NA,NA,NA,NA
7673,"ANKS1A-EPHA8-RINL complex",3,1,33.33,"P29322, Q6ZS11, Q92625","GO:0030163",22291991,NA,NA,NA,NA,NA,NA
7680,"DNAJB11-SDF2 complex",2,2,100,"Q99470, Q9UBS4","GO:0005788;GO:0051082",28597544,1.11,1.039,1.087,1.215,1.199,1
7681,"DNAJB11-SDF2L1 complex",2,2,100,"Q9HCN8, Q9UBS4","GO:0051082;GO:0005783",28597544,1.148,1.019,1.149,1.509,1.484,0.08
7686,"ITCH-NDFIP1-UBE2L3 complex",3,2,66.67,"P68036, Q96J02, Q9BT67","GO:0002862",25632008,1.051,-20.77,-1.127,-1.11,-1.141,1
7687,"CYLD-ITCH complex",2,1,50,"Q96J02, Q9NQC7","GO:0050728;GO:0006511;GO:0070536;GO:0070936",22057290,NA,NA,NA,NA,NA,NA
7692,"AKT1-HSPB1-MAPK14-MAPKAPK2 complex",4,4,100,"P04792, P31749, P49137, Q16539","GO:0007165",11042204,1.083,1.11,1.245,1.101,-1.092,0.694
7693,"AKT1-MAPK14-MAPKAPK2 complex",3,3,100,"P31749, P49137, Q16539","GO:0007165",11042204,1.084,1.11,1.249,1.104,-1.09,0.299
7694,"MAPK14-MAPKAPK3 complex",2,1,50,"Q16539, Q16644","GO:0007165",24601623,NA,NA,NA,NA,NA,NA
7696,"DONSON-MCM2-MCM7-PCNA-TICRR complex",5,3,60,"P12004, P33993, P49736, Q7Z2Z1, Q9NYP3","GO:0006260",28191891,-1.122,-1.635,-2.74,-4.885,-9.529,0.003
7698,"MCM8-MCM9-MRE11A-NBN-RAD50 complex",5,3,60,"O60934, P49959, Q92878, Q9NXL9, Q9UJA3","GO:0000725;GO:0003677",26215093,-1.142,1.126,1.068,-3.391,-1.317,0.451
7699,"MCPH1-Condensin II complex",8,1,12.5,"O95347, P42695, Q15554, Q6IBW4, Q86XI2, Q8NEM0, Q9NTJ3, Q9NYB0","GO:0005634;GO:0030261;GO:1901990;GO:0000725",18718915,NA,NA,NA,NA,NA,NA
7744,"PP1c-Gbeta1 complex",4,4,100,"P36873, P62136, P62140, P62873","GO:0070527;GO:0007186",28615442,-1.096,-1.122,-1.091,-1.295,-1.425,0.214
7754,"CB2-SQSTM1 receptor complex",2,1,50,"P34972, Q13501","GO:0007186;GO:0038171",31616248,NA,NA,NA,NA,NA,NA
7755,"YAP-cMYC complex",2,1,50,"P01106, P46937","GO:0006096;GO:0006351",30587459,NA,NA,NA,NA,NA,NA
7772,"SEPTIN3A-SEPTIN3B-SEPTIN5 complex",3,1,33.33,"Q99719, Q9UH03-1, Q9UH03-2","None",15200239,NA,NA,NA,NA,NA,NA
7781,"PAT complex",2,1,50,"Q96A33, Q9Y284","GO:0072546;GO:0006457",32814900,NA,NA,NA,NA,NA,NA
7784,"RNF8-ATX3-p97 complex",5,3,60,"O76064, P54252, P55072, Q8TAT6, Q92890","GO:0010212;GO:0006281;GO:0005634",31613024,1.007,1.078,1.106,1.23,1.362,0.046
7788,"MAD2L2-RIF1-SHLD2-TP53BP1 complex",4,1,25,"Q12888, Q5UIP0, Q86V20, Q9UI95","GO:0005634;GO:0006281",29789392,NA,NA,NA,NA,NA,NA
7789,"STX1A-STXBP1 complex",2,1,50,"P61764, Q16623","GO:0016082",32643828,NA,NA,NA,NA,NA,NA
7791,"ALAS1-CLPP-CLPX complex",3,2,66.67,"O76031, P13196, Q16740","GO:0005759;GO:0042541",27496948,-1.054,1.104,1.038,-1.067,-1.098,1
7792,"AXL-DOCK1-ELMO2-MET complex",4,2,50,"P08581, P30530, Q14185, Q96JJ3","GO:0005886;GO:0007010;GO:0004713",30108175,-1.173,-1.08,-1.101,-1.276,-1.247,0.999
7793,"FOXK1-PLK1-SPAG9 complex",3,1,33.33,"O60271, P53350, P85037","None",26468278,NA,NA,NA,NA,NA,NA
7794,"FOXK2-PLK1-SPAG9 complex",3,1,33.33,"O60271, P53350, Q01167","None",26468278,NA,NA,NA,NA,NA,NA
7805,"ARRB2-GNB1-GNG2-PTH1R complex",4,2,50,"P32121, P59768, P62873, Q03431","GO:0007186;GO:0005886",23297229,-1.069,1.601,1.552,-1.01,1.003,0.29
7806,"MAP2K5-PRKCD-SQSTM1 complex",3,1,33.33,"Q05655, Q13163, Q13501","None",12813044,NA,NA,NA,NA,NA,NA
7807,"7SK snRNP-LEC complex",6,1,16.67,"P55199, Q4G0J3, Q659A1, Q7L2J0, Q8N5P1, Q9Y2F5","GO:0005634;GO:0006357;GO:0016073",28254838,NA,NA,NA,NA,NA,NA
7808,"METTL3-METTL14-WTAP complex",3,1,33.33,"Q15007, Q86U44, Q9HCE5","GO:0005634;GO:0060612;GO:0044771",24407421,NA,NA,NA,NA,NA,NA
7809,"m(6)A methyltransferase complex",6,2,33.33,"Q15007, Q5T200, Q69YN4, Q75N03, Q86U44, Q9HCE5","GO:0036396",29507755,-1.165,-1.041,-1.161,-1.096,-1.533,0.382
7812,"HDAC1-HDAC2-MIER1-MIER2 complex",4,1,25,"Q13547, Q8N108, Q8N344, Q92769","GO:0005634",19061646,NA,NA,NA,NA,NA,NA
7813,"CDYL-complex",9,1,11.11,"O95785, Q13127, Q13547, Q15047, Q8N108, Q92769, Q96KQ7, Q9H9B1, Q9Y232","GO:0005634;GO:0045892;GO:0016570",19061646,NA,NA,NA,NA,NA,NA
7814,"CDYL-CAF1-MCM complex",13,7,53.85,"P25205, P33991, P33992, P33993, P49736, Q09028, Q13111, Q13112, Q14566, Q15047, Q15910, Q96KQ7, Q9Y232","GO:0044843;GO:0016570",28402439,-1.11,-1.641,-2.778,-5.475,-15.166,0.003
7817,"ASH2L-MRTFA complex",2,1,50,"Q969V6, Q9UBL3","GO:0045893",25746000,NA,NA,NA,NA,NA,NA
7819,"MLKL-PGAM5-RIPK1-RIPK3 complex",4,1,25,"Q13546, Q8NB16, Q96HS1, Q9Y572","GO:0070265;GO:0031966",22265414,NA,NA,NA,NA,NA,NA
7820,"BMI1-CBX8-MLLT3-RING1 complex",4,1,25,"P35226, P42568, Q06587, Q9HC52","GO:0006355",23891621,NA,NA,NA,NA,NA,NA
7822,"MOB4-STK26 complex",2,1,50,"Q9P289, Q9Y3A3","GO:0035330",30072378,NA,NA,NA,NA,NA,NA
7823,"MOB1A-STK3-STK38 complex",3,2,66.67,"Q13188, Q15208, Q9H8S9","GO:0016301",18362890,1.013,1.119,1.323,1.481,1.33,1
7826,"ATP9A-DOP1B-MON2 complex",3,1,33.33,"O75110, Q7Z3U7, Q9Y3R5","GO:0061355",30213940,NA,NA,NA,NA,NA,NA
7830,"AMOT-MPP5-NF2-PATJ complex",4,1,25,"P35240, Q4VCS5, Q8N3R9, Q8NI35","GO:0070160;GO:0043409",21481793,NA,NA,NA,NA,NA,NA
7831,"MRAS-PPP1CA-SHOC2 complex",3,2,66.67,"O14807, P62136, Q9UQ13","GO:0043408",16630891,-1.076,-1.028,-1.093,-1.151,-1.216,0.074
7832,"MRAS-PPP1CB-SHOC2 complex",3,2,66.67,"O14807, P62140, Q9UQ13","GO:0016310;GO:0016020",24211266,-1.048,-1.022,-1.013,-1.141,-1.255,0.524
7833,"MRAS-SCRIB-SHOC2 complex",3,2,66.67,"O14807, Q14160, Q9UQ13","GO:0043408",24211266,-1.06,1.051,1.043,1.082,1.033,1
7834,"MRC2-PLAU-PLAUR complex",3,1,33.33,"P00749, Q03405, Q9UBG0","GO:0009986;GO:0048771",10636902,NA,NA,NA,NA,NA,NA
7835,"MRNIP-MRE11-NBN-RAD50 complex",4,3,75,"O60934, P49959, Q6NTE8, Q92878","GO:0005634;GO:1990391;GO:0045739;GO:0006974",27568553,-1.142,1.126,1.068,-3.391,-1.317,0.451
7836,"GOLGA2-PCDC10-STK26 complex",3,2,66.67,"Q08379, Q9BUL8, Q9P289","GO:0005794;GO:0051683;GO:0016477;GO:0030011",20332113,-1.069,-1.282,-1.138,-1.079,-1.056,1
7837,"MTREX-ZFC3H1 complex",2,1,50,"O60293, P42285","GO:0005634;GO:0006401",27871484,NA,NA,NA,NA,NA,NA
7838,"MUC1-RELA complex",2,1,50,"P15941, Q04206","GO:0005634;GO:0045893",22021035,NA,NA,NA,NA,NA,NA
7839,"MUC1-SH3KBP1 complex",2,1,50,"P15941, Q96B97","GO:0005886;GO:0005737;GO:0005856;GO:0016477",24072600,NA,NA,NA,NA,NA,NA
7840,"GRB2-MUC1-SOS1 complex",3,1,33.33,"P15941, P62993, Q07889","GO:0023052",7664271,NA,NA,NA,NA,NA,NA
7844,"dREAM-like complex",8,1,12.5,"Q08999, Q09028, Q14186, Q16254, Q52LA3, Q5TKA1, Q6MZP7, Q96GY3","GO:0051726",17531812,NA,NA,NA,NA,NA,NA
7851,"APC/C-ANAPC16 complex",9,3,33.33,"P30260, Q13042, Q96DE5, Q9H1A4, Q9UJX2, Q9UJX3, Q9UJX4, Q9UJX5, Q9UJX6","None",20360068,-1.139,-1.261,-6.255,-1.398,-6.65,0.376
7853,"NAA10-NAA16 complex",2,1,50,"P41227, Q6N069","GO:0006474",19480662,NA,NA,NA,NA,NA,NA
7854,"NAA10-NAA15_NAA50 complex",3,3,100,"P41227, Q9BXJ9, Q9GZZ1","GO:0006474;GO:0005737",16507339,-1.118,-1.418,-1.418,-1.456,-1.589,0.091
7855,"NAA30-NAA35-NAA38 complex",3,1,33.33,"Q147X3, Q5VZE5, Q9BRA0","GO:0005737;GO:0006474;GO:0051726",19398576,NA,NA,NA,NA,NA,NA
7856,"NAA20-NAA25 complex",2,1,50,"P61599, Q14CX7","GO:0006474;GO:0005737;GO:0051726",18570629,NA,NA,NA,NA,NA,NA
7859,"INIP-INTS3-NABP1 complex",3,1,33.33,"Q68E01, Q96AH0, Q9NRY2","GO:0005634;GO:0010212;GO:0000724;GO:0007165",19605351,NA,NA,NA,NA,NA,NA
7860,"INIP-INTS3-NABP2 complex",3,1,33.33,"Q68E01, Q9BQ15, Q9NRY2","GO:0000724;GO:0005634;GO:0010212;GO:0007165",19605351,NA,NA,NA,NA,NA,NA
7861,"NACA-BTF3 complex",2,1,50,"P20290, Q13765","GO:0006412;GO:0005829",10982809,NA,NA,NA,NA,NA,NA
7863,"NBAS-RINT1-ZW10 complex",3,2,66.67,"A2RRP1, O43264, Q6NUQ1","GO:0016020;GO:0006890;GO:0016192",20462495,1.018,-1.153,-1.17,-1.192,-1.197,1
7864,"NCBP1-NCBP3 complex",2,1,50,"Q09161, Q53F19","GO:0000339;GO:0051607;GO:0051028",26382858,NA,NA,NA,NA,NA,NA
7865,"NCLN-NOMO1-TMEM147 complex",3,2,66.67,"Q15155, Q969V3, Q9BVK8","GO:0038092;GO:0000139",20538592,-1.039,-1.151,-1.187,-1.223,-1.347,0.17
7868,"MMP9-NEU1-TLR7 complex",3,1,33.33,"P14780, Q99519, Q9NYK1","GO:0006954;GO:0008063",23827939,NA,NA,NA,NA,NA,NA
7870,"NGRN complex",6,1,16.67,"O95900, Q6P087, Q96CM3, Q96I51, Q9NPE2, Q9NYY8","GO:0005739;GO:0006119;GO:0070129;GO:0019843",27667664,NA,NA,NA,NA,NA,NA
7871,"NFE4-TFCP2 complex",2,1,50,"Q12800, Q86UQ8","GO:0005634;GO:0006355",7828600,NA,NA,NA,NA,NA,NA
7872,"LYRM4-NFS1 complex",2,1,50,"Q9HD34, Q9Y697","GO:0006777;GO:0005737;GO:0016226",18650437,NA,NA,NA,NA,NA,NA
7874,"H/ACA ribonucleoprotein complex",4,4,100,"O60832, Q9NPE3, Q9NX24, Q9NY12","GO:0005730;GO:0015030;GO:0031118",11074001,-1.074,3.621,3.871,3.329,3.44,0.221
7876,"NISCH-STK11 complex",2,1,50,"Q15831, Q9Y2I1","GO:0005829;GO:0030010;GO:0006468",23572524,NA,NA,NA,NA,NA,NA
7879,"NLRP3-NLRC4 inflammasome",5,1,20,"P29466, Q14790, Q96P20, Q9NPP4, Q9ULZ3","GO:0042742;GO:0002221;GO:0061702;GO:0045087;GO:0050727;GO:0032731;GO:0042981;GO:0140447",24803432,NA,NA,NA,NA,NA,NA
7880,"DHX9-NLRP9-PYCARD complex",3,2,66.67,"Q08211, Q7RTR0, Q9ULZ3","GO:0051607;GO:0006954;GO:0045087;GO:0032741;GO:0070269",28636595,1.105,1.153,1.041,-1.045,-1.304,1
7881,"NMD3-RAN-XPO1 complex",3,3,100,"O14980, P62826, Q96D46","GO:0000055;GO:0005737;GO:0005634",12724356,1.16,1.16,1.09,1.026,-1.04,0.625
7882,"BSG-JUP-NME1 complex",3,2,66.67,"P14923, P15531, P35613","GO:0005911;GO:0031991",24994937,1.134,1.118,-1.092,-1.213,-1.272,0.398
7883,"MIF-NME1 complex",2,1,50,"P14174, P15531","GO:0042981;GO:0051726",18815136,NA,NA,NA,NA,NA,NA
7884,"ANP32A-APEX1-HMG2-NME1-SET complex",5,5,100,"P15531, P26583, P27695, P39687, Q01105","GO:0006915;GO:0006304",12628186,1.117,1.36,1.226,-1.014,-1.123,0.406
7886,"NOX1-NOXA1-NOXO1-RAC1 complex",4,1,25,"P63000, Q86UR1, Q8NFA2, Q9Y5S8","GO:1903409",16636067,NA,NA,NA,NA,NA,NA
7887,"NLRP6 inflammasome",3,1,33.33,"P29466, P59044, Q9ULZ3","GO:0009617;GO:0045087;GO:0032741;GO:0002221;GO:0061702;GO:0050727;GO:0044403;GO:0010033",26638072,NA,NA,NA,NA,NA,NA
7888,"NLRP7 inflammasome",3,1,33.33,"P29466, Q8WX94, Q9ULZ3","GO:0061702;GO:0045087;GO:0002221;GO:0050727;GO:0032731;GO:0032741;GO:0042742;GO:0140447",22361007,NA,NA,NA,NA,NA,NA
7889,"AIM2 inflammasome",3,1,33.33,"O14862, P29466, Q9ULZ3","GO:0061702;GO:0051607;GO:0045087;GO:1990784;GO:0042742;GO:0002221;GO:0032731;GO:0140447;GO:0140639",19158676,NA,NA,NA,NA,NA,NA
7892,"AIM2 inflammasome (CASP8)",3,1,33.33,"O14862, Q14790, Q9ULZ3","GO:0045087;GO:0005829;GO:0042742;GO:0002221;GO:0061702;GO:0050727;GO:0032731;GO:0042981;GO:1990784;GO:0140447",22555457,NA,NA,NA,NA,NA,NA
7893,"DDX58-PYCARD complex",2,1,50,"O95786, Q9ULZ3","GO:0045087;GO:0002221;GO:0039529;GO:0051607;GO:0050729;GO:0032732;GO:0140632",19915568,NA,NA,NA,NA,NA,NA
7897,"IFI16 inflammasome",3,2,66.67,"P29466, Q16666, Q9ULZ3","GO:0050729;GO:0005634;GO:0051607;GO:0002221;GO:0045087;GO:0061702;GO:0032731;GO:0140447",21575908,1.185,1.413,1.151,-1.041,-1.328,0.337
7900,"NEK7-NLRP3 inflammasome",4,2,50,"P29466, Q8TDX7, Q96P20, Q9ULZ3","GO:0061702;GO:0045087;GO:0002221;GO:0032731;GO:0072559;GO:0050727;GO:0032496;GO:0051726;GO:0006952;GO:0140447",26642356,-1.018,-1.118,-1.386,-1.377,-1.345,1
7901,"DPP9-NLRP1 complex",2,1,50,"Q86TI2, Q9C000","GO:0050727;GO:0045824",33731932,NA,NA,NA,NA,NA,NA
7902,"BCL10-CARD9-CASP8-MALT1-PYCARD inflammasome complex",5,1,20,"O95999, Q14790, Q9H257, Q9UDY8, Q9ULZ3","GO:0061702;GO:0045087;GO:0002223;GO:0002221;GO:0050727;GO:0032731;GO:0050832;GO:0140447",22267217,NA,NA,NA,NA,NA,NA
7903,"MALT1-ASC-CASP8 inflammasome",3,1,33.33,"Q14790, Q9UDY8, Q9ULZ3","GO:0050832;GO:0061702;GO:0045087;GO:0002221;GO:0032731;GO:0050727;GO:0002223;GO:0140447",22267217,NA,NA,NA,NA,NA,NA
7904,"IQGAP1-NLRC3 complex",2,1,50,"P46940, Q7RTR2","GO:0051607;GO:0032481;GO:0005737",28864474,NA,NA,NA,NA,NA,NA
7909,"NLRP12 inflammasome",3,1,33.33,"P29466, P59046, Q9ULZ3","GO:0061702;GO:0070269;GO:0002221;GO:0045087;GO:0050729;GO:0032731;GO:0051092;GO:0006952;GO:0140447",12019269,NA,NA,NA,NA,NA,NA
7910,"BAG2-HSPA2-NLRP14 complex",3,2,66.67,"O95816, P54652, Q86W24","GO:0007283;GO:0010498",32839316,1.109,1.207,1.26,1.17,1.102,1
7911,"NADPH oxidase",6,1,16.67,"P04839, P13498, P14598, P19878, P63000, Q15080","GO:0043020",11893732,NA,NA,NA,NA,NA,NA
7913,"NONO-NR5A1 complex",2,1,50,"Q13285, Q15233","GO:0006355;GO:0006694",11897684,NA,NA,NA,NA,NA,NA
7914,"NONO-SFPQ complex",2,2,100,"P23246, Q15233","GO:0006355;GO:0006694",11897684,1.019,1.08,1.007,-1.125,-1.289,0.093
7915,"NONO-NR5A1-SFPQ complex",3,2,66.67,"P23246, Q13285, Q15233","GO:0006355;GO:0006694",11897684,1.019,1.08,1.007,-1.125,-1.289,0.093
7916,"ILF3-NR5A2-PPARA-PRMT1 complex",4,2,50,"O00482, Q07869, Q12906, Q99873","GO:0006699;GO:0006695;GO:0006355",21554248,1.116,1.343,1.382,1.347,1.204,0.843
7919,"ILF3-NR5A2-SERBP1 complex",3,2,66.67,"O00482, Q12906, Q8NC51","GO:0006351;GO:0005634",26398198,1.052,1.116,1.061,-1.015,-1.177,0.999
7920,"IGFBP3-NONO-SFPQ complex",3,2,66.67,"P17936, P23246, Q15233","GO:0006303;GO:0005634",30725116,1.019,1.08,1.007,-1.125,-1.289,0.093
7930,"RAB8A-SYTL4 complex",2,1,50,"P61006, Q96C24","GO:0002576",23140275,NA,NA,NA,NA,NA,NA
7932,"ERBB3-ITGA6-ITGB4-NRG1 complex",4,1,25,"P16144, P21860, P23229, Q02297","GO:0007229",20682778,NA,NA,NA,NA,NA,NA
7933,"ERBB3-ITGAV-ITGB3-NRG1 complex",4,1,25,"P05106, P06756, P21860, Q02297","GO:0007229",20682778,NA,NA,NA,NA,NA,NA
7934,"GTF2I-PARP1-SFPQ complex",3,3,100,"P09874, P23246, P78347","GO:0001764;GO:0005634",20682778,-1.019,1.201,1.088,-1.186,-1.407,0.01
7936,"PSO4 complex",4,4,100,"O43660, O75934, Q99459, Q9UMS4","GO:0006397;GO:0005634",16223718,-1.082,1.017,1.004,-1.167,-1.234,0.115
7937,"PSO4-WRN complex",5,4,80,"O43660, O75934, Q14191, Q99459, Q9UMS4","GO:0005634;GO:0036297",16223718,-1.082,1.017,1.004,-1.167,-1.234,0.115
7938,"CDC5L-PRP19 complex",7,7,100,"O43660, O75934, P11142, Q8WYA6, Q99459, Q9P013, Q9UMS4","GO:0005634;GO:0000398",20176811,-1.059,1.027,-1.006,-1.161,-1.22,0.11
7939,"CDC5L-PRP19 core complex",4,4,100,"O43660, O75934, Q99459, Q9UMS4","GO:0005634;GO:0000398",20176811,-1.082,1.017,1.004,-1.167,-1.234,0.115
7942,"EXPH5-HDAC6-TM4SF5 complex",3,1,33.33,"O14894, Q8NEV8, Q9UBN7","GO:0016192;GO:0031256;GO:0016477",33554392,NA,NA,NA,NA,NA,NA
7943,"TM4SF5-ITGA5-EGFR complex",3,1,33.33,"O14894, P00533, P08648","GO:0005886;GO:0016477",28073834,NA,NA,NA,NA,NA,NA
7944,"TM4SF5-mTOR-SLC38A9 complex",3,1,33.33,"O14894, P42345, Q8NBW4","GO:0031929;GO:0005765",30956113,NA,NA,NA,NA,NA,NA
7945,"ITGA3-ITGB1-CD151 complex",3,3,100,"P05556, P26006, P48509","GO:0016477;GO:0007160",22986527,-1.06,-1.02,-1.31,-1.682,-1.886,0.029
7946,"SIX3-LSD1-NuRD(MTA3) Complex",9,5,55.56,"O60341, O95343, O95983, Q09028, Q13547, Q16576, Q92769, Q9BTC8, Q9UBB5","GO:0001837;GO:0005634;GO:0010468;GO:0006355;GO:0007224;GO:0016055",29463994,-1.006,-1.084,-1.193,-1.372,-1.722,0.158
7947,"MBD3-NuRD complex",13,8,61.54,"O14519, O94776, O95983, Q09028, Q12873, Q13547, Q14839, Q16576, Q86UK7, Q86YP4, Q8WXI9, Q92769, Q9ULU4","None",23066101,1.004,-1.031,-1.117,-1.3,-1.587,0.026
7950,"NFKB2(p49)-RELA-SP1 complex",3,1,33.33,"P08047, Q00653-3, Q04206","GO:0010468",8253080,NA,NA,NA,NA,NA,NA
7952,"IRF8-SPI1-STAT1 complex",3,1,33.33,"P17947, P42224, Q02556","GO:0005634;GO:0010628",17386941,NA,NA,NA,NA,NA,NA
7953,"IRF1-STAT1 complex",2,1,50,"P10914, P42224","GO:0045893",10921891,NA,NA,NA,NA,NA,NA
7954,"BIF1-UVRAG-Beclin1 complex",3,1,33.33,"Q14457, Q9P2Y5, Q9Y371","GO:0006914;GO:0000045;GO:0042594",17891140,NA,NA,NA,NA,NA,NA
7956,"NRIP1-YWHAH complex",2,1,50,"P48552, Q04917","GO:0045893;GO:0005634;GO:0005737",11266503,NA,NA,NA,NA,NA,NA
7958,"Pyrin inflammasome",3,1,33.33,"O15553, P29466, Q9ULZ3","GO:0045087;GO:0002221;GO:0032731;GO:0061702;GO:0050729;GO:0042742;GO:0140447",16037825,NA,NA,NA,NA,NA,NA
7960,"ER membrane protein complex (EMC8)",9,6,66.67,"O43402, Q15006, Q5J8M3, Q5UCC4, Q8N4V1, Q8N766, Q9BV81, Q9NPA0, Q9P0I2","GO:0045048",32439656,1.13,-1.032,1.066,1.14,1.111,0.62
7961,"ER membrane protein complex (EMC9)",9,6,66.67,"Q15006, Q5J8M3, Q5UCC4, Q8N4V1, Q8N766, Q9BV81, Q9NPA0, Q9P0I2, Q9Y3B6","GO:0045048",32439656,1.13,-1.032,1.066,1.14,1.111,0.62
7964,"NUBP1-NUBP2 complex",2,2,100,"P53384, Q9Y5Y2","GO:0005829;GO:0055072;GO:0016049",18573874,1.074,1.111,1.114,-1.039,-1.08,1
7965,"DCTN1-DYNC1I1-NUDC-PLK1 complex",4,2,50,"O14576, P53350, Q14203, Q9Y266","GO:0000910",12852857,-1.07,-1.269,-1.339,-1.362,-1.37,0.12
7966,"ALYREF-NXF1-RBM8A-UPF3A complex",4,3,75,"Q86V81, Q9H1J1, Q9UBU9, Q9Y5S9","GO:0005654;GO:0000184;GO:0051168",11546873,-1.039,1.078,1.026,-1.102,-1.206,0.75
7967,"ALYREF-NXF1-RBM8A-UPF3B complex",4,3,75,"Q86V81, Q9BZI7, Q9UBU9, Q9Y5S9","GO:0005654;GO:0000184;GO:0051168",11546873,-1.039,1.078,1.026,-1.102,-1.206,0.75
7968,"NXF1-NXT1 complex",2,1,50,"Q9UBU9, Q9UKK6","GO:0006405;GO:0005634",10228171,NA,NA,NA,NA,NA,NA
7971,"GIT1-MAT2B complex",2,2,100,"Q9NZL9, Q9Y2X7","GO:0007265;GO:0000165",25794709,1.05,1.136,1.061,1.035,1.03,1
7974,"cBAF complex",14,8,57.14,"O14497, O96019, P51532, P60709, Q12824, Q4VC05, Q8NFD5, Q8TAQ2, Q8WUZ0, Q92785, Q92922, Q92925, Q969G3, Q96GM5","GO:0006338;GO:0070603;GO:0006355",1234567,-1.107,-1.203,-1.336,-2.971,-7.102,0.178
7975,"PBAF complex",14,6,42.86,"O96019, P51532, P60709, Q12824, Q4VC05, Q68CP9, Q86U86, Q8TAQ2, Q8WUB8, Q8WUZ0, Q92922, Q969G3, Q96GM5, Q9NPI1","GO:0006338;GO:0006355;GO:0071565",1234567,-1.101,-1.195,-1.326,-1.617,-2.963,0.04
7976,"SIX3-LSD1-MTA3 complex",3,1,33.33,"O60341, O95343, Q9BTC8","GO:0001837;GO:0005634;GO:0010468;GO:0016055;GO:0007224;GO:0006355",29463994,NA,NA,NA,NA,NA,NA
7977,"cBAF complex",14,7,50,"O14497, O96019, P51531, P60709, Q12824, Q4VC05, Q8NFD5, Q8TAQ2, Q8WUZ0, Q92785, Q92922, Q92925, Q969G3, Q96GM5","GO:0006338;GO:0071565;GO:0006355",1234567,-1.118,-1.213,-1.328,-3.264,-9.487,0.258
7978,"PBAF complex",14,5,35.71,"O96019, P51531, P60709, Q12824, Q4VC05, Q68CP9, Q86U86, Q8TAQ2, Q8WUB8, Q8WUZ0, Q92922, Q969G3, Q96GM5, Q9NPI1","GO:0006338;GO:0071565;GO:0006355",1234567,-1.115,-1.208,-1.314,-1.617,-3.34,0.063
7979,"WDTC1-DDB1-CUL4-ROC1 E3 ligase complex",5,4,80,"P62877, Q13619, Q13620, Q16531, Q8N5D0","GO:0060612;GO:0033522;GO:0010468",27113764,-2.343,-1.186,-2.836,-3.059,-3.226,0.767
7980,"ncBAF complex",10,3,30,"O96019, P51531, P60709, Q15532, Q4VC05, Q6AI39, Q8WUZ0, Q92922, Q96GM5, Q9H8M2","GO:0006338;GO:0071565;GO:0006355",1234567,-1.033,-1.392,-1.514,-1.747,-19.588,0.457
7981,"ncBAF complex",10,4,40,"O96019, P51532, P60709, Q15532, Q4VC05, Q6AI39, Q8WUZ0, Q92922, Q96GM5, Q9H8M2","GO:0006338;GO:0071565;GO:0006355",1234567,-1.032,-1.221,-1.387,-1.618,-4.97,0.063
7990,"NPM1-PA2G4 complex",2,2,100,"P06748, Q9UQ80","GO:0042981;GO:0042127",17951246,-1.17,-1.183,-1.179,-1.273,-1.334,0.771
7992,"RNA polymerase III complex",15,3,20,"O14802, O15160, O15318, O75575, P05423, P0DPB6, P52434, P53803, P62875, Q9BUI4, Q9H1D9, Q9NVU0, Q9NW08, Q9Y2Y1, Q9Y535","GO:0006383;GO:0006386;GO:0006384",33335104,-12.796,-1.273,-13.307,-15.451,-14.711,0.721
7995,"E2F1-HDAC2-PA2G4-RB1 complex",4,2,50,"P06400, Q01094, Q92769, Q9UQ80","GO:0005634;GO:0045892",15073182,-1.043,-1.17,-1.117,-1.224,-1.37,0.391
7996,"HSPA8-PA2G4-STUB1 complex",3,3,100,"P11142, Q9UNE7, Q9UQ80","GO:0010498",24651434,-1.068,-1.275,-1.211,-1.207,-1.238,0.074
7997,"ILF3-PA2G4 complex",2,2,100,"Q12906, Q9UQ80","GO:0003729;GO:0010468",21624892,-1.036,1.009,-1.015,-1.047,-1.14,1
8000,"BAX-BCL2L11-PACS2-TNFRSF10B-TNFSF10 complex",5,1,20,"O14763, O43521, P50591, Q07812, Q86VP3","GO:0006915;GO:0005764",22645134,NA,NA,NA,NA,NA,NA
8002,"Translin-Trax complex",2,2,100,"Q15631, Q99598","GO:0003677;GO:0009749;GO:0005737;GO:0005634",15919079,1.025,1.048,1.005,-1.204,-1.315,0.188
8004,"Cathepsin A-beta-galactosidase complex",2,2,100,"P10619, P16278","GO:0005764;GO:0065003;GO:0015925",8363614,1.262,2.156,2.268,1.995,1.749,0.04
8005,"Cathepsin A-beta-galactosidase-neuraminidase complex",3,3,100,"P10619, P16278, Q99519","GO:0005764;GO:0015925",8053688,1.199,2.067,2.25,2.079,1.585,0.028
8006,"CTBP1-EP300-FOXO3 complex",3,1,33.33,"O43524, Q09472, Q13363","GO:0006355;GO:0042981",31074088,NA,NA,NA,NA,NA,NA
8007,"APC/C complex",7,3,42.86,"P30260, Q13042, Q9H1A4, Q9UJX2, Q9UJX3, Q9UJX4, Q9UJX6","GO:0007059;GO:0010458",11859075,-1.139,-1.261,-6.255,-1.398,-6.65,0.376
8008,"APC/C complex, 1.5 MDa",11,3,27.27,"O14519, P30260, Q13042, Q8NHZ8, Q9H1A4, Q9NYG5, Q9UJX2, Q9UJX3, Q9UJX4, Q9UJX5, Q9UJX6","GO:0000278;GO:0005634;GO:0031145;GO:0016567;GO:0007059;GO:0010458",16275329,-1.139,-1.261,-6.255,-1.398,-6.65,0.376
8011,"Aurora A-TPX2-NuMA complex",3,1,33.33,"O14965, Q14980, Q9ULW0","GO:0000132;GO:0071228",33275894,NA,NA,NA,NA,NA,NA
8012,"CTBP2-EP300-RUNX2 complex",3,1,33.33,"P56545, Q09472, Q13950","GO:0006355;GO:0030278",30585266,NA,NA,NA,NA,NA,NA
8015,"CTLH complex, submodule of the IFT/lebercilin complex",12,6,50,"O43464, P62699, Q6VN20, Q7L5Y9, Q8IUR7, Q8IVV7, Q96HS1, Q96S59, Q9H7D7, Q9H871, Q9NWU2, Q9UL63","GO:0043130;GO:0006511",24563533,1.069,-1.339,-6.044,-1.313,-1.151,0.916
8016,"Dynein light chain complex (DYNLL1, DYNLL2)",2,2,100,"P63167, Q96FJ2","GO:0060271",24563533,23.205,1.234,28.781,29.962,28.257,0.506
8020,"PACSIN2-PICK1 complex",2,1,50,"Q9NRD5, Q9UNF0","GO:0060292",23918399,NA,NA,NA,NA,NA,NA
8022,"SRCAP-containing complex",7,3,42.86,"O95619, O96019, Q6ZRS2, Q9GZN1, Q9NPF5, Q9Y230, Q9Y265","GO:0005634;GO:0006338",16634648,-1.011,-1.008,-1.109,-1.27,-1.363,0.029
8028,"CD4 receptor complex",9,4,44.44,"P01730, P02786, P06239, P07437, P08575, P08670, P35579, Q14761, Q9BQE3","GO:0042110;GO:0006955",18205604,-1.087,1.007,-1.178,-1.415,-1.332,0.662
8058,"MAP1LC3A-OFD1-PCM1 complex",3,1,33.33,"O75665, Q15154, Q9H492","GO:0060271;GO:0034451",24089205,NA,NA,NA,NA,NA,NA
8059,"LYN-PAG1-STAT3 complex",3,1,33.33,"P07948, P40763, Q9NWQ8","GO:0045121;GO:0008219",18070987,NA,NA,NA,NA,NA,NA
8061,"CSK-FYN-PAG1 complex",3,1,33.33,"P06241, P41240, Q9NWQ8","GO:0002870",17389760,NA,NA,NA,NA,NA,NA
8062,"FYN-PAG1-KHDRBS1-RASA1 complex",4,2,50,"P06241, P20936, Q07666, Q9NWQ8","GO:0002870",17389760,1.088,1.141,-1.002,1.01,-1.023,1
8063,"FYN-KHDRBS1-PAG1 complex",3,1,33.33,"P06241, Q07666, Q9NWQ8","GO:0002870",17389760,NA,NA,NA,NA,NA,NA
8064,"CSK-PAG1 complex",2,1,50,"P41240, Q9NWQ8","GO:0042110;GO:0045121",11390365,NA,NA,NA,NA,NA,NA
8066,"MSN-PAG1-SLC9A3R1 complex",3,2,66.67,"O14745, P26038, Q9NWQ8","GO:2000520;GO:0042110",11777944,1.059,1.037,-1.121,-1.293,-1.352,0.047
8071,"PAN2-PAN3-PABPC1 complex",3,1,33.33,"P11940, Q504Q3, Q58A45","GO:0004535;GO:0005737",14583602,NA,NA,NA,NA,NA,NA
8072,"AHCYL1-CPSF complex",6,4,66.67,"O43865, O95639, Q10570, Q6UN15, Q9P2I0, Q9UKF6","None",19224921,-1.018,1.044,-1.031,-1.238,-1.486,0.15
8073,"AHCYL1-FIP1L1-PAPOLA complex",3,2,66.67,"O43865, P51003, Q6UN15","GO:0043631",19224921,1.125,1.224,1.103,-1.065,-1.372,0.237
8074,"ARL3-RP2-UNC119 complex",3,2,66.67,"O75695, P36405, Q13432","GO:0003924;GO:0009881;GO:0097733;GO:0007601",18588884,-1.111,1.099,-1.029,-1.29,-1.349,0.805
8075,"PARL-STOML2-YME1L1 complex",3,2,66.67,"Q96TA2, Q9H300, Q9UJZ1","GO:0034982;GO:0035694;GO:0005739",27737933,-1.056,-1.076,-1.062,-1.018,-1.141,1
8078,"AGO2-PARN complex",2,1,50,"O95453, Q9UKV8","GO:0000289;GO:0005737;GO:0005634",26400160,NA,NA,NA,NA,NA,NA
8087,"FXN42-ISD11-ISCU-NFS1 complex",4,1,25,"Q16595, Q9H1K1, Q9HD34, Q9Y697","GO:0016226;GO:0005739",0,NA,NA,NA,NA,NA,NA
8097,"Mt-MMP-1-TIMP-2 complex",2,1,50,"P16035, P50281","GO:0030198",8665498,NA,NA,NA,NA,NA,NA
8098,"MT-MMP-1-TIMP2-proMMP-2 complex",3,1,33.33,"P08253, P16035, P50281","GO:0030198",8665498,NA,NA,NA,NA,NA,NA
8099,"NIPBL-RAD21-SMC1A complex",3,2,66.67,"O60216, Q14683, Q6KC79","GO:0000785",34315879,-1.005,1.129,1.049,-1.261,-1.437,0.095
8100,"EMC2-EMC8-WNK1 complex",3,2,66.67,"O43402, Q15006, Q9H4A3","GO:0007029",33964204,1.054,1.171,1.071,1.11,1.243,1
8101,"EMC2-EMC5-EMC8 complex",3,2,66.67,"O43402, Q15006, Q8N4V1","GO:0007029",33964204,1.18,1.078,1.252,1.356,1.227,1
8103,"CAK-ERCC2 subcomplex",4,1,25,"P18074, P50613, P51946, P51948","GO:0006351;GO:0005634;GO:0007049",9130708,NA,NA,NA,NA,NA,NA
8104,"TFIIH transcription factor subcomplex, cdk7-specific",6,1,16.67,"P18074, P19447, P32780, Q13888, Q13889, Q92759","GO:0006355;GO:0005634",9130708,NA,NA,NA,NA,NA,NA
8105,"TFIIH transcription factor subcomplex, p63-specific",5,1,20,"P18074, P19447, P50613, P51946, P51948","GO:0006351;GO:0005634",9130708,NA,NA,NA,NA,NA,NA
8117,"PCID2-ENY2-GANP-SEM1-CETN2 complex",5,2,40,"O60318, P41208, P60896, Q5JVF3, Q9NPA8","GO:0051028",22307388,-1.054,1.077,1.007,-1.07,-1.178,1
8118,"PCID2-ENY2-GANP-SEM1-CETN3 complex",5,2,40,"O15182, O60318, P60896, Q5JVF3, Q9NPA8","GO:0051018",22307388,-1.054,1.077,1.007,-1.07,-1.178,1
8121,"PCGF1-RING1A complex",2,1,50,"Q06587, Q9BSM1","GO:0016567",26151332,NA,NA,NA,NA,NA,NA
8123,"PCGF2-RING1A complex",2,1,50,"P35227, Q06587","GO:0016567",26151332,NA,NA,NA,NA,NA,NA
8125,"PCGF3-RING1A complex",2,1,50,"Q06587, Q3KNV8","GO:0016567",26151332,NA,NA,NA,NA,NA,NA
8127,"PCGF4-RING1A complex",2,1,50,"P35226, Q06587","GO:0016567",26151332,NA,NA,NA,NA,NA,NA
8129,"PCGF5-RING1A complex",2,1,50,"Q06587, Q86SE9","GO:0016567",26151332,NA,NA,NA,NA,NA,NA
8131,"PCGF6-RING1A complex",2,1,50,"Q06587, Q9BYE7","GO:0016567",26151332,NA,NA,NA,NA,NA,NA
8133,"PDCD4-RICTOR complex",2,2,100,"Q53EL6, Q6R327","GO:1903939",25016284,1.112,2.793,2.095,1.133,-1.002,1
8134,"MVB12B-PDCD6-PDCD6IP-TSG101-VPS28-VPS37A complex",6,4,66.67,"O75340, Q8NEZ2, Q8WUM4, Q99816, Q9H7P6, Q9UK41","GO:0015031",23924735,-1.012,1.143,1.163,1.157,1.212,0.563
8144,"MAP2K1-NEK10-RAF1 complex",3,2,66.67,"P04049, Q02750, Q6ZWH5","GO:0009411",20956560,-1.009,-1.491,-1.576,-32.764,-1.935,0.694
8151,"Repairosome complex, XPA-specific",10,4,40,"P07992, P12004, P15927, P18074, P18858, P19447, P23025, P28715, P32780, P35251","GO:0006289;GO:0006974",9092621,-1.117,-1.091,-1.329,-4.102,-5.467,0.151
8152,"Repairosome sub-complex, XPA-specific",6,3,50,"P12004, P23025, P27694, P28715, P32780, P35251","GO:0006289;GO:0006974",9092621,-1.061,-1.239,-1.579,-6.455,-8.272,0.044
8156,"RAN-RCC1 complex",2,2,100,"P18754, P62826","GO:0000278",2236072,1.133,1.217,1.155,1.066,-1.037,1
8158,"HHR23B-XPC complex",2,1,50,"P54727, Q01831","GO:0006289;GO:0006974",8692695,NA,NA,NA,NA,NA,NA
8159,"Aposome complex",4,2,50,"O14727, P42574, P55210, P55211","GO:0006915",10428850,1.139,1.158,1.093,1.151,1.207,1
8160,"Microaposome complex",2,2,100,"P42574, P55210","GO:0006915",10428850,1.139,1.158,1.093,1.151,1.207,1
8161,"Procaspase 7-APAF1 complex",2,1,50,"O14727, P55210","GO:0006915",10428850,NA,NA,NA,NA,NA,NA
8162,"DNMT1-associated protein complex",6,3,50,"P12004, P26358, Q13547, Q92993, Q93009, Q96T88","GO:0006306;GO:0006511",21045206,-1.17,-1.728,-1.879,-3.193,-3.921,0.047
8163,"MVB12B-PDCD6-PDCD6IP-TSG101-VPS28-VPS37B complex",6,5,83.33,"O75340, Q8WUM4, Q99816, Q9H7P6, Q9H9H4, Q9UK41","GO:0015031",23924735,-1.039,1.173,1.197,1.171,1.238,0.47
8164,"MVB12B-PDCD6-PDCD6IP-TSG101-VPS28-VPS37C complex",6,4,66.67,"A5D8V6, O75340, Q8WUM4, Q99816, Q9H7P6, Q9UK41","GO:0015031",23924735,-1.012,1.143,1.163,1.157,1.212,0.563
8165,"MVB12B-PDCD6-PDCD6IP-TSG101-VPS28-VPS37D complex",6,4,66.67,"O75340, Q86XT2, Q8WUM4, Q99816, Q9H7P6, Q9UK41","GO:0015031",23924735,-1.012,1.143,1.163,1.157,1.212,0.563
8166,"CD63-syntenin-1 complex",2,1,50,"O00560, P08962","GO:0075502",27578500,NA,NA,NA,NA,NA,NA
8167,"ZMYND10 complex, cytoplasmic",7,2,28.57,"O75800, P11142, P57076, Q86X45, Q8NA54, Q8WXU2, Q9Y230","GO:0070286;GO:0060271;GO:0044458",29601588,-1.024,-1.155,-1.139,-1.23,-1.261,0.302
8168,"STAT1-STAT3 complex",2,2,100,"P40763, P42224","GO:0007259",21207025,1.056,1.119,1.249,1.354,1.489,1
8169,"CD63-PDCD6IP-SDCBP complex",3,2,66.67,"O00560, P08962, Q8WUM4","GO:0075733",27578500,-1.23,-1.433,-1.535,-1.564,-1.597,0.125
8171,"STRIPAK complex",11,9,81.82,"O43815, P30153, P67775, Q08379, Q13033, Q5VSL9, Q9BUL8, Q9NRL3, Q9P289, Q9P2B4, Q9Y3A3","GO:0035331;GO:1903358",21561862,-1.033,-1.148,1.045,1.126,1.151,0.678
8173,"PDCD6IP-SDCBP-SDC1 complex",3,2,66.67,"O00560, P18827, Q8WUM4","GO:1903551",22660413,-1.23,-1.433,-1.535,-1.564,-1.597,0.125
8174,"IKBKG-PIDD1-RIPK1 complex",3,1,33.33,"Q13546, Q9HB75, Q9Y6K9","GO:0043122;GO:0006977",16360037,NA,NA,NA,NA,NA,NA
8175,"AKAP9-PDE4D-PRKACA complex",3,2,66.67,"P17612, Q08499, Q99996","GO:0043949",22908311,1.291,1.458,1.929,2.286,1.709,0.646
8176,"AKAP9-CAMSAP2-PDE4DIPcomplex",3,3,100,"Q08AD1, Q5VU43, Q99996","GO:1903358",28814570,-1.277,-1.123,-1.46,-1.484,-1.642,1
8177,"MutSalpha complex",2,1,50,"P43246, P52701","GO:0006298;GO:0005634;GO:0006281;GO:0006974",10403381,NA,NA,NA,NA,NA,NA
8178,"MutSbeta complex",2,1,50,"P20585, P43246","GO:0006298;GO:0005634;GO:0006974;GO:0006281",10403381,NA,NA,NA,NA,NA,NA
8179,"EMX1-GLI3-WDR11 complex",3,1,33.33,"P10071, Q04742, Q9BZH6","GO:0007224;GO:0060271",29263200,NA,NA,NA,NA,NA,NA
8181,"GNB1-GNG2 complex",2,2,100,"P59768, P62873","GO:0007186",19376773,-1.069,1.601,1.552,-1.01,1.003,0.29
8182,"GNB2-GNG3 complex",2,1,50,"P62879, P63215","GO:0007186",19376773,NA,NA,NA,NA,NA,NA
8183,"GNB2-GNG8 complex",2,1,50,"P62879, Q9UK08","GO:0007186",19376773,NA,NA,NA,NA,NA,NA
8184,"GNG2-GNB4 complex",2,1,50,"P62879, Q9HAV0","GO:0007186",19376773,NA,NA,NA,NA,NA,NA
8186,"GNB5-GNG2 complex",2,1,50,"O14775, P59768","GO:0007186",19376773,NA,NA,NA,NA,NA,NA
8187,"GNG7-GNB2 complex",2,1,50,"O60262, P62879","GO:0007186",19376773,NA,NA,NA,NA,NA,NA
8188,"GNB2-GNG12 complex",2,2,100,"P62879, Q9UBI6","GO:0007186",19376773,-1.02,1.339,1.198,-1.106,-1.164,0.894
8189,"GNG2-GNB2 complex",2,2,100,"P59768, P62879","GO:0007186",19376773,1.012,1.545,1.534,1.024,-1.048,0.195
8190,"GNGT2-GNB2 complex",2,1,50,"O14610, P62879","GO:0007186",19376773,NA,NA,NA,NA,NA,NA
8192,"GNB1-PDCL complex",2,1,50,"P62873, Q13371","GO:0000827",19376773,NA,NA,NA,NA,NA,NA
8193,"GNB5-CCT5 complex",2,1,50,"O14775, P48643","None",19376773,NA,NA,NA,NA,NA,NA
8194,"GNB1-CCT5 complex",2,2,100,"P48643, P62873","GO:0008277",19376773,-1.049,1.172,1.191,1.042,1.076,1
8195,"GNB2-PDCL complex",2,1,50,"P62879, Q13371","GO:0008277",19376773,NA,NA,NA,NA,NA,NA
8197,"GNG4-GNB2 complex",2,1,50,"P50150, P62879","GO:0007186",19376773,NA,NA,NA,NA,NA,NA
8198,"PDCL-GNB5-CCT complex",3,1,33.33,"O14775, P48643, Q13371","GO:1902605",19376773,NA,NA,NA,NA,NA,NA
8199,"KCNQ1-AKAP9-PDE4D3(isoform 2) complex",3,1,33.33,"P51787, Q08499-2, Q99996","GO:0005249",19218243,NA,NA,NA,NA,NA,NA
8203,"KIF17-RAB23-TNPO1 complex",3,2,66.67,"Q92973, Q9P2E2, Q9ULC3","GO:0042073;GO:0060271",26136363,1.261,1.022,1.017,1.254,1.089,1
8205,"PAWR-PRKCZ-SQSTM1 complex",3,2,66.67,"Q05513, Q13501, Q96IZ0","GO:0043067;GO:0043122",11755531,-1.313,-1.093,-1.431,-1.711,-1.461,0.335
8206,"PAXX complex",8,5,62.5,"P12956, P13010, P49917, P78527, Q13426, Q96SD1, Q9BUH6, Q9H9Q4","GO:0006303;GO:0005634",25941166,1.017,1.217,1.146,1.036,-1.105,0.11
8207,"ACK1-GRB2-EGFR complex",3,1,33.33,"P00533, P62993, Q07912","None",19815557,NA,NA,NA,NA,NA,NA
8208,"ACK1-GRB2-PPDGFR complex",3,1,33.33,"P16234, P62993, Q07912","GO:0045859",19815557,NA,NA,NA,NA,NA,NA
8209,"ACK1-GBR2-AXL complex",3,1,33.33,"P30530, P62993, Q07912","GO:0045859",19815557,NA,NA,NA,NA,NA,NA
8211,"ACK1-GRB2-ALK complex",3,1,33.33,"P62993, Q07912, Q9UM73","GO:0045859",19815557,NA,NA,NA,NA,NA,NA
8212,"ACK1-GRB2-LTK1 complex",3,1,33.33,"P29376, P62993, Q07912","GO:0045859",19815557,NA,NA,NA,NA,NA,NA
8213,"MIG6-GRB2-EGFR complex",3,1,33.33,"P00533, P62993, Q9UJM3","GO:0045859",19815557,NA,NA,NA,NA,NA,NA
8214,"MIG6-GRB2-PDGFR complex",3,1,33.33,"P16234, P62993, Q9UJM3","GO:0045859",19815557,NA,NA,NA,NA,NA,NA
8215,"MIG6-GBR2-AXL complex",3,1,33.33,"P30530, P62993, Q9UJM3","GO:0045859",19815557,NA,NA,NA,NA,NA,NA
8216,"ALK-GRB2-MIG6 complex",3,1,33.33,"P62993, Q9UJM3, Q9UM73","GO:0045859",19815557,NA,NA,NA,NA,NA,NA
8217,"GRB2--LTK-MIG6 complex",3,1,33.33,"P29376, P62993, Q9UJM3","GO:0045859",19815557,NA,NA,NA,NA,NA,NA
8219,"CNBP-PCBP2 complex",2,2,100,"P62633, Q15366","GO:0006417",17327219,-1.191,-1.068,-1.073,-1.085,-1.249,1
8221,"LATS1-PCBP2-SAV1-STK3-STK4 complex",5,2,40,"O95835, Q13043, Q13188, Q15366, Q9H4B6","GO:0035330",27215387,1.055,1.074,1.252,1.405,1.178,1
8222,"LATS1-PCBP1-SAV1-STK3-STK4 complex",5,2,40,"O95835, Q13043, Q13188, Q15365, Q9H4B6","None",27215387,1.061,1.141,1.4,1.611,1.418,0.494
8223,"RIL-TRIP6-PTP-BL complex",3,2,66.67,"P50479, Q12923, Q15654","GO:0032956",10826496,1.076,1.363,1.38,1.206,1.08,1
8226,"PEAK1-PPP1CA-SHC1 complex",3,2,66.67,"P29353, P62136, Q9H792","None",23846654,-1.414,-1.454,-1.696,-1.971,-1.505,0.572
8227,"PEAK1-PPP1CC-SHC1 complex",3,2,66.67,"P29353, P36873, Q9H792","None",23846654,-1.529,-1.785,-1.955,-2.505,-1.966,0.328
8228,"BDKRB2-GNAQ-PECAM1 complex",3,1,33.33,"P16284, P30411, P50148","None",18672896,NA,NA,NA,NA,NA,NA
8234,"ESR1-PELP1-SRC complex",3,1,33.33,"P03372, P12931, Q8IZL8","None",14963108,NA,NA,NA,NA,NA,NA
8236,"PPIH-PRPF3-PRPF4 complex",3,3,100,"O43172, O43395, O43447","GO:0000398",9404889,-1.119,1.078,-1.043,-1.17,-1.373,0.112
8237,"XAF1-XIAP complex",2,1,50,"P98170, Q6GPH4","GO:0010498",17613533,NA,NA,NA,NA,NA,NA
8238,"PTEN-PP1MA-SMAD2-SMAD3 complex",4,2,50,"P35813, P60484, P84022, Q15796","GO:0007179",18482992,-1.108,-1.097,-1.084,-1.172,-1.107,1
8239,"PPIE-AQR-XAB2-ISY1-ZNF830 complex",5,4,80,"O60306, Q96NB3, Q9HCS7, Q9ULR0, Q9UNP9","GO:0000398",25599396,-1.078,-1.067,-1.107,-1.385,-1.595,0.322
8240,"BIRC5-XIAP complex",2,1,50,"O15392, P98170","GO:0042981;GO:0010498",15218035,NA,NA,NA,NA,NA,NA
8241,"PPIH-PRPF4 complex",2,2,100,"O43172, O43447","GO:0000398",11823439,-1.171,1.091,-1.05,-1.19,-1.426,0.194
8242,"PPIH-PRPf18 complex",2,1,50,"O43447, Q99633","GO:0000398",11823439,NA,NA,NA,NA,NA,NA
8244,"PPP1CA-PNUTS-TOX4-WDR82 complex",4,3,75,"O94842, P62136, Q6UXN9, Q96QC0","None",20516061,1.017,1.061,1.009,-1.101,-2.063,0.125
8245,"PPP1CB-PNUTS-TOX4-WDR82 complex",4,3,75,"O94842, P62140, Q6UXN9, Q96QC0","GO:1902275",20516061,1.042,1.065,1.08,-1.092,-2.195,0.287
8246,"PPP1CC-PNUTS-TOX4-WDR82 complex",4,3,75,"O94842, P36873, Q6UXN9, Q96QC0","GO:1902275",20516061,-1.066,-1.176,-1.148,-1.343,-6.334,0.54
8247,"EIF2S1-NCK1-PPP1CA-PPP1R15B complex",4,2,50,"P05198, P16333, P62136, Q5SWA1","GO:0070262",16835242,-1.07,-1.086,-1.132,-1.163,-1.182,0.488
8248,"RPA1-RPA2-RPA3-XPA complex",4,3,75,"P15927, P23025, P27694, P35244","GO:0006289",12390028,-1.011,1.03,-1.076,-1.341,-1.51,0.243
8249,"CETN2-RAD23B-XPC complex",3,1,33.33,"P41208, P54727, Q01831","GO:0006289;GO:0005634",11279143,NA,NA,NA,NA,NA,NA
8250,"CETN2-RAD23A-XPC complex",3,1,33.33,"P41208, P54725, Q01831","GO:0005634;GO:0006289",11279143,NA,NA,NA,NA,NA,NA
8251,"RAN-RANBP3-XPO1 complex",3,3,100,"O14980, P62826, Q9H6Z4","GO:0006611;GO:0005737;GO:0005634",11571268,1.062,1.14,1.052,-1.094,-1.11,0.241
8252,"RAN-XPO4 complex",2,1,50,"P62826, Q9C0E2","GO:0006611;GO:0005737;GO:0005634",10944119,NA,NA,NA,NA,NA,NA
8253,"DCTN1-OSBPL1A-RAB7A-RILP complex",4,2,50,"P51149, Q14203, Q96NA2, Q9BXW6","GO:0005770;GO:0043231",19564404,-1.042,-1.214,-1.125,-1.083,-1.101,1
8254,"RAN-XPO5 complex",2,2,100,"P62826, Q9HAV4","GO:0006611;GO:0005737;GO:0005634;GO:0006405",12426392,1.102,-1.051,-1.059,-1.103,-1.146,0.759
8255,"DNAJB12-DNAJB14-HSPA8-SGTA complex",4,2,50,"O43765, P11142, Q8TBM8, Q9NXW2","GO:0046718;GO:1903513;GO:0036503",24675744,1.143,1.011,1.078,1.062,1.103,1
8257,"RAN-XPO6 complex",2,2,100,"P62826, Q96QU8","GO:0006611;GO:0005634;GO:0005737",14592989,1.077,-1.155,-20.468,-1.278,-20.841,1
8258,"RAN-XPO7 complex",2,2,100,"P62826, Q9UIA9","GO:0005737;GO:0006611;GO:0005634",15282546,1.095,1.23,1.228,1.161,1.121,1
8259,"RAN-XPOT complex",2,2,100,"O43592, P62826","GO:0006405;GO:0005737;GO:0005634",9660920,1.216,1.119,1.092,1.085,1.101,0.848
8260,"IPO4-RAN complex",2,2,100,"P62826, Q8TEX9","GO:0005634;GO:0005737;GO:0006606",17682055,1.1,1.004,1.028,1.062,-1.037,1
8261,"IPO5-RAN complex",2,2,100,"O00410, P62826","GO:0005737;GO:0005634;GO:0006610",9687515,1.142,1.051,1.008,-1.051,-1.119,1
8262,"IPO7-RAN complex",2,2,100,"O95373, P62826","GO:0006610;GO:0005737;GO:0005634",9687515,1.176,-1.035,-1.044,-1.019,-1.024,0.999
8263,"IPO11-RAN complex",2,2,100,"P62826, Q9UI26","GO:0006606;GO:0005737;GO:0005634",31881079,1.15,1.096,-1.005,-1.126,-1.216,0.713
8264,"IPO13-RAN complex",2,1,50,"O94829, P62826","GO:0005737;GO:0005634;GO:0006606;GO:0006611",11447110,NA,NA,NA,NA,NA,NA
8266,"PPP3CB-PPP3R1 complex",2,2,100,"P16298, P63098","GO:0006468",19154138,1.068,1.026,1.132,1.226,1.362,0.228
8267,"DNAJB14-HSPA1-HSPH8-SGTA complex",4,3,75,"O43765, P11142, Q8TBM8, Q92598","GO:0036503;GO:0046718;GO:0030163;GO:1903513;GO:0045087;GO:0019048",26244546,-1.085,-1.426,-1.284,-1.294,-1.343,0.739
8268,"PPP3CC-PPP3R1 complex",2,2,100,"P48454, P63098","None",19154138,1.078,1.282,1.099,18.726,1.376,1
8272,"RAB8A-TNPO1 ciliary transport complex",2,2,100,"P61006, Q92973","GO:0042073",27633000,-1.016,-1.03,-1.143,-1.397,-1.519,0.266
8273,"CTLH complex",9,3,33.33,"Q7L5Y9, Q8IUR7-2, Q8IUR7-6, Q8IVV7, Q96S59, Q9H7D7, Q9H871, Q9NWU2, Q9UL63","GO:0043130;GO:0006511",31285494,1.07,-1.341,-6.9,-1.309,-1.131,0.583
8274,"IPO9-RAN complex",2,2,100,"P62826, Q96P70","GO:0006610;GO:0005737;GO:0005634",11823430,1.097,-1.007,-1.045,-1.13,-1.219,0.999
8275,"IPO8-RAN complex",2,2,100,"O15397, P62826","GO:0006606;GO:0005737;GO:0005634",11682607,1.191,1.158,1.173,1.085,-1.039,0.579
8276,"IPO7-KPNB1 complex",2,2,100,"O95373, Q14974","GO:0006606;GO:0005737;GO:0005634",12080050,1.039,-1.224,-1.238,-1.174,-1.199,0.394
8277,"TC45-p65 complex",2,1,50,"P17706-2, Q04206","GO:1901222",30867837,NA,NA,NA,NA,NA,NA
8280,"AIM2 PANoptosome complex",9,1,11.11,"O14862, O15553, P29466, Q13158, Q13546, Q14790, Q9H171, Q9ULZ3, Q9Y572","GO:0061702;GO:0042742;GO:0051607;GO:0045087;GO:0002221;GO:0050727;GO:0042981;GO:1990784",34471287,NA,NA,NA,NA,NA,NA
8290,"RAN-TNPO3 complex",2,2,100,"P62826, Q9Y5L0","GO:0006606;GO:0005737;GO:0005634",24449914,1.094,1.039,1.001,-1.069,-1.126,1
8293,"RAN-TNPO1 complex",2,2,100,"P62826, Q92973","GO:0006606;GO:0005737;GO:0005634",10353245,1.115,1.156,1.066,-1.067,-1.135,0.635
8294,"PANoptosome",7,1,14.29,"Q13158, Q13546, Q14790, Q96P20, Q9H171, Q9ULZ3, Q9Y572","GO:0045087;GO:0002221;GO:0051607;GO:0042742;GO:0061702;GO:0050727;GO:0042981;GO:0043067",32547960,NA,NA,NA,NA,NA,NA
8299,"RAN-RANBP1 complex",2,2,100,"P43487, P62826","GO:0006913;GO:0005737",7882974,1.254,1.139,1.054,-1.037,-1.197,0.679
8300,"RAN-RANBP1-RCC1 complex",3,3,100,"P18754, P43487, P62826","GO:0000278",7882974,1.139,1.158,1.082,-1.037,-1.217,0.55
8301,"AIPL1 chaperone complex",4,2,50,"P07900, P0DMV8, P11142, Q9NZN9","GO:0061077;GO:0007601",18408180,-1.03,-1.178,-1.136,-1.211,-1.256,0.209
8305,"PP6 holoenzyme",8,5,62.5,"O00743, O15084, O75170, P78318, Q5H9R7, Q8N8A2, Q8NB46, Q9UPN7","GO:0007346",21187329,-1.008,-1.088,-1.051,-1.08,-1.124,0.921
8306,"Ragulator complex",3,2,66.67,"Q6IAA8, Q9UHA4, Q9Y2Q5","GO:0005765;GO:1904263;GO:0043408;GO:0071230",20381137,-1.095,-1.16,-1.112,-1.075,-1.057,0.976
8307,"Ragulator-Rag complex",5,2,40,"Q5VZM2, Q6IAA8, Q9NQL2, Q9UHA4, Q9Y2Q5","GO:0005765;GO:1904263;GO:0071230",20381137,-1.095,-1.16,-1.112,-1.075,-1.057,0.976
8310,"mTORC1-PRAS40 complex",4,1,25,"P42345, Q8N122, Q96B36, Q9BVC4","GO:0071230;GO:0032869;GO:0031931;GO:0038202;GO:0005764;GO:0001558;GO:0042127;GO:0006468;GO:0051726",17604271,NA,NA,NA,NA,NA,NA
8311,"NHEJ1-XRCC4 complex",2,1,50,"Q13426, Q9H9Q4","GO:0000724",22287571,NA,NA,NA,NA,NA,NA
8313,"PPP4C-PPP4R1 complex",2,2,100,"P60510, Q8TF05","GO:0004722",11729228,-1.071,-1.319,-1.402,-1.66,-1.882,0.208
8314,"PPP4C-PPP4R2-PPP4R3B complex",3,2,66.67,"P60510, Q5MIZ7, Q9NY27","GO:0006470;GO:0016791",18614045,1.006,-1.04,-1.019,-1.175,-1.166,1
8315,"PPP4C-PPP4R2-PPP4R3A complex",3,3,100,"P60510, Q6IN85, Q9NY27","GO:0016791;GO:0006470",18614045,-1.123,-1.082,-1.06,-1.237,-1.477,0.655
8316,"PPP4C-PPP4R4 complex",2,1,50,"P60510, Q6NUP7","GO:0005829;GO:0004722",18715871,NA,NA,NA,NA,NA,NA
8317,"AKT1-CDC37-CDK4-HSPA1A-HSP90AA1-NR3C1-PPP5C-RAF1-TSC1-TSC2 complex",10,6,60,"P04049, P04150, P07900, P0DMV8, P11802, P31749, P49815, P53041, Q16543, Q92574","None",29127155,-1.056,-1.202,-1.254,-2.473,-1.508,0.32
8318,"HSP90AA1-TSC1-TSC2 complex",3,1,33.33,"P07900, P49815, Q92574","None",29127155,NA,NA,NA,NA,NA,NA
8319,"PPP6C-TRIM14-WHIP complex",3,1,33.33,"O00743, Q14142, Q96S55","GO:0045087;GO:0002221;GO:0039535;GO:0005739",29053956,NA,NA,NA,NA,NA,NA
8320,"ANKRD28-PPP6C-PPP6R1 complex",3,2,66.67,"O00743, O15084, Q9UPN7","None",18186651,1.01,1.058,1.021,1.139,1.103,1
8321,"ANKRD44-PPP6C-PPP6R1 complex",3,3,100,"O00743, Q8N8A2, Q9UPN7","None",18186651,-1.026,1.302,1.593,1.603,1.763,0.52
8322,"ANKRD28-PPP6C-PPP6R3 complex",3,2,66.67,"O00743, O15084, Q5H9R7","None",18186651,-1.041,1.051,-1.006,1.08,1.051,1
8323,"ANKRD52-PPP6C-PPP6R1 complex",3,2,66.67,"O00743, Q8NB46, Q9UPN7","None",18186651,1.01,1.058,1.021,1.139,1.103,1
8324,"Ragulator complex",5,3,60,"O43504, Q0VGL1, Q6IAA8, Q9UHA4, Q9Y2Q5","GO:0006622;GO:1904263;GO:0071230;GO:0005085;GO:0005765",22980980,-1.069,-1.201,-1.162,-1.144,-1.091,0.307
8325,"Ragulator-Rag complex",7,3,42.86,"O43504, Q0VGL1, Q6IAA8, Q7L523, Q9HB90, Q9UHA4, Q9Y2Q5","GO:0071230;GO:0005765;GO:1904263",22980980,-1.069,-1.201,-1.162,-1.144,-1.091,0.307
8327,"mTORC2 complex (PROTOR1)",5,2,40,"P42345, P85299, Q6R327, Q9BPZ7, Q9BVC4","GO:0051897;GO:0006468;GO:0030307;GO:0031932;GO:0038203;GO:0007010",17461779,-1.273,1.049,-1.026,-1.083,1.172,1
8328,"mTORC2 complex (PROTOR2)",5,2,40,"P42345, Q6MZQ0, Q6R327, Q9BPZ7, Q9BVC4","GO:0051897;GO:0006468;GO:0030307;GO:0031932;GO:0038203;GO:0007010",17461779,-1.273,1.049,-1.026,-1.083,1.172,1
8331,"DLD-NFE2L1-RAN complex",3,2,66.67,"P09622, P62826, Q14494","GO:0009314",33508374,1.114,1.209,1.273,1.197,1.218,1
8333,"DNMT1-UHRF1-USP7 complex",3,2,66.67,"P26358, Q93009, Q96T88","GO:0010216;GO:0016570",29507645,-1.169,-1.908,-1.652,-2.754,-2.738,0.575
8335,"GNAI1-GNB1-GNGT1-NTS-NTSR1 complex",5,1,20,"P30989, P30990, P62873, P63096, P63211","GO:0007186",33633398,NA,NA,NA,NA,NA,NA
8336,"CAV1-OCLN-PDCD6IP complex",3,2,66.67,"Q03135, Q16625, Q8WUM4","GO:1903900",33058236,-1.074,-1.25,-1.365,-1.706,-1.962,0.373
8337,"GSK3B-SRPK1-WNK1 complex",3,3,100,"P49841, Q96SB4, Q9H4A3","GO:0006468;GO:0051169",33315986,1.121,1.197,1.1,1.083,1.266,0.982
8339,"ADCYAP1-GNAS-GNB1-GNGT1-VIPR1 complex",5,2,40,"P18509, P32241, P62873, P63092, P63211","None",32807782,-1.009,1.467,1.43,1.16,1.148,0.217
8340,"TTT complex",3,3,100,"O43156, Q6NXR4, Q9Y4R8","GO:0010212;GO:2001020;GO:1901976;GO:0072423",20810650,-1.158,-1.27,-1.669,-1.77,-28.237,0.797
8341,"RUVBL1-RUVBL2-DKC1 complex",3,3,100,"O60832, Q9Y230, Q9Y265","GO:1905323",18358808,-1.033,-1.005,-1.058,-1.17,-1.237,0.689
8342,"RUVBL1-RUVBL2-TERT complex",3,3,100,"O14746, Q9Y230, Q9Y265","GO:0016887;GO:1905323",18358808,-1.158,-1.794,-2.108,-2.468,-2.743,0.163
8343,"SMG1 complex",3,2,66.67,"Q8ND04, Q96Q15, Q9H0W8","GO:0004674;GO:2000622;GO:0005737",19417104,15.919,-1.163,14.897,16.456,1.003,1
8344,"RUVBL1-RUVBL2 complex",2,2,100,"Q9Y230, Q9Y265","GO:0005634;GO:0016887",10428817,-1.035,-1.015,-1.07,-1.183,-1.252,0.102
8347,"NOL11-UTP4-WDR43 complex",3,2,66.67,"Q15061, Q969X6, Q9H8H0","GO:0005730;GO:0007059",32479628,-1.316,-21.863,-1.352,-1.169,-1.24,1
8348,"AP1G1-LZTFL1-TFRC complex",3,3,100,"O43747, P02786, Q9NQ48","GO:0006886;GO:0048471",31895934,1.005,-1.212,-1.062,-1.235,-1.36,0.997
8349,"EGLN3-PKM complex",2,1,50,"P14618, Q9H6Z9","GO:0001666",31760602,NA,NA,NA,NA,NA,NA
8351,"ANXA2-MMP2-WFDC2 complex",3,1,33.33,"P07355, P08253, Q14508","GO:0016477",31210752,NA,NA,NA,NA,NA,NA
8354,"RHOH-CTNND1 complex",2,1,50,"O60716, Q15669","None",27574848,NA,NA,NA,NA,NA,NA
8355,"AP2-PICALM adaptor complex",4,4,100,"O95782, P63010, Q13492, Q96CW1","GO:0006914;GO:0072583;GO:0030119;GO:0038024",24067654,-1.008,-1.151,-1.206,-1.375,-1.398,0.114
8357,"DNAJB1-HSPA4-HSPA8 complex",3,3,100,"P11142, P25685, P34932","GO:0022411",26300264,-1.18,-1.489,-1.599,-1.749,-1.969,0.371
8358,"MDM2-RSL1D1-TP53 complex",3,1,33.33,"O76021, P04637, Q00987","GO:0008285",34362424,NA,NA,NA,NA,NA,NA
8359,"SMN1-TIMM50a complex",2,1,50,"Q16637, Q3ZCQ8-2","GO:0005634;GO:0051030;GO:0030532",16008839,NA,NA,NA,NA,NA,NA
8367,"PAIP1-YBX2 complex",2,1,50,"Q9H074, Q9Y2T7","GO:0008494",30295753,NA,NA,NA,NA,NA,NA
8369,"Spliceosome, C complex",39,30,76.92,"O15234, O43660, O60306, O60508, O75643, O75934, O95926, P08579, P09661, P14678, P38919, P41223, P61326, P62304, P62306, P62308, P62314, P62316, P62318, Q13427, Q13573, Q15029, Q6P2Q9, Q92620, Q96BP3, Q99459, Q9BW85, Q9BZJ0, Q9HCG8, Q9HCS7, Q9NW64, Q9NXE8, Q9P013, Q9ULR0, Q9UMS4, Q9UNP9, Q9UQ35, Q9Y3C6, Q9Y5S9","GO:0071013;GO:0000398",29301961,-1.147,1.047,-1.083,-1.261,-1.559,0.043
8370,"Spliceosome, pre-B complex",38,33,86.84,"O43172, O43395, O75533, O75643, O94906, O95777, P08579, P09661, P14678, P55769, P62304, P62306, P62308, P62310, P62312, P62314, P62316, P62318, P83876, Q12874, Q13435, Q15029, Q15393, Q15427, Q15428, Q15459, Q53GS9, Q6P2Q9, Q7RTV0, Q8WWY3, Q96DI7, Q9BUQ8, Q9BWJ5, Q9UK45, Q9Y333, Q9Y3B4, Q9Y4Y9, Q9Y4Z0","GO:0005681;GO:0000398",30315277,-1.058,1.075,1.005,-1.111,-1.376,0.024
8371,"Spliceosome, B complex",43,36,83.72,"O43172, O43290, O43395, O43447, O75533, O75554, O75643, O94906, O95777, P08579, P09661, P14678, P55081, P55769, P62304, P62306, P62308, P62310, P62312, P62314, P62316, P62318, P83876, Q12874, Q13435, Q15029, Q15393, Q15427, Q15428, Q15459, Q2TAY7, Q6P2Q9, Q7RTV0, Q8NAV1, Q8WWY3, Q96DI7, Q96NC0, Q9BZL1, Q9UK45, Q9Y333, Q9Y3B4, Q9Y4Y9, Q9Y4Z0","GO:0005681;GO:0000398",30315277,-1.072,1.066,1.01,-1.107,-1.35,0.025
8372,"Spliceosome, A complex",113,102,90.27,"A0A024RDW4, O14776, O15042, O43143, O43290, O43390, O43395, O43660, O43670, O43684, O43719, O60506, O60828, O75400, O75533, O75643, O75934, O75937, O75940, O94906, O95400, P07910, P08579, P08621, P09012, P09234, P09651, P09661, P11142, P14678, P17844, P22626, P26368, P35637, P38159, P49756, P51991, P52298, P52756, P61978, P62136, P62304, P62306, P62308, P62314, P62316, P62318, P62995, P67809, P84103, P98175, Q00839, Q01081, Q01130, Q07955, Q08170, Q08211, Q09161, Q12874, Q12905, Q12906, Q12972, Q13242, Q13243, Q13247, Q13435, Q14011, Q14498, Q15029, Q15287, Q15365, Q15393, Q15427, Q15428, Q15459, Q15637, Q15717, Q16629, Q6P2Q9, Q7L014, Q7RTV0, Q86VM9, Q86XP3, Q8IWX8, Q8IWZ8, Q8IX12, Q8IYB3, Q8N163, Q8N302, Q8WYA6, Q92733, Q92841, Q96I25, Q99459, Q99729, Q9BQ61, Q9BQI9, Q9BUJ2, Q9BUQ8, Q9BWJ5, Q9BXP5, Q9H307, Q9NQW1, Q9P013, Q9UHR5, Q9UHX1, Q9UKV3, Q9UMS4, Q9UQ35, Q9UQ88, Q9Y2W2, Q9Y3B4, Q9Y6A4","GO:0005681;GO:0000398",17332742,-1.048,1.069,-1.008,-1.163,-1.298,0.018
8375,"PRC1.1a complex",4,1,25,"Q06587, Q8N488, Q99496, Q9BSM1","GO:0006355;GO:0035102",22325352,NA,NA,NA,NA,NA,NA
8376,"PRC1.1b complex",4,1,25,"Q06587, Q8IY57, Q99496, Q9BSM1","GO:0006355;GO:0035102",22325352,NA,NA,NA,NA,NA,NA
8377,"PRC1.1c complex",9,3,33.33,"P63208, Q06587, Q5H9F3, Q6W2J9, Q8N488, Q8NHM5, Q93009, Q99496, Q9BSM1","GO:0006355;GO:0035102",22325352,1.106,1.114,1.068,-1.117,-1.165,0.212
8378,"PRC1.1d complex",9,3,33.33,"P63208, Q06587, Q5H9F3, Q6W2J9, Q8IY57, Q8NHM5, Q93009, Q99496, Q9BSM1","GO:0006355;GO:0035102",22325352,1.106,1.114,1.068,-1.117,-1.165,0.212
8379,"PRC1.2a complex",4,1,25,"P35227, Q06587, Q8N488, Q99496","GO:0006355;GO:0035102",22325352,NA,NA,NA,NA,NA,NA
8380,"PRC1.2b complex",4,1,25,"P35227, Q06587, Q8IY57, Q99496","GO:0006355;GO:0035102",22325352,NA,NA,NA,NA,NA,NA
8381,"PRC1.2c complex",11,1,9.09,"O00257, P35227, P78364, Q06587, Q14781, Q8IXK0, Q8NDX5, Q96GD3, Q99496, Q9HC52, Q9UN30","GO:0006355;GO:0035102",22325352,NA,NA,NA,NA,NA,NA
8382,"PRC1.3a complex",10,4,40,"P19784, P67870, P68400, Q06587, Q3KNV8, Q8N488, Q8WXX7, Q99496, Q9HAH7, Q9HCM7","GO:0006355;GO:0035102",22325352,-1.004,1.078,1.214,1.186,1.237,0.292
8383,"PRC1.3b complex",10,4,40,"P19784, P67870, P68400, Q06587, Q3KNV8, Q8IY57, Q8WXX7, Q99496, Q9HAH7, Q9HCM7","GO:0006355;GO:0035102",22325352,-1.004,1.078,1.214,1.186,1.237,0.292
8384,"PRC1.4a complex",4,1,25,"P35226, Q06587, Q8N488, Q99496","GO:0006355;GO:0035102",22325352,NA,NA,NA,NA,NA,NA
8385,"PRC1.4b complex",4,1,25,"P35226, Q06587, Q8IY57, Q99496","GO:0006355;GO:0035102",22325352,NA,NA,NA,NA,NA,NA
8386,"PRC1.4c complex",11,1,9.09,"O00257, O95503, P35226, P78364, Q06587, Q14781, Q8IXK0, Q8NDX5, Q96GD3, Q99496, Q9HC52","GO:0006355;GO:0035102",22325352,NA,NA,NA,NA,NA,NA
8387,"PRC1.5a complex",10,4,40,"P19784, P67870, P68400, Q06587, Q86SE9, Q8N488, Q8WXX7, Q99496, Q9HAH7, Q9HCM7","GO:0006355;GO:0035102",22325352,-1.004,1.078,1.214,1.186,1.237,0.292
8388,"PRC1.5c",10,4,40,"P19784, P67870, P68400, Q06587, Q86SE9, Q8IY57, Q8WXX7, Q99496, Q9HAH7, Q9HCM7","GO:0006355;GO:0035102",22325352,-1.004,1.078,1.214,1.186,1.237,0.292
8389,"PRC1.6a complex",13,5,38.46,"O75461, P61244, P61964, Q06587, Q13185, Q13547, Q14186, Q8IWI9, Q8N488, Q92769, Q969R5, Q99496, Q9BYE7","GO:0006355;GO:0035102",22325352,1.077,1.14,1.077,-1.112,-1.333,0.096
8390,"PRC1.6b complex",13,5,38.46,"O75461, P61244, P61964, Q06587, Q13185, Q13547, Q14186, Q8IWI9, Q8IY57, Q92769, Q969R5, Q99496, Q9BYE7","GO:0006355;GO:0035102",22325352,1.077,1.14,1.077,-1.112,-1.333,0.096
8391,"Spliceosome, E complex",129,108,83.72,"O00148, O14497, O14893, O15042, O43143, O43172, O43290, O43390, O43395, O43447, O43719, O43809, O60506, O75400, O75526, O75533, O75643, O75934, O75937, O94906, O95104, O95232, O96019, P07910, P08579, P08621, P09012, P09234, P09651, P09661, P14678, P14866, P17844, P22626, P26368, P28370, P31943, P35637, P42285, P49756, P51531, P51532, P52272, P52298, P52597, P57678, P61978, P62304, P62306, P62308, P62314, P62316, P62318, P67809, P84103, P98175, Q00839, Q01081, Q01130, Q05519, Q07955, Q08170, Q08211, Q09161, Q10570, Q12824, Q12872, Q12874, Q13151, Q13243, Q13247, Q13435, Q13838, Q14103, Q14498, Q14839, Q15020, Q15029, Q15365, Q15366, Q15393, Q15427, Q15428, Q15459, Q15637, Q16629, Q16630, Q16637, Q53GS9, Q562R1, Q68CP9, Q6NZY4, Q6P2Q9, Q7L014, Q7RTV0, Q86U86, Q86V81, Q8IWX8, Q8N684, Q8NFD5, Q8TAQ2, Q8TEQ6, Q8WWY3, Q8WXA9, Q8WXD5, Q92841, Q92922, Q92945, Q969G3, Q96DI7, Q96GM5, Q96I25, Q9BRL6, Q9BTD8, Q9BUQ8, Q9BXP5, Q9HCK8, Q9NWZ8, Q9UHI6, Q9UHX1, Q9UMS4, Q9UQ35, Q9Y230, Q9Y265, Q9Y383, Q9Y3B4, Q9Y3F4, Q9Y4Z0, Q9Y580","GO:0000398;GO:0005681",22110043,-1.06,1.051,-1.028,-1.232,-1.515,0.009
8402,"MAP3K7-TAB2 complex",2,1,50,"O43318, Q9NYJ8","GO:0043085;GO:0008047;GO:0006468",15125833,NA,NA,NA,NA,NA,NA
8405,"GID/CTLH ubiquitin E3 ligase complex",10,4,40,"P62699, Q6VN20, Q7L5Y9, Q8IUR7, Q8IVV7, Q96S59, Q9H7D7, Q9H871, Q9NWU2, Q9UL63","GO:0010499;GO:0016567;GO:0000151;GO:0061630;GO:0001558",29911972,1.07,-1.338,-5.993,-1.311,-1.149,0.765
8406,"GID/CTLH ubiquitin E3 ligase complex",10,4,40,"P62699, Q6VN20, Q7L5Y9, Q8IUR7, Q8IVV7, Q96G75, Q96S59, Q9H7D7, Q9NWU2, Q9UL63","GO:0016567;GO:0000151;GO:0061630;GO:0010499",29911972,1.07,-1.338,-5.993,-1.311,-1.149,0.765
8408,"CSK-HSP90AA1-HSPA8 complex",3,3,100,"P07900, P11142, P41240","GO:0090331",33887528,-1.013,-1.138,-1.116,-1.174,-1.24,0.216
8409,"CSNK1A1-CSNK1E-NR3C2 complex",3,2,66.67,"P08235, P48729, P49674","GO:0031959",34847273,1.009,-1.186,-1.073,-1.075,-1.096,0.493
8410,"MAGEA3-MAGEC2-TRIM28 complex",3,1,33.33,"P43357, Q13263, Q9UBF1","GO:0000151;GO:0006511",28394358,NA,NA,NA,NA,NA,NA
8412,"CDC42-FCHSD2-WASL complex",3,2,66.67,"O00401, O94868, P60953","GO:0060491",34520816,-1.002,1.117,1.075,-1.077,-1.192,1
8417,"SOX9-TRAP complex",12,1,8.33,"O60244, O75448, O75586, P24863, P48436, Q15648, Q71SY5, Q93074, Q9NVC6, Q9UHV7, Q9Y2W1, Q9Y2X0","GO:0006355",12136106,NA,NA,NA,NA,NA,NA
8419,"MAGEA2-TRIM28 complex",2,1,50,"P43356, Q13263","GO:0006511;GO:0005634;GO:0000151",20864041,NA,NA,NA,NA,NA,NA
8420,"Cohesin complex, incomplete (USP13, SMC3, STAG2)",3,3,100,"Q8N3U4, Q92995, Q9UQE7","GO:0016579;GO:0016567",33334891,-1.105,1.008,-1.189,-1.619,-1.819,0.052
8424,"MAGEA3-TRIM28 complex",2,1,50,"P43357, Q13263","GO:0006511;GO:0000151",20864041,NA,NA,NA,NA,NA,NA
8425,"MAGEA6-TRIM28 complex",2,1,50,"P43360, Q13263","GO:0006511;GO:0000151",20864041,NA,NA,NA,NA,NA,NA
8426,"MAGEC2-TRIM28 complex",2,1,50,"Q13263, Q9UBF1","GO:0005634;GO:0006511;GO:0000151",20864041,NA,NA,NA,NA,NA,NA
8427,"MAGED1-PJA1 complex",2,1,50,"Q8NG27, Q9Y5V3","GO:0000151",20864041,NA,NA,NA,NA,NA,NA
8435,"TLR3 signaling complex",4,1,25,"O15455, O43318, Q9NYJ8, Q9Y4K3","GO:0045087;GO:0043331;GO:0034138;GO:0043410;GO:0031347;GO:0051092;GO:0002221;GO:0002224",12609980,NA,NA,NA,NA,NA,NA
8438,"IRAK1-TOLLIP complex, unstimulated",2,1,50,"P51617, Q9H0E2","GO:0070498;GO:0006955;GO:0045087;GO:0006952",10854325,NA,NA,NA,NA,NA,NA
8439,"IL1R1-IL1RAP-IRAK1-MYD88-TOLLIP complex",5,1,20,"P14778, P51617, Q99836, Q9H0E2, Q9NPH3","GO:0070498;GO:0006955;GO:0051092;GO:0006952;GO:0019221;GO:0050727;GO:0070555;GO:0045087",10854325,NA,NA,NA,NA,NA,NA
8441,"CCR4-NOT-TOB1 complex",8,4,50,"A5YKK6, O75175, P50616, Q92600, Q96LI5, Q9H9A5, Q9NZN8, Q9UIV1","GO:0006355;GO:0000288",18377426,1.335,-1.06,-1.112,1.042,-1.033,0.276
8445,"CBL-EGFR-VAV2 complex",3,2,66.67,"P00533, P22681, P52735","GO:0007165;GO:0016567;GO:0034334",20940296,-1.029,-1.133,-1.072,-1.192,-19.181,1
8448,"CUL3-KBTBD6 complex",2,1,50,"Q13618, Q86V97","GO:0016567",25684205,NA,NA,NA,NA,NA,NA
8449,"CUL3-KBTBD7 complex",2,1,50,"Q13618, Q8WVZ9","GO:0016567",25684205,NA,NA,NA,NA,NA,NA
8450,"AP-3-KIF3A-RAB4A-RBSN complex",5,2,40,"O14617, P20338, Q92572, Q9H1K0, Q9Y496","None",30154210,1.014,1.08,-1.007,-1.131,-1.116,0.912
8452,"SBNO1-TEAD4-YAP1 complex",3,1,33.33,"A3KN83, P46937, Q15561","GO:0009790",28401892,NA,NA,NA,NA,NA,NA
8456,"ALYREF-DDX39B-SARNP complex",3,3,100,"P82979, Q13838, Q86V81","GO:0006406",20844015,-1.083,1.185,1.141,1.075,-1.021,0.296
8457,"AREX complex",2,2,100,"O00148, P82979","GO:0006406",20573985,-1.094,1.017,-1.15,-1.403,-1.432,0.715
8458,"TANK-USP10-ZC3H12A complex",3,1,33.33,"Q14694, Q5D1E8, Q92844","GO:0016579;GO:0006974",25861989,NA,NA,NA,NA,NA,NA
8460,"HNRNPL-SETD2 complex",2,1,50,"P14866, Q9BYW2","GO:0097198",19332550,NA,NA,NA,NA,NA,NA
8463,"BRISC complex",4,4,100,"P46736, Q15018, Q9NWV8, Q9NXR7","GO:0016579",19214193,1.11,1.156,1.198,1.246,1.177,1
8468,"DNAJB9-DNAJC10-TMEM67 complex",3,1,33.33,"Q5HYA8, Q8IXB1, Q9UBS3","GO:0036503;GO:0005783",19815549,NA,NA,NA,NA,NA,NA
8470,"Distal appendage",12,1,8.33,"O15078, O43303, Q4AC94, Q5BJF6, Q5TB80, Q8IW35, Q8TES7, Q96NL6, Q96ST8, Q9UPV0, Q9Y3M2, Q9Y592","GO:0060271;GO:0097539",29789620,NA,NA,NA,NA,NA,NA
8473,"NMNAT1-RRP8-SIRT1 complex",3,1,33.33,"O43159, Q96EB6, Q9HAN9","GO:0009303",23737528,NA,NA,NA,NA,NA,NA
8474,"METTL3-METTL14 complex",2,1,50,"Q86U44, Q9HCE5","GO:0001510;GO:0005634",24316715,NA,NA,NA,NA,NA,NA
8476,"DRG1-ZC3H15 complex",2,2,100,"Q8WU90, Q9Y295","None",19819225,1.023,-1.083,-1.074,-1.011,-1.055,0.39
8477,"DRG2-RWDD1 complex",2,1,50,"P55039, Q9H446","None",19819225,NA,NA,NA,NA,NA,NA
8489,"TFG-TRAF3 complex",2,1,50,"Q13114, Q92734","GO:0045087;GO:0051607;GO:0006888;GO:0016192",33411856,NA,NA,NA,NA,NA,NA
8490,"MAVS-TRAF3-TBK1-TFG complex",4,3,75,"Q13114, Q7Z434, Q92734, Q9UHD2","GO:0051607;GO:0045087;GO:0032479",33411856,-1.062,1.125,1.083,1,-1.071,0.299
8495,"CUL2-ZER1 complex",2,1,50,"Q13617, Q7Z7L7","None",17304241,NA,NA,NA,NA,NA,NA
8497,"ZFAND2B complex",7,7,100,"P46379, P55072, Q8TAT6, Q8WV99, Q92890, Q96CS3, Q9BUN8","GO:0005783;GO:0045047",24160817,-1.013,1.031,1.076,1.178,1.279,0.322
8510,"CUL2-PTCH1-TCEB1-TCEB2-ZYG11B complex",5,3,60,"Q13617, Q13635, Q15369, Q15370, Q9C0D3","GO:0007224",26885983,-1.086,-1.131,-1.27,-1.239,-1.278,0.706
8513,"ATRX-SETDB1-TRIM28-ZNF274 complex",4,2,50,"P46100, Q13263, Q15047, Q96GC6","GO:1900112;GO:0006355",27029610,-1.091,1.251,-1.048,-1.468,-1.637,0.087
8523,"TBK1-TRAF3 complex",2,1,50,"Q13114, Q9UHD2","GO:0045087;GO:0051607;GO:0032481;GO:0039529;GO:0002221;GO:0019048",18614628,NA,NA,NA,NA,NA,NA
8525,"PBX1-PBXIP1 complex",2,1,50,"P40424, Q96AQ6","GO:0003714",10825160,NA,NA,NA,NA,NA,NA
8530,"STING1-TBK1-TRAF3 complex",3,2,66.67,"Q13114, Q86WV6, Q9UHD2","GO:0051607;GO:0032481;GO:0045087;GO:0039529;GO:0002221;GO:0019048",24622840,-1.096,-1.076,-1.034,-1.148,-1.247,0.567
8533,"SNARE complex (SNAP23, STX4, VAMP8)",3,2,66.67,"O00161, Q12846, Q9BV40","GO:0016079;GO:0048489;GO:0006906;GO:0031201;GO:0061025",12130530,-1.068,1.117,1.017,-1.134,-1.291,0.619
8536,"ANKRD1-NFKB1 complex",2,1,50,"P19838, Q15327","GO:0019221;GO:0045087;GO:1901222",29371118,NA,NA,NA,NA,NA,NA
8537,"ISGF3 complex",3,2,66.67,"P42224, P52630, Q00978","GO:0051607;GO:0045087;GO:0006954;GO:0005634;GO:0045893;GO:0071357;GO:0035455;GO:0007259;GO:0019048",7537377,1.169,1.227,1.278,1.026,-1.006,1
8540,"TANK-TBK1-TRAF3 complex",3,1,33.33,"Q13114, Q92844, Q9UHD2","GO:0032496;GO:0045087;GO:0042742",17823124,NA,NA,NA,NA,NA,NA
8541,"IKBKE-TBK1 complex",2,1,50,"Q14164, Q9UHD2","GO:0045087;GO:0051607;GO:0039529;GO:0002221;GO:0032481;GO:0019048",19380580,NA,NA,NA,NA,NA,NA
8543,"Centriolar subdistal appendage",7,3,42.86,"O00139, Q14203, Q5BJF6, Q5SW79, Q6ZU80, Q7Z7A1, Q8N4C6","GO:0060271;GO:0007224",27818179,-1.08,-1.111,-1.162,-1.116,-1.011,0.655
8544,"TANK-TBK1-IRF3 complex",3,1,33.33,"Q14653, Q92844, Q9UHD2","GO:0060338;GO:0051607;GO:0032606",17327220,NA,NA,NA,NA,NA,NA
8546,"ITGA4-ITGB7 complex",2,1,50,"P13612, P26010","GO:0008305;GO:0007155",1542691,NA,NA,NA,NA,NA,NA
8547,"IKBKE-TANK-TBK1-TRAF3 complex",4,1,25,"Q13114, Q14164, Q92844, Q9UHD2","GO:0051607;GO:0045087;GO:0002221;GO:0032481;GO:0043331;GO:0039529;GO:0019048",19380580,NA,NA,NA,NA,NA,NA
8548,"ITGA3-ITGB5 complex",2,2,100,"P18084, P26006","GO:0008305;GO:0007155",16878156,1.099,1.275,1.077,-1.354,-1.688,0.296
8549,"ITGA3-ITGB4 complex",2,1,50,"P16144, P26006","GO:0008305;GO:0007155",16878156,NA,NA,NA,NA,NA,NA
8550,"DDX58-MAP3K14-MAVS complex",3,1,33.33,"O95786, Q7Z434, Q99558","GO:0045087;GO:0051607;GO:0002221;GO:0039529;GO:0051092;GO:0043331;GO:0032481",18550535,NA,NA,NA,NA,NA,NA
8551,"DDX58-MAVS complex",2,1,50,"O95786, Q7Z434","GO:0051607;GO:0045087;GO:0043331;GO:0039529;GO:0032481;GO:0002221;GO:0051092;GO:0019048",35075101,NA,NA,NA,NA,NA,NA
8552,"IFI16-H2B-BRCA1 complex",3,1,33.33,"P38398, Q16666, Q8N257","GO:0051607;GO:0045087;GO:0005634;GO:0005737;GO:0045893;GO:0032481;GO:1990784;GO:0032728",27764250,NA,NA,NA,NA,NA,NA
8553,"IFI16-BRCA1 complex",2,2,100,"P46736, Q16666","GO:0045087;GO:0051607;GO:1990784;GO:0005634;GO:0060338",26121674,1.087,1.33,1.209,-1.009,1.015,1
8555,"TIM22 core complex (AGK, TIMM22, TIMM29), mitochondrial",3,1,33.33,"Q53H12, Q9BSF4, Q9Y584","GO:0071806;GO:0005743;GO:0042721;GO:0005739;GO:0006626;GO:0006839",33125709,NA,NA,NA,NA,NA,NA
8556,"Small TIM chaperone complex (TIMM9, TIMM10, TIMM10B), mitochondrial",3,1,33.33,"P62072, Q9Y5J6, Q9Y5J7","GO:0042719;GO:0005758;GO:0006839",33125709,NA,NA,NA,NA,NA,NA
8557,"TIM22 holo-complex (AGK, TIMM9, TIMM10, TIMM10B, TIMM22, TIMM29), mitochondrial",6,2,33.33,"P62072, Q53H12, Q9BSF4, Q9Y584, Q9Y5J6, Q9Y5J7","GO:0005743;GO:0042721;GO:0042719;GO:0005758;GO:0005739;GO:0006626;GO:0015031;GO:0006839",33125709,1.032,1.235,1.499,1.251,1.399,0.109
8560,"Pericentrin complex",5,1,20,"O95613, Q13099, Q13563, Q8IY31, Q9NWB7","GO:0036064;GO:0060271",15337773,NA,NA,NA,NA,NA,NA
8561,"TNFR1 signaling complex, TNF-induced",24,7,29.17,"O14920, O15111, O43318, O43464, P01375, P19438, P21580, Q12933, Q13489, Q13490, Q13546, Q14164, Q15025, Q15628, Q8NFZ5, Q92844, Q96EP0, Q9BYM8, Q9H0F6, Q9NQC7, Q9NYJ8, Q9UHD2, Q9UM82, Q9Y6K9","GO:0016567;GO:0010803;GO:0060548;GO:0050727;GO:0034612",30420664,1.022,-1.042,-1.071,-1.201,-1.249,0.151
8563,"COA3-HSPA9-TIMM44-TIM23(sort) complex, mitochondrial",8,4,50,"O14925, O43615, P38646, P60602, Q3ZCQ8, Q99595, Q9BVV7, Q9Y2R0","GO:0005744;GO:0031072;GO:0001405;GO:0005743;GO:0005739;GO:0006626;GO:0006839",30598479,-1.092,1.15,1.228,1.302,1.395,0.044
8564,"IKBKG-MAVS-TBK1 complex",3,3,100,"Q7Z434, Q9UHD2, Q9Y6K9","GO:0051607;GO:0045087;GO:0002221;GO:0039529;GO:0032481;GO:0009615",23028469,-1.081,1.125,1.11,-1.014,-1.107,0.723
8565,"IKBKE-IRF3-TANK-TBK1 complex",4,1,25,"Q14164, Q14653, Q92844, Q9UHD2","GO:0051607;GO:0045087;GO:0002221;GO:0039529;GO:0032481;GO:0019048",28487378,NA,NA,NA,NA,NA,NA
8566,"TIM23(sort) complex (ROMO1, TIMM17A, TIMM21, TIMM23, TIMM50), mitochondrial",5,1,20,"O14925, P60602, Q3ZCQ8, Q99595, Q9BVV7","GO:0005744;GO:0015031;GO:0005743;GO:0005739;GO:0006626;GO:0006839",30598479,NA,NA,NA,NA,NA,NA
8567,"TAK1-TAB1-TAB3 complex",3,2,66.67,"O43318, Q15750, Q8N5C8","GO:0034612;GO:0070555;GO:0050727",14670075,1.088,-1.06,-1.139,-1.274,-1.348,0.502
8568,"MAVS-TRADD complex",2,1,50,"Q15628, Q7Z434","GO:0051607;GO:0045087;GO:0051092;GO:0032728;GO:0032481;GO:0002221;GO:0039529",18439848,NA,NA,NA,NA,NA,NA
8569,"MITRAC complex, mitochondrial",14,5,35.71,"P00395, P00403, P00414, P09669, P13073, P20674, Q15526, Q7KZN9, Q7Z7K0, Q96I36, Q9BVV7, Q9GZY4, Q9P0S2, Q9Y2R0","GO:0098798;GO:0033617;GO:0032543;GO:0033108;GO:0022904;GO:0005739",23260140,1.048,1.284,1.168,-1.026,-1.051,0.222
8570,"FADD-MAVS-RIPK1 complex",3,1,33.33,"Q13158, Q13546, Q7Z434","GO:0051607;GO:0032728;GO:0032481;GO:0045087;GO:0039529;GO:0051092;GO:0002221;GO:0043331",16127453,NA,NA,NA,NA,NA,NA
8576,"NDC80-ZW10-ZWINT complex",3,1,33.33,"O14777, O43264, O95229","GO:0007059;GO:0051315;GO:0000776",16732327,NA,NA,NA,NA,NA,NA
8577,"NBAS-RINT1-ZW10-ZWILCH complex",4,2,50,"A2RRP1, O43264, Q6NUQ1, Q9H900","GO:0006890",20462495,1.018,-1.153,-1.17,-1.192,-1.197,1
8578,"RAB3IP-TRAPP II complex",12,1,8.33,"O43617, O75865, P0DI81, P48553, Q86SZ2, Q8IUR0, Q8WVR3, Q96Q05, Q96QF0, Q9UL33, Q9Y296, Q9Y5R8","GO:0060271;GO:0046907",31467083,NA,NA,NA,NA,NA,NA
8579,"Metaxin complex (MTX1, MTX2), mitochondrial",2,2,100,"O75431, Q13505","GO:0008308;GO:0005741;GO:0017038",17510655,1.044,1.196,1.134,1.051,-17.667,1
8580,"DDX3-IKBKE-IRF3 complex",3,1,33.33,"O00571, Q14164, Q14653","GO:0045087;GO:0002221;GO:0051607;GO:0032481;GO:0032648;GO:0039529",23478265,NA,NA,NA,NA,NA,NA
8581,"IKBKE-MAVS-TRAF3 complex",3,1,33.33,"Q13114, Q14164, Q7Z434","GO:0032481;GO:0043331;GO:0051607;GO:0002221;GO:0045087;GO:0039529",21200404,NA,NA,NA,NA,NA,NA
8582,"DDX58-TRIM25-YWHAE complex",3,2,66.67,"O95786, P62258, Q14258","GO:0002221;GO:0045087;GO:0039529;GO:0051607;GO:0006612;GO:0032481;GO:0016567",22607805,-1.009,-1.011,-1.058,-1.205,-1.271,1
8585,"MICOS subcomplex (APOO, IMMT), mitochondrial",2,1,50,"Q16891, Q9BUR5","GO:0061617;GO:0042407",25781180,NA,NA,NA,NA,NA,NA
8586,"ILF3-RAN-XPO5-ZNF346 complex",4,3,75,"P62826, Q12906, Q9HAV4, Q9UL40","GO:0006611;GO:0006405;GO:0005737;GO:0005634",15254228,1.106,1.061,1.023,-1.031,-1.097,0.791
8587,"Mitofilin complex, mitochondrial",7,6,85.71,"O75431, Q13505, Q16891, Q9BRQ6, Q9NVH1, Q9NX63, Q9Y512","GO:0005743;GO:0005741;GO:0017038;GO:0006626;GO:0005739;GO:0006839",17624330,-1.073,1.197,1.245,1.14,-1.142,0.425
8588,"DDX58-MAVS-STING1 complex",3,2,66.67,"O95786, Q7Z434, Q86WV6","GO:0045087;GO:0002221;GO:0051607;GO:0032728;GO:0032481;GO:0039529",18818105,-1.096,-1.015,1.064,-1.082,-1.224,0.999
8590,"MIA complex (AIFM1, CHCHD4), mitochondrial",2,1,50,"O95831, Q8N4Q1","GO:0033108;GO:0045041;GO:0005758;GO:0006457;GO:0006839;GO:0005739;GO:0006626",26004228,NA,NA,NA,NA,NA,NA
8591,"CTBP2-FOXP3-HDAC1 complex",3,1,33.33,"P56545, Q13547, Q9BZS1","GO:1902894;GO:0050729;GO:0002221;GO:0031334;GO:0045088;GO:1904784",31754335,NA,NA,NA,NA,NA,NA
8593,"NLRP1 inflammasome",3,1,33.33,"P29466, Q9C000, Q9ULZ3","GO:0051607;GO:0045087;GO:0072558;GO:0002221;GO:0050729;GO:0032731;GO:0032496;GO:0042742;GO:0061702;GO:0140639;GO:0140447",17349957,NA,NA,NA,NA,NA,NA
8596,"EIF4E2-GIGYF2-ZNF598 complex",3,3,100,"O60573, Q6Y7W6, Q86UK7","GO:0017148;GO:0009790",22751931,-1.152,-1.246,-1.204,-1.127,-1.167,0.727
8597,"KPNB1-SMN1-SNUPN-ZRP1 complex",4,4,100,"O75312, O95149, Q14974, Q16637","GO:0005737;GO:0006404;GO:0005634",12095920,-1.023,-1.234,-1.332,-1.44,-1.609,0.106
8601,"DYRK1B-RANBP9 complex",2,1,50,"Q96S59, Q9Y463","GO:0006355;GO:0030334",14500717,NA,NA,NA,NA,NA,NA
8602,"ENTR1-GIT1-PTPN13 complex",3,1,33.33,"Q12923, Q96C92, Q9Y2X7","GO:0000910",23108400,NA,NA,NA,NA,NA,NA
8607,"CXCR4-GDF5-HSPA8-HSP90AA1 complex",4,2,50,"P07900, P11142, P43026, P61073","GO:0007165;GO:0001530",11276205,-1.03,-1.178,-1.136,-1.211,-1.256,0.209
8611,"SUG1-NLRC4-CASP8 complex",3,1,33.33,"P62195, Q14790, Q9NPP4","GO:0016567;GO:0043065",20085538,NA,NA,NA,NA,NA,NA
8612,"NLRP3 inflammasome",3,1,33.33,"P29466, Q96P20, Q9ULZ3","GO:0042742;GO:0050832;GO:0051607;GO:0045087;GO:0002221;GO:0072559;GO:0050729;GO:0032731;GO:0000302;GO:0043331;GO:0061702;GO:0032741;GO:0140447;GO:0019048",24630722,NA,NA,NA,NA,NA,NA
8613,"TRAPP III complex",12,2,16.67,"A5PLN9, O43617, O75865, P0DI81, Q7Z392, Q86SZ2, Q8IUR0, Q8WVT3, Q9UL33, Q9Y296, Q9Y2L5, Q9Y5R8","GO:0034976;GO:0006915;GO:0006914",28536105,-1.093,15.406,14.333,-1.337,-1.224,1
8616,"SRI complex",2,1,50,"Q9BZH6, Q9HAS0","GO:0009407;GO:0006914",23394947,NA,NA,NA,NA,NA,NA
8622,"Apoptosis- and splicing-associated protein complex (SAP18, RNPS1, Acinus-L)",3,2,66.67,"O00422, Q15287, Q9UKV3-1","GO:0006915;GO:0006397;GO:0000398;GO:0005634",12665594,-21.953,-1.046,1.058,-1.242,-1.088,1
8623,"Rixosome",7,6,85.71,"Q5SY16, Q8IZL8, Q9BV38, Q9H4L4, Q9NU22, Q9NXF1, Q9Y4W2","GO:0010629;GO:0005634;GO:0006364",35355014,-1.008,1.286,1.194,1.116,1.038,0.189
8627,"CD44-ERBB2-GRB2-VAV2 complex",4,3,75,"P04626, P16070, P52735, P62993","GO:0007265;GO:0016477;GO:0016049",11606575,1.092,1.2,1.377,1.456,1.797,0.769
8629,"RAB11A-RAB11FIP5-SLAMF1 complex",3,1,33.33,"P62491, Q13291, Q9BXF6","GO:0002221;GO:0045087;GO:0042742;GO:0032728;GO:0032481;GO:0034143;GO:0060627;GO:2001135;GO:0034127;GO:0016192",29440514,NA,NA,NA,NA,NA,NA
8630,"VPS34-VPS15-BECLIN1-SLAMF1 complex",4,2,50,"Q13291, Q14457, Q8NEB9, Q99570","GO:0045087;GO:0002221;GO:0042742;GO:0090382;GO:0014068;GO:0032930;GO:0050766",20818396,-1.301,-1.405,-1.491,-1.706,-1.795,0.734
8632,"VPS34-VPS15-BECLIN1-UVRAG-SLAMF1 complex",5,2,40,"Q13291, Q14457, Q8NEB9, Q99570, Q9P2Y5","GO:0090382;GO:0042742;GO:0002221;GO:0045087;GO:0014068;GO:0032930;GO:0050766",22493499,-1.301,-1.405,-1.491,-1.706,-1.795,0.734
8634,"mTRAPP II complex",10,1,10,"O43617, O75865, P0DI81, P48553, Q86SZ2, Q8IUR0, Q96Q05, Q9UL33, Q9Y296, Q9Y5R8","GO:0099022;GO:0060271",23394947,NA,NA,NA,NA,NA,NA
8635,"mTRAPP III complex",12,2,16.67,"A5PLN9, O43617, O75865, P0DI81, Q7Z392, Q86SZ2, Q8IUR0, Q8WVT3, Q9UL33, Q9Y296, Q9Y2L5, Q9Y5R8","GO:0099022",23394947,-1.093,15.406,14.333,-1.337,-1.224,1
8642,"CDC37-HSP90AA1-MAPK1-MAPK3-MAPK11 complex",5,4,80,"P07900, P27361, P28482, Q15759, Q16543","GO:0004672;GO:0048240",33663544,-1.059,-1.101,-1.145,-1.262,-1.322,0.059
8643,"ABCB11-CHMP5 complex",2,1,50,"O95342, Q9NZZ3","GO:0015125;GO:0015432;GO:0015721",33750401,NA,NA,NA,NA,NA,NA
8644,"DTNBP1 (splice variant 1A)-PRKDC-XRCC5-XRCC6 complex",4,3,75,"P12956, P13010, P78527, Q96EV8-1","GO:0006355",19142223,1.024,1.214,1.141,1.021,-1.127,0.098
8647,"GRB2-PTPN6-SOS1 complex",3,1,33.33,"P29350, P62993, Q07889","GO:0045931",8632004,NA,NA,NA,NA,NA,NA
8649,"GRB2-MED28-NF2 complex",3,1,33.33,"P35240, P62993, Q9H204","GO:0005856;GO:0007166",15467741,NA,NA,NA,NA,NA,NA
8654,"GRB2-p36/p38-PLCG1-SOS1-ZAP70 complex",4,2,50,"P19174, P43403, P62993, Q07889","GO:0050852",7629168,1.021,1.055,1.132,1.07,1.103,1
8659,"COP I-TRAPP II-RAB18 complex",7,3,42.86,"O43617, P0DI81, P48553, Q86SZ2, Q96Q05, Q9NP72, Q9Y678","GO:0055088;GO:0016042",28003315,-1.014,-1.191,-1.352,-1.486,-1.491,0.218
8660,"APP-TIMM23-TOMM40 supercomplex, mitochondrial",3,2,66.67,"O14925, O96008, P05067","GO:0006886;GO:0005739;GO:0015031;GO:0005741;GO:0005743",16943564,1.065,1.38,1.546,1.69,1.765,0.819
8661,"HNRNPD (p42)-PIN1 complex",2,1,50,"Q13526, Q14103-2","GO:0005125;GO:0005737;GO:0032604",16273101,NA,NA,NA,NA,NA,NA
8662,"HNRNPD (p40)-PIN1 complex",2,1,50,"Q13526, Q14103-3","GO:0005125;GO:0005737;GO:0032604",16273101,NA,NA,NA,NA,NA,NA
8663,"HNRNPD (p37)-PIN1 complex",2,1,50,"Q13526, Q14103-4","GO:0005125;GO:0005737;GO:0032604",16273101,NA,NA,NA,NA,NA,NA
8664,"KPNA2-NUP50 complex",2,1,50,"P52292, Q9UKX7-1","GO:0006606;GO:0005634",20016008,NA,NA,NA,NA,NA,NA
8665,"KPNA2-NUP50 complex",2,1,50,"P52292, Q9UKX7-2","GO:0006606;GO:0005634",20016008,NA,NA,NA,NA,NA,NA
8666,"KPNA4-KPNB1 complex",2,2,100,"O00629, Q14974","GO:0006606;GO:0005737;GO:0005634",10523667,-1.068,-1.239,-1.249,-1.198,-1.301,0.298
8667,"KPNA3-KPNB1 complex",2,2,100,"O00505, Q14974","GO:0006606;GO:0005737;GO:0005634",10523667,-1.016,-1.195,-1.289,-1.283,-1.354,0.09
8668,"KPNA1-KPNB1 complex",2,2,100,"P52294, Q14974","GO:0006606;GO:0005737;GO:0005634",10523667,-1.015,-1.13,-1.205,-1.154,-1.209,0.831
8669,"KPNA6-KPNB1 complex",2,2,100,"O60684, Q14974","GO:0006606;GO:0005737;GO:0005634",10523667,1.03,-1.108,-1.123,-1.109,-1.222,0.238
8670,"CSE1L-KPNA4-RAN complex",3,3,100,"O00629, P55060, P62826","GO:0005737;GO:0005634;GO:0006611",10523667,1.029,-1.034,-1.098,-1.188,-1.331,0.853
8671,"CSE1L-KPNA3-RAN complex",3,3,100,"O00505, P55060, P62826","GO:0005737;GO:0005634;GO:0006611",10523667,1.014,-1.067,-1.182,-1.307,-1.432,0.201
8672,"CSE1L-KPNA1-RAN complex",3,3,100,"P52294, P55060, P62826","GO:0005737;GO:0005634;GO:0006611",10523667,1.083,1.04,-1.055,-1.147,-1.263,0.943
8673,"CSE1L-KPNA6-RAN complex",3,3,100,"O60684, P55060, P62826","GO:0005737;GO:0005634;GO:0006611",10523667,1.065,1.008,-1.042,-1.141,-1.293,0.296
8674,"Nuclear pore complex",31,25,80.65,"O15504, O75694, P12270, P35658, P37198, P49790, P49792, P52948, P55735, P57740, P78406, Q12769, Q53GS7, Q5SRE5, Q7Z3B4, Q8N1F7, Q8NFH3, Q8NFH4, Q8NFH5, Q8TEM1, Q8WUM0, Q8WYP5, Q92621, Q96EE3, Q96HA1, Q99567, Q9BTX1, Q9BVL2, Q9BW27, Q9NRG9, Q9UKX7","GO:0051169;GO:0005635",23511206,-1.059,1.052,-1.023,-1.197,-1.542,0.013
8675,"MIB subcomplex (MTX2, MTX3, SAMM50), mitochondrial",3,2,66.67,"O75431, Q5HYI7, Q9Y512","GO:0042407;GO:0044284;GO:0001401;GO:0006626;GO:0006839;GO:0005739",26477565,1.057,1.379,1.398,1.386,1.352,0.418
8676,"MIB subcomplex (DNAJC11, MTX1), mitochondrial",2,2,100,"Q13505, Q9NVH1","GO:0042407;GO:0044284",26477565,-1.074,1.039,1.047,-1.195,-22.544,0.678
8681,"IKBKG-MAVS-TRAF2 complex",3,2,66.67,"Q12933, Q7Z434, Q9Y6K9","GO:0051607;GO:0045087;GO:0002221;GO:0039529;GO:0043331;GO:0032481",23951545,-1.078,1.028,-1.009,-1.118,-1.177,1
8682,"DDX3X-IKBKE-MAVS-TRAF3 complex",4,2,50,"O00571, Q13114, Q14164, Q7Z434","GO:0045087;GO:0002221;GO:0051607;GO:0032481;GO:0039529",27980081,-1.076,-1.031,-1.016,-1.125,-1.226,1
8691,"PRKN-TOMM40 subcomplex, mitochondrial",2,1,50,"O60260, O96008","GO:0000423;GO:0005741",24149440,NA,NA,NA,NA,NA,NA
8692,"PRKN-TOMM70 subcomplex, mitochondrial",2,1,50,"O60260, O94826","GO:0000423",24149440,NA,NA,NA,NA,NA,NA
8693,"DDX58-MAVS-TRIM31 complex",3,1,33.33,"O95786, Q7Z434, Q9BZY9","GO:0045087;GO:0002221;GO:0039529;GO:0051607;GO:0032481;GO:0019048",34239064,NA,NA,NA,NA,NA,NA
8694,"IKBKE-MAVS-TBK1 complex",3,2,66.67,"Q14164, Q7Z434, Q9UHD2","GO:0045087;GO:0002221;GO:0039529;GO:0051607;GO:0032481;GO:0019048",34239064,-1.081,1.125,1.11,-1.014,-1.107,0.584
8695,"DDX58-MAVS-TRAF3-TBK1 complex",4,2,50,"O95786, Q13114, Q7Z434, Q9UHD2","GO:0045087;GO:0002221;GO:0039529;GO:0051607;GO:0043331;GO:0032481;GO:0019048",33372174,-1.081,1.125,1.11,-1.014,-1.107,0.584
8696,"DDX58-MAVS-PPP6C-TRIM14-WHIP complex",5,2,40,"O00743, O95786, Q14142, Q7Z434, Q96S55","GO:0002221;GO:0045087;GO:0039529;GO:0051607;GO:0032481;GO:0005739;GO:0043331",29053956,-1.081,1.196,1.142,1.148,1.089,1
8700,"HRAS-PPP1CC-SHOC2 complex",3,2,66.67,"P01112, P36873, Q9UQ13","GO:0043408;GO:0007265",35768504,-1.164,-1.262,-1.26,-1.463,-1.589,0.389
8701,"KRAS-PPP1CC-SHOC2 complex",3,2,66.67,"P01116, P36873, Q9UQ13","GO:0043408;GO:0007265",35768504,-1.164,-1.262,-1.26,-1.463,-1.589,0.389
8702,"MRAS-PPP1CC-SHOC2 complex (trimer)",3,2,66.67,"O14807, P36873, Q9UQ13","GO:0043408;GO:0007265",35768504,-1.164,-1.262,-1.26,-1.463,-1.589,0.389
8703,"NRAS-PPP1CC-SHOC2 complex",3,3,100,"P01111, P36873, Q9UQ13","GO:0043408;GO:0007265",35768504,-1.173,-1.275,-1.291,-1.574,-1.786,0.047
8704,"MRAS-PPP1CC-SHOC2 complex (hexamer)",3,2,66.67,"O14807, P36873, Q9UQ13","GO:0043408;GO:0007265",35768504,-1.164,-1.262,-1.26,-1.463,-1.589,0.389
8707,"OPTN-TBK1 complex",2,2,100,"Q96CV9, Q9UHD2","GO:0042742;GO:0051607;GO:0045087;GO:0002221;GO:0032728;GO:0043331;GO:0032496",18307994,-1.06,-1.108,-1.078,-1.106,1.033,1
8710,"ALYREF-MYCN complex",2,1,50,"P04198, Q86V81","GO:0005634;GO:0045893",33767157,NA,NA,NA,NA,NA,NA
8712,"HDAC2-MYCN-SP1 complex",3,1,33.33,"P04198, P08047, Q92769","GO:0005634;GO:0045892",20697349,NA,NA,NA,NA,NA,NA
8715,"IKBKE-MAVS complex",2,1,50,"Q14164, Q7Z434","GO:0002221;GO:0045087;GO:0039529;GO:0051607;GO:0031966;GO:0043331;GO:0019048",16731946,NA,NA,NA,NA,NA,NA
8719,"TBK1-TRAF6 complex",2,1,50,"Q9UHD2, Q9Y4K3","GO:0002221;GO:0045087;GO:0039529;GO:0051607;GO:0019048",30530224,NA,NA,NA,NA,NA,NA
8720,"ECSIT-TAK1-TRAF6 complex",3,1,33.33,"O43318, Q9BQ95, Q9Y4K3","GO:0032496;GO:0034142;GO:0002221;GO:0045087;GO:0002224;GO:0051092;GO:0001819",25371197,NA,NA,NA,NA,NA,NA
8721,"DDX3X-IKBKE complex",2,1,50,"O00571, Q14164","GO:0032728;GO:0032481;GO:0045087;GO:0002221;GO:0039535;GO:0051607;GO:0019048",18636090,NA,NA,NA,NA,NA,NA
8722,"TIM23 subcomplex (TIMM17B, TIMM23, TIMM44), mitochondrial",3,1,33.33,"O14925, O43615, O60830","GO:0005743;GO:0005744;GO:0006839;GO:0005739;GO:0006626;GO:0071806;GO:0015031",10339406,NA,NA,NA,NA,NA,NA
8723,"TIM23(sort) complex (ROMO1, TIMM17B, TIMM21, TIMM23, TIMM50), mitochondrial",5,1,20,"O14925, O60830, P60602, Q3ZCQ8, Q9BVV7","GO:0005743;GO:0005744;GO:0006839;GO:0005739;GO:0006626;GO:0015031",30598479,NA,NA,NA,NA,NA,NA
8724,"IFNAR1-IFNAR2-RACK1-STAT1 complex",4,2,50,"P17181, P42224, P48551, P63244","GO:0060338;GO:0009615;GO:0051607;GO:0045087;GO:0002221;GO:0019221;GO:0046425;GO:0019048",12620806,1.16,-1.08,-1.013,-1.023,1.009,1
8725,"AZI2-TBK1 complex",2,1,50,"Q9H6S1, Q9UHD2","GO:0051092;GO:0034612;GO:0032608;GO:0002224;GO:0032496;GO:0034142",14560022,NA,NA,NA,NA,NA,NA
8729,"IRF3-HSP90-TBK1 complex",3,1,33.33,"Q14653, Q76LV2, Q9UHD2","GO:0009615;GO:0045087;GO:0002224;GO:0002221;GO:0051607;GO:0032481",16394098,NA,NA,NA,NA,NA,NA
8730,"BAX-HSP90-IRF3-TOMM70 complex",4,3,75,"O94826, P07900, Q07812, Q14653","GO:0016032;GO:0005741;GO:0006915;GO:0140374",25609812,-1.054,1.009,-1.099,-1.283,-1.319,0.73
8731,"BAX-IRF3 complex",2,1,50,"Q07812, Q14653","GO:0016032;GO:0045087;GO:0006915",25609812,NA,NA,NA,NA,NA,NA
8732,"HSP90-RIG-I complex",2,1,50,"O95786, P07900","GO:0002221;GO:0045087;GO:0039535;GO:0032481;GO:0032728",19234166,NA,NA,NA,NA,NA,NA
8734,"HSP90-IRF3-MAVS-TBK1-TOMM70 complex",5,4,80,"O94826, P07900, Q14653, Q7Z434, Q9UHD2","GO:0005741;GO:0016032;GO:0006915;GO:0140374",20628368,-1.054,1.081,1.082,-1.008,-1.085,0.752
8735,"R2TP complex",4,3,75,"Q9H6T3, Q9NWS0, Q9Y230, Q9Y265","GO:0097255;GO:0065003;GO:0006457;GO:0009615;GO:0045069;GO:0019048",29662061,-1.048,-1.087,-1.17,-1.279,-1.28,0.277
8736,"MAVS-TOMM70 complex",2,2,100,"O94826, Q7Z434","GO:0140374;GO:0005741;GO:0016032",20628368,-1.02,1.166,1.217,1.154,1.056,0.638
8739,"HSP90-TOMM70 complex",2,2,100,"O94826, P07900","GO:0005741;GO:0016032;GO:0140374;GO:0002221;GO:0045087;GO:0051607;GO:0032481;GO:0019048",20628368,-1.005,1.026,1.055,1.032,-1.016,1
8740,"HSP90-IRF3-TBK1 complex",3,2,66.67,"P07900, Q14653, Q9UHD2","GO:0140374;GO:0005741;GO:0016032",20628368,-1.066,-1.01,-1.04,-1.134,-1.187,0.775
8741,"HSP90-IRF3-TBK1-TOMM70 complex",4,3,75,"O94826, P07900, Q14653, Q9UHD2","GO:0140374;GO:0005741;GO:0016032",20628368,-1.066,-1.01,-1.04,-1.134,-1.187,0.988
8742,"CHUK-HSP90-IKBKB-TOMM70 complex",4,4,100,"O14920, O15111, O94826, P07900","GO:0140374;GO:0005741;GO:0016032",20628368,-1.024,-1.033,-1.052,-1.196,-1.248,0.143
8743,"PEX3-PEX19 complex",2,2,100,"P40855, P56589","GO:0036105;GO:0005778;GO:0005737",15007061,1.13,1.15,-1.016,-1.18,-1.123,0.725
8749,"TRMT10A-FTO complex",2,1,50,"Q8TBZ6, Q9C0B1","GO:0030488;GO:0035552",32213595,NA,NA,NA,NA,NA,NA
8750,"MICU1-USP2 complex",2,1,50,"P55851, Q9BPX6","GO:0006851",27642082,NA,NA,NA,NA,NA,NA
8759,"KDM1A-MYCN complex",2,1,50,"O60341, P04198","GO:0006355",26062444,NA,NA,NA,NA,NA,NA
8760,"MAP2K1-WWOX complex",2,1,50,"Q02750, Q9NZC7","GO:0012501;GO:0005764",21901168,NA,NA,NA,NA,NA,NA
8765,"mSin3A corepressor complex",7,4,57.14,"O00422, O75446, Q09028, Q13547, Q16576, Q92769, Q96ST3","GO:0051276;GO:0003677;GO:0006265;GO:0045892;GO:0005634;GO:0016575",9150135,1.033,-1.017,-1.092,-1.329,-1.642,0.485
8766,"NFKB1-RELA-UXT complex",3,3,100,"P19838, Q04206, Q9UBK9","GO:0005634;GO:0006355;GO:0006915",17620405,-17.04,-1.079,-18.136,-18.194,-18.705,0.98
8767,"BCLAF1-TET2 complex",2,1,50,"Q6N021, Q9NYF8","GO:0005634;GO:0044030;GO:0006355",35660018,NA,NA,NA,NA,NA,NA
